<?xml version="1.0" encoding="utf-8"?><bwFrame xmlns:xsi="http://www.w3.org/2001/XMLSchema-instance" xmlns:xsd="http://www.w3.org/2001/XMLSchema" default_layout="noprevnextnosubmit1111000111" textdirection="ltr" device="false"><layouts><layout name="noprevnonextsubmit1111000111" font="Arial" controllayout="noprevnonextsubmit1111000111" colorscheme="noprevnextnosubmit1111000111" string_table="noprevnextnosubmit1111000111" /><layout name="prevnextnosubmit1111000111" font="Arial" controllayout="prevnextnosubmit1111000111" colorscheme="noprevnextnosubmit1111000111" string_table="noprevnextnosubmit1111000111" /><layout name="noprevnextnosubmit1111000111" font="Arial" controllayout="noprevnextnosubmit1111000111" colorscheme="noprevnextnosubmit1111000111" string_table="noprevnextnosubmit1111000111" /><layout name="noprevnonextnosubmit1111000111" font="Arial" controllayout="noprevnonextnosubmit1111000111" colorscheme="noprevnextnosubmit1111000111" string_table="noprevnextnosubmit1111000111" /><layout name="prevnonextnosubmit1111000111" font="Arial" controllayout="prevnonextnosubmit1111000111" colorscheme="noprevnextnosubmit1111000111" string_table="noprevnextnosubmit1111000111" /></layouts><control_options><optiongroups><optiongroup name="sidebaroptions"><options><option name="title_enabled" value="true"><options><option name="title_text" value="LabVIEW核心教程（一）模块8" /></options></option><option name="logo_enabled" value="false"><options><option name="logo_url" value="" /></options></option><option name="sidebar_enabled" value="false"><options><option name="sidebarpos" value="left" /></options></option><optionlist name="tabs"><listitems><listitem name="resources" value="false" group="linkright" /><listitem name="transcript" value="false" group="linkright" /><listitem name="glossary" value="false" group="linkright" /><listitem name="outline" value="true" group="linkright" /></listitems></optionlist><option name="time_enabled" value="false"><options><option name="time_format" value="" /></options></option></options></optiongroup><optiongroup name="menuoptions"><options><option name="flow" value="free" /><option name="wraplistitems" value="false" /><option name="tooltips" value="true" /><option name="autocollapse" value="true" /><option name="autonumber" value="false" /></options></optiongroup><optiongroup name="controls"><options><option name="volume" value="true" /><option name="seekbar" value="true" /><option name="search" value="true" /></options></optiongroup><optiongroup name="bottombaroptions"><options><option name="bottombar_enabled" value="true" /></options></optiongroup></optiongroups></control_options><control_layouts><control_layout name="noprevnonextsubmit1111000111"><control name="volume" enabled="true" /><control name="seekbar" enabled="true" /><control name="replay" enabled="true" /><control name="pauseplay" enabled="true" /><control name="previous" enabled="false" /><control name="next" enabled="false" /><control name="submit" enabled="true" /><control name="resources" enabled="false" /><control name="glossary" enabled="false" /><control name="transcript" enabled="false" /><control name="outline" enabled="true"><controls><control name="search" enabled="true" /></controls></control></control_layout><control_layout name="prevnextnosubmit1111000111"><control name="volume" enabled="true" /><control name="seekbar" enabled="true" /><control name="replay" enabled="true" /><control name="pauseplay" enabled="true" /><control name="previous" enabled="true" /><control name="next" enabled="true" /><control name="submit" enabled="false" /><control name="resources" enabled="false" /><control name="glossary" enabled="false" /><control name="transcript" enabled="false" /><control name="outline" enabled="true"><controls><control name="search" enabled="true" /></controls></control></control_layout><control_layout name="noprevnextnosubmit1111000111"><control name="volume" enabled="true" /><control name="seekbar" enabled="true" /><control name="replay" enabled="true" /><control name="pauseplay" enabled="true" /><control name="previous" enabled="false" /><control name="next" enabled="true" /><control name="submit" enabled="false" /><control name="resources" enabled="false" /><control name="glossary" enabled="false" /><control name="transcript" enabled="false" /><control name="outline" enabled="true"><controls><control name="search" enabled="true" /></controls></control></control_layout><control_layout name="noprevnonextnosubmit1111000111"><control name="volume" enabled="true" /><control name="seekbar" enabled="true" /><control name="replay" enabled="true" /><control name="pauseplay" enabled="true" /><control name="previous" enabled="false" /><control name="next" enabled="false" /><control name="submit" enabled="false" /><control name="resources" enabled="false" /><control name="glossary" enabled="false" /><control name="transcript" enabled="false" /><control name="outline" enabled="true"><controls><control name="search" enabled="true" /></controls></control></control_layout><control_layout name="prevnonextnosubmit1111000111"><control name="volume" enabled="true" /><control name="seekbar" enabled="true" /><control name="replay" enabled="true" /><control name="pauseplay" enabled="true" /><control name="previous" enabled="true" /><control name="next" enabled="false" /><control name="submit" enabled="false" /><control name="resources" enabled="false" /><control name="glossary" enabled="false" /><control name="transcript" enabled="false" /><control name="outline" enabled="true"><controls><control name="search" enabled="true" /></controls></control></control_layout></control_layouts><colorschemes><colorscheme name="noprevnextnosubmit1111000111"><color_group name="timer"><group_colors><color name="duration"><fill type="linear" rotation="90"><colors><color rgb="0x00D7FF" alpha="100" stop="0" /><color rgb="0x00ABFF" alpha="100" stop="255" /></colors></fill></color><color name="elapsed"><fill type="linear" rotation="90"><colors><color rgb="0xFEE347" alpha="100" stop="0" /><color rgb="0xFCCC2A" alpha="100" stop="255" /></colors></fill></color><color name="stroke"><fill type="linear" rotation="90"><colors><color rgb="0xC7C7C7" alpha="100" stop="0" /></colors></fill></color><color name="inner"><fill type="linear" rotation="90"><colors><color rgb="0xFFFFFF" alpha="100" stop="0" /></colors></fill></color><color name="text"><fill type="linear" rotation="90"><colors><color rgb="0xFFFFFF" alpha="100" stop="0" /></colors></fill></color></group_colors></color_group><color_group name="window"><group_colors><color name="text"><fill type="linear" rotation="90"><colors><color rgb="0x000000" alpha="100" stop="0" /></colors></fill></color><color name="inner"><fill type="linear" rotation="90"><colors><color rgb="0x0D0D0D" alpha="100" stop="0" /><color rgb="0xCFCFCF" alpha="100" stop="255" /></colors></fill></color><color name="bg"><fill type="linear" rotation="90"><colors><color rgb="0x808080" alpha="100" stop="0" /></colors></fill></color><color name="diva"><fill type="linear" rotation="90"><colors><color rgb="0x000000" alpha="100" stop="0" /></colors></fill></color><color name="divb"><fill type="linear" rotation="90"><colors><color rgb="0x000000" alpha="100" stop="0" /></colors></fill></color><color name="shadow"><fill type="linear" rotation="90"><colors><color rgb="0x000000" alpha="20" stop="0" /></colors></fill></color></group_colors></color_group><color_group name="editor"><group_colors><color name="slide_text"><fill type="linear" rotation="90"><colors><color rgb="0x000000" alpha="100" stop="0" /></colors></fill></color><color name="html_text"><fill type="linear" rotation="90"><colors><color rgb="0xFFFFFF" alpha="100" stop="0" /></colors></fill></color><color name="btn_bg"><fill type="linear" rotation="90"><colors><color rgb="0xA6A6A6" alpha="100" stop="0" /><color rgb="0x808080" alpha="100" stop="255" /></colors></fill></color><color name="btn_hover"><fill type="linear" rotation="90"><colors><color rgb="0xF2F2F2" alpha="100" stop="0" /><color rgb="0xAFAFAF" alpha="100" stop="255" /></colors></fill></color><color name="btn_down"><fill type="linear" rotation="90"><colors><color rgb="0xC7C7C7" alpha="100" stop="0" /><color rgb="0xF4F4F4" alpha="100" stop="255" /></colors></fill></color><color name="btn_border"><fill type="linear" rotation="90"><colors><color rgb="0xB1B1B1" alpha="100" stop="0" /></colors></fill></color><color name="btn_text"><fill type="linear" rotation="90"><colors><color rgb="0x000000" alpha="100" stop="0" /></colors></fill></color><color name="btn_text_shadow"><fill type="linear" rotation="90"><colors><color rgb="0xF0F0F0" alpha="100" stop="0" /></colors></fill></color></group_colors></color_group><color_group name="listitem"><group_colors><color name="selected_text"><fill type="linear" rotation="90"><colors><color rgb="0xFFFFFF" alpha="100" stop="0" /></colors></fill></color><color name="lines"><fill type="linear" rotation="90"><colors><color rgb="0xDFDFDF" alpha="100" stop="0" /></colors></fill></color><color name="hover"><fill type="linear" rotation="90"><colors><color rgb="0x005595" alpha="100" stop="0" /></colors></fill></color><color name="viewed"><fill type="linear" rotation="90"><colors><color rgb="0xBFBFBF" alpha="100" stop="0" /></colors></fill></color><color name="text"><fill type="linear" rotation="90"><colors><color rgb="0xFFFFFF" alpha="100" stop="0" /></colors></fill></color><color name="selected"><fill type="linear" rotation="90"><colors><color rgb="0x005595" alpha="100" stop="0" /></colors></fill></color><color name="shadow"><fill type="linear" rotation="90"><colors><color rgb="0xFFFFFF" alpha="100" stop="0" /></colors></fill></color></group_colors></color_group><color_group name="base"><group_colors><color name="text"><fill type="linear" rotation="90"><colors><color rgb="0xFFFFFF" alpha="100" stop="0" /></colors></fill></color><color name="diva"><fill type="linear" rotation="90"><colors><color rgb="0xFFFFFF" alpha="100" stop="0" /></colors></fill></color><color name="divb"><fill type="linear" rotation="90"><colors><color rgb="0xF7F7F7" alpha="100" stop="0" /></colors></fill></color><color name="bg"><fill type="linear" rotation="90"><colors><color rgb="0x055FA3" alpha="100" stop="0" /><color rgb="0x055FA3" alpha="100" stop="255" /></colors></fill></color><color name="border"><fill type="linear" rotation="90"><colors><color rgb="0x055FA3" alpha="100" stop="0" /><color rgb="0x055FA3" alpha="100" stop="255" /></colors></fill></color><color name="menu_shade"><fill type="linear" rotation="90"><colors><color rgb="0xFFFFFF" alpha="100" stop="0" /><color rgb="0x111111" alpha="100" stop="255" /></colors></fill></color><color name="slide_bg"><fill type="linear" rotation="90"><colors><color rgb="0xE9E9E9" alpha="100" stop="0" /><color rgb="0xCFCFCF" alpha="100" stop="255" /></colors></fill></color></group_colors></color_group><color_group name="button"><group_colors><color name="btn_bg"><fill type="linear" rotation="90"><colors><color rgb="0x111111" alpha="100" stop="0" /><color rgb="0x111111" alpha="100" stop="255" /></colors></fill></color><color name="btn_hover"><fill type="linear" rotation="90"><colors><color rgb="0xFFBB00" alpha="100" stop="0" /><color rgb="0xFFBB00" alpha="100" stop="255" /></colors></fill></color><color name="btn_down"><fill type="linear" rotation="90"><colors><color rgb="0x000000" alpha="100" stop="0" /><color rgb="0x808080" alpha="100" stop="255" /></colors></fill></color><color name="btn_border"><fill type="linear" rotation="90"><colors><color rgb="0x111111" alpha="100" stop="0" /></colors></fill></color><color name="btn_text"><fill type="linear" rotation="90"><colors><color rgb="0xFFFFFF" alpha="100" stop="0" /></colors></fill></color><color name="btn_text_shadow"><fill type="linear" rotation="90"><colors><color rgb="0xF0F0F0" alpha="0" stop="0" /></colors></fill></color><color name="btn_icon_color"><fill type="linear" rotation="90"><colors><color rgb="0xFFFFFF" alpha="100" stop="0" /></colors></fill></color><color name="btn_glow"><fill type="linear" rotation="90"><colors><color rgb="0xCFCFCF" alpha="100" stop="0" /></colors></fill></color></group_colors></color_group><color_group name="checkbox"><group_colors><color name="border"><fill type="linear" rotation="90"><colors><color rgb="0xB8B8B8" alpha="100" stop="0" /></colors></fill></color><color name="bg"><fill type="linear" rotation="90"><colors><color rgb="0xFFFFFF" alpha="100" stop="0" /></colors></fill></color><color name="check"><fill type="linear" rotation="90"><colors><color rgb="0x33CC00" alpha="100" stop="0" /></colors></fill></color><color name="text"><fill type="linear" rotation="90"><colors><color rgb="0x111111" alpha="100" stop="0" /></colors></fill></color><color name="hover"><fill type="linear" rotation="90"><colors><color rgb="0x6BF8FF" alpha="100" stop="0" /></colors></fill></color></group_colors></color_group><color_group name="logo"><group_colors><color name="bg"><fill type="linear" rotation="90"><colors><color rgb="0xFFFFFF" alpha="100" stop="0" /></colors></fill></color><color name="shadow"><fill type="linear" rotation="90"><colors><color rgb="0xB8B8B8" alpha="100" stop="0" /></colors></fill></color></group_colors></color_group><color_group name="menu"><group_colors><color name="bg"><fill type="linear" rotation="90"><colors><color rgb="0x111111" alpha="100" stop="0" /></colors></fill></color><color name="shadow"><fill type="linear" rotation="90"><colors><color rgb="0xFFBB00" alpha="100" stop="0" /></colors></fill></color></group_colors></color_group><color_group name="scrollarea"><group_colors><color name="bg"><fill type="linear" rotation="0"><colors><color rgb="0xDEDEDE" alpha="100" stop="0" /><color rgb="0xE8E8E8" alpha="100" stop="128" /></colors></fill></color><color name="border"><fill type="linear" rotation="90"><colors><color rgb="0xF6F6F6" alpha="100" stop="0" /><color rgb="0xF3F3F3" alpha="100" stop="255" /></colors></fill></color><color name="button_bg"><fill type="linear" rotation="90"><colors><color rgb="0xC4C4C4" alpha="100" stop="0" /><color rgb="0xB2B2B2" alpha="100" stop="255" /></colors></fill></color><color name="button_inner"><fill type="linear" rotation="90"><colors><color rgb="0xCBCBCB" alpha="100" stop="0" /><color rgb="0xBABABA" alpha="100" stop="255" /></colors></fill></color><color name="button_border"><fill type="linear" rotation="90"><colors><color rgb="0xB8B8B8" alpha="100" stop="0" /></colors></fill></color><color name="icons"><fill type="linear" rotation="90"><colors><color rgb="0x555555" alpha="100" stop="0" /></colors></fill></color><color name="shadow"><fill type="linear" rotation="90"><colors><color rgb="0xD9D9D9" alpha="100" stop="0" /></colors></fill></color><color name="detaila"><fill type="linear" rotation="90"><colors><color rgb="0xA7A7A7" alpha="100" stop="0" /></colors></fill></color><color name="detailb"><fill type="linear" rotation="90"><colors><color rgb="0xCFCFCF" alpha="100" stop="0" /></colors></fill></color></group_colors></color_group><color_group name="searchinput"><group_colors><color name="bg"><fill type="linear" rotation="90"><colors><color rgb="0xDFDFDF" alpha="100" stop="0" /></colors></fill></color><color name="border"><fill type="linear" rotation="90"><colors><color rgb="0xADADAD" alpha="100" stop="0" /><color rgb="0xFAFAFA" alpha="100" stop="255" /></colors></fill></color><color name="icon"><fill type="linear" rotation="90"><colors><color rgb="0x8A8A8A" alpha="100" stop="0" /></colors></fill></color><color name="button_hover"><fill type="linear" rotation="90"><colors><color rgb="0xF5F5F5" alpha="100" stop="0" /><color rgb="0xC7C7C7" alpha="100" stop="255" /></colors></fill></color><color name="hover_glow"><fill type="linear" rotation="90"><colors><color rgb="0x6BF8FF" alpha="100" stop="0" /></colors></fill></color><color name="search_text"><fill type="linear" rotation="90"><colors><color rgb="0x808080" alpha="100" stop="0" /></colors></fill></color><color name="bg_active"><fill type="linear" rotation="90"><colors><color rgb="0xFAFAFA" alpha="100" stop="0" /></colors></fill></color><color name="text_active"><fill type="linear" rotation="90"><colors><color rgb="0x0D0D0D" alpha="100" stop="0" /></colors></fill></color></group_colors></color_group><color_group name="seekcontrol"><group_colors><color name="bg"><fill type="linear" rotation="90"><colors><color rgb="0x111111" alpha="100" stop="0" /><color rgb="0x111111" alpha="100" stop="255" /></colors></fill></color><color name="border"><fill type="linear" rotation="90"><colors><color rgb="0xB1B1B1" alpha="100" stop="0" /></colors></fill></color><color name="text_color"><fill type="linear" rotation="90"><colors><color rgb="0x808080" alpha="100" stop="0" /></colors></fill></color><color name="seek_border"><fill type="linear" rotation="90"><colors><color rgb="0xB8B8B8" alpha="100" stop="0" /><color rgb="0xEEEEEE" alpha="100" stop="255" /></colors></fill></color><color name="seek_bg"><fill type="linear" rotation="90"><colors><color rgb="0x808080" alpha="100" stop="0" /></colors></fill></color><color name="seek_position"><fill type="linear" rotation="90"><colors><color rgb="0xFFFFFF" alpha="100" stop="0" /></colors></fill></color><color name="btn_icon_color"><fill type="linear" rotation="90"><colors><color rgb="0xFFFFFF" alpha="100" stop="0" /></colors></fill></color><color name="btn_icon_hover"><fill type="linear" rotation="90"><colors><color rgb="0xFFBB00" alpha="100" stop="0" /></colors></fill></color><color name="btn_icon_shadow"><fill type="linear" rotation="90"><colors><color rgb="0xF0F0F0" alpha="0" stop="0" /></colors></fill></color></group_colors></color_group><color_group name="tabs"><group_colors><color name="bg"><fill type="linear" rotation="90"><colors><color rgb="0xF3F3F3" alpha="100" stop="0" /></colors></fill></color><color name="text"><fill type="linear" rotation="90"><colors><color rgb="0xFFFFFF" alpha="100" stop="0" /></colors></fill></color><color name="selected"><fill type="linear" rotation="90"><colors><color rgb="0xFFFFFF" alpha="100" stop="0" /></colors></fill></color><color name="hover"><fill type="linear" rotation="90"><colors><color rgb="0xFFBB00" alpha="100" stop="0" /></colors></fill></color><color name="shadow"><fill type="linear" rotation="90"><colors><color rgb="0xF0F0F0" alpha="100" stop="0" /></colors></fill></color></group_colors></color_group><color_group name="transcript"><group_colors><color name="div"><fill type="linear" rotation="90"><colors><color rgb="0xE1E1E1" alpha="100" stop="0" /></colors></fill></color><color name="heading_text"><fill type="linear" rotation="90"><colors><color rgb="0xFFFFFF" alpha="100" stop="0" /></colors></fill></color></group_colors></color_group><color_group name="outline"><group_colors><color name="diva"><fill type="linear" rotation="90"><colors><color rgb="0xC6C6C6" alpha="100" stop="0" /></colors></fill></color><color name="divb"><fill type="linear" rotation="90"><colors><color rgb="0xF9F9F9" alpha="100" stop="0" /></colors></fill></color><color name="divc"><fill type="linear" rotation="90"><colors><color rgb="0xE1E1E1" alpha="100" stop="0" /></colors></fill></color><color name="icon_color"><fill type="linear" rotation="90"><colors><color rgb="0xFF0000" alpha="100" stop="0" /></colors></fill></color><color name="search_text"><fill type="linear" rotation="90"><colors><color rgb="0x808080" alpha="100" stop="0" /></colors></fill></color><color name="search_hover"><fill type="linear" rotation="90"><colors><color rgb="0x0000EE" alpha="100" stop="0" /></colors></fill></color></group_colors></color_group><color_group name="resource"><group_colors><color name="separator"><fill type="linear" rotation="90"><colors><color rgb="0x808080" alpha="100" stop="0" /></colors></fill></color></group_colors></color_group><color_group name="glossary"><group_colors><color name="selected_text"><fill type="linear" rotation="90"><colors><color rgb="0xFFFFFF" alpha="100" stop="0" /></colors></fill></color><color name="selected"><fill type="linear" rotation="90"><colors><color rgb="0x7B7B7B" alpha="100" stop="0" /></colors></fill></color><color name="text"><fill type="linear" rotation="90"><colors><color rgb="0xFFFFFF" alpha="100" stop="0" /></colors></fill></color><color name="hover"><fill type="linear" rotation="90"><colors><color rgb="0xFFBB00" alpha="100" stop="0" /></colors></fill></color><color name="diva"><fill type="linear" rotation="90"><colors><color rgb="0xE2E2E2" alpha="100" stop="0" /></colors></fill></color><color name="divb"><fill type="linear" rotation="90"><colors><color rgb="0xE2E2E2" alpha="100" stop="0" /></colors></fill></color><color name="divc"><fill type="linear" rotation="90"><colors><color rgb="0xFAFAFA" alpha="100" stop="0" /></colors></fill></color><color name="bg"><fill type="linear" rotation="90"><colors><color rgb="0x111111" alpha="100" stop="0" /></colors></fill></color><color name="heading_text"><fill type="linear" rotation="90"><colors><color rgb="0xFFFFFF" alpha="100" stop="0" /></colors></fill></color></group_colors></color_group><color_group name="volume"><group_colors><color name="thumb_border"><fill type="linear" rotation="90"><colors><color rgb="0xA5A5A5" alpha="100" stop="0" /></colors></fill></color><color name="thumb_inner"><fill type="linear" rotation="90"><colors><color rgb="0xD4D4D4" alpha="100" stop="0" /></colors></fill></color><color name="thumb_bg"><fill type="linear" rotation="90"><colors><color rgb="0xC8C8C8" alpha="100" stop="0" /></colors></fill></color><color name="slider_border"><fill type="linear" rotation="90"><colors><color rgb="0xF2F2F2" alpha="100" stop="0" /></colors></fill></color><color name="slider_bg"><fill type="linear" rotation="90"><colors><color rgb="0x111111" alpha="100" stop="0" /><color rgb="0x111111" alpha="100" stop="128" /><color rgb="0xC3C3C3" alpha="100" stop="255" /></colors></fill></color></group_colors></color_group><color_group name="HTML"><group_colors><color name="htmlpage_bg_color"><fill type="linear" rotation="90"><colors><color rgb="0xFFFFFF" alpha="100" stop="0" /></colors></fill></color></group_colors></color_group></colorscheme></colorschemes><string_tables><string_table name="noprevnextnosubmit1111000111"><string id="prev">上一个</string><string id="next">下一页</string><string id="submit">提交</string><string id="outline">菜单</string><string id="resources">资源</string><string id="glossary">词汇表</string><string id="transcript">注释</string><string id="clear">清晰返回菜单</string><string id="search_results">搜索结果</string><string id="filter">过滤器</string><string id="slide_text_chk">幻灯片文本</string><string id="transcript_chk">注释</string><string id="search_in">搜索：</string><string id="check_include">检查包括</string><string id="search">搜索...</string><string id="terms">条款</string><string id="definition">定义</string><string id="acc_definition">定义</string><string id="acc_resources">资源</string><string id="acc_search_input">搜索</string><string id="acc_pause">暂停</string><string id="acc_play">播放</string><string id="acc_replay">重播</string><string id="acc_submit">提交</string><string id="acc_next">下一步</string><string id="acc_previous">上一页</string><string id="acc_volume">量</string></string_table></string_tables><sounds enabled="false" /><nav_data><outline><links><slidelink slideid="_player.6kSMbuiAvPF" displaytext="LabVIEW核心教程 模块8" expand="true"><links><slidelink slideid="_player.6kSMbuiAvPF.5rKSZ4Cw3yj" displaytext="学习目标" expand="true" /><slidelink slideid="_player.6kSMbuiAvPF.6Lu1ZrqWbve" displaytext="状态机基本结构" expand="true" /><slidelink slideid="_player.6kSMbuiAvPF.6fVhmdDZGcF" displaytext="状态转移" expand="true" /><slidelink slideid="_player.6kSMbuiAvPF.640jobPQK6H" displaytext="单个默认转移" expand="true" /><slidelink slideid="_player.6kSMbuiAvPF.6TWwbznyOxY" displaytext="选择函数转移" expand="true" /><slidelink slideid="_player.6kSMbuiAvPF.5on0XknVpUv" displaytext="条件结构转换" expand="true" /><slidelink slideid="_player.6kSMbuiAvPF.5cU6bPLyTlO" displaytext="转移数组" expand="true" /><slidelink slideid="_player.6kSMbuiAvPF.6L0txwi1X5a" displaytext="总结 " expand="true" /></links></slidelink></links></outline><search><slidetext slideid="6kSMbuiAvPF.5rKSZ4Cw3yj" slidebank="false">在状态之间实现转移 了解状态机的各个组成部分 labview核心教程（一）模块8 学习目标 创建状态机 开始 + 1/8 </slidetext><slidetext slideid="6kSMbuiAvPF.6Lu1ZrqWbve" slidebank="false">1/8 2/8 状态机基本结构 while循环 状态数据 移位寄存器 自定义类型 状态数据簇 自定义类型 状态枚举 状态 移位寄存器 条件结构 单击各个部分了解详细信息。  条件结构: 状态机的每个状态是通过条件结构的条件分支表示的。 关闭  while循环： while循环实现状态转移图的流程结构。 关闭  状态 移位寄存器： 保存的值在下一次while循环时传递至条件分支的选择器接线端。 关闭  状态数据 移位寄存器： 在各个状态转移之间保存和传递状态数据。在状态分支中更新该数据，数据可与其他分支共享。 关闭  自定义类型 状态数据簇： 使用“状态数据”自定义类型，在状态机的各个状态分支中使用状态数据， 实现功能代码。 关闭  自定义类型 状态枚举： 使用自定义枚举型常量创建状态机的状态列表。 关闭 </slidetext><slidetext slideid="6kSMbuiAvPF.6fVhmdDZGcF" slidebank="false">单个默认转移 + 单个函数转移 条件结构转移 转移数组 状态转移 1/8 2/8 3/8 错误 时间检查 数据记录 分析 采集  初始化 </slidetext><slidetext slideid="6kSMbuiAvPF.640jobPQK6H" slidebank="false">初始化 单个默认转移 单击各个部分了解详细信息。 1/8 2/8 3/8 4/8 错误 时间检查 数据记录 分析 采集   初始化   下一页 next  </slidetext><slidetext slideid="6kSMbuiAvPF.6TWwbznyOxY" slidebank="false">采集  选择函数转移 单击各个部分了解详细信息。 1/8 2/8 3/8 4/8 5/8 错误 时间检查 数据记录 分析 初始化  采集      </slidetext><slidetext slideid="6kSMbuiAvPF.5on0XknVpUv" slidebank="false">分析 条件结构转换 单击各个部分了解详细信息。 1/8 2/8 3/8 4/8 5/8 6/8 错误 时间检查 数据记录 采集  初始化  分析       下一页 next  </slidetext><slidetext slideid="6kSMbuiAvPF.5cU6bPLyTlO" slidebank="false">转移数组 分析 单击各个部分了解详细信息。 1/8 2/8 3/8 4/8 5/8 6/8 7/8 错误 时间检查 数据记录 采集  初始化  分析  错误 数据记录 分析 采集  初始化 + 返回枚举数组中的元素，元素的索引由analysis vi的输出指定。      </slidetext><slidetext slideid="6kSMbuiAvPF.6L0txwi1X5a" slidebank="false">状态机基本结构 总结 单个默认转移 + 单个函数转移 条件结构转移 转移数组 如何在状态之间实现转移： 1/8 2/8 3/8 4/8 5/8 6/8 7/8 8/8 while循环 while loop 状态数据 移位寄存器 state data shift register 自定义类型 状态数据簇 type-defined state data cluster 自定义类型 状态枚举 type-defined state enum 状态 移位寄存器 state shift register case structure </slidetext></search></nav_data><resource_data description="" /><transcript_data><slidetranscripts><slidetranscript slideid="6kSMbuiAvPF.5rKSZ4Cw3yj" slidebank="false">&lt;html&gt;&lt;p dir='LTR' align='left'&gt;&lt;textformat leading='1' tabstops='[48, 96]' leftmargin='0' indent='0'&gt;&lt;font face='SimHei' size='11.64pt' color='#ffffff'&gt;完成“创建状态机”模块后，您将能够了解状态机的组成及实现状态间的转移。&lt;/font&gt;&lt;font face='Articulate' size='11.64pt' color='#000000'&gt;&lt;/font&gt;&lt;/textformat&gt;&lt;/p&gt;&lt;/html&gt;</slidetranscript><slidetranscript slideid="6kSMbuiAvPF.6Lu1ZrqWbve" slidebank="false">&lt;html&gt;&lt;p dir='LTR' align='left'&gt;&lt;textformat leading='1' tabstops='[48, 96]' leftmargin='0' indent='0'&gt;&lt;font face='SimHei' size='11.64pt' color='#ffffff'&gt;将状态转移图在LabVIEW程序框图中实现，需要下列基本组件。单击各个部分了解详细信息。&lt;br&gt;&lt;/font&gt;&lt;/textformat&gt;&lt;/p&gt;&lt;p dir='LTR' align='left'&gt;&lt;textformat leading='1' tabstops='[0, 48, 96]' leftmargin='27' indent='-27'&gt;&lt;font face='SimHei' size='11.64pt' color='#ffffff'&gt;While循环实现状态转移图的流程结构。该结构重复执行条件结构，直至满足指定条件。&lt;br&gt;状态机的每个状态是通过条件结构的条件分支表示的。每个条件分支包含状态功能代码（即状态的主要操作）和转移代码（即判定下一个要执行的状态）。&lt;br&gt;·&lt;tab&gt;&lt;/tab&gt;控制状态机初始化和转移的最佳方法是使用自定义类型枚举控件。&lt;br&gt;&lt;/font&gt;&lt;/textformat&gt;&lt;/p&gt;&lt;p dir='LTR' align='left'&gt;&lt;textformat leading='1' tabstops='[48, 96]' leftmargin='0' indent='0'&gt;&lt;font face='SimHei' size='11.64pt' color='#ffffff'&gt;通过自定义枚举控件控制状态转移的两大优势是：首先，用户可轻松更新条件结构，使其包含与枚举项对应的条件分支。其次，自定义枚举控件能够确保：当用户添加或移除状态时，应用中的每个枚举的实例都被更新。&lt;br&gt;&lt;/font&gt;&lt;/textformat&gt;&lt;/p&gt;&lt;p dir='LTR' align='left'&gt;&lt;textformat leading='1' tabstops='[0, 48, 96]' leftmargin='27' indent='-27'&gt;&lt;font face='Times New Roman' size='11.64pt' color='#ffffff'&gt;·&lt;/font&gt;&lt;font face='SimHei' size='11.64pt' color='#ffffff'&gt;&lt;tab&gt;&lt;/tab&gt;状态移位寄存器保持追踪状态机的当前状态。每个条件分支的转移代码将更新状态移位寄存器的值，以指示下一个要执行的状态。&lt;br&gt;·&lt;tab&gt;&lt;/tab&gt;自定义状态数据簇定义将用于状态机各个状态的数据。与枚举控件相似，应自定义该簇，以确保用户执行的任何更改（添加或移除状态）将被传递至簇的全部实例。&lt;br&gt;&lt;/font&gt;&lt;/textformat&gt;&lt;/p&gt;&lt;p dir='LTR' align='left'&gt;&lt;textformat leading='1' tabstops='[48, 96]' leftmargin='0' indent='0'&gt;&lt;font face='SimHei' size='11.64pt' color='#ffffff'&gt;状态数据移位寄存器存储将用于状态机各个状态的数据。每个条件分支的状态功能代码将使用并可能更新存储在该移位寄存器内的数据。&lt;/font&gt;&lt;font face='Articulate' size='11.64pt' color='#000000'&gt;&lt;/font&gt;&lt;/textformat&gt;&lt;/p&gt;&lt;/html&gt;</slidetranscript><slidetranscript slideid="6kSMbuiAvPF.6fVhmdDZGcF" slidebank="false">&lt;html&gt;&lt;p dir='LTR' align='left'&gt;&lt;textformat leading='1' tabstops='[48, 96]' leftmargin='0' indent='0'&gt;&lt;font face='SimHei' size='11.64pt' color='#ffffff'&gt;此处为某范例应用程序的状态转移图。&lt;br&gt;定义状态后，必需执行代码以处理状态间的转移。&lt;br&gt;根据可能的下一个状态的数量，通过下列方法控制下一个要执行的状态：&lt;br&gt;&lt;/font&gt;&lt;/textformat&gt;&lt;/p&gt;&lt;p dir='LTR' align='left'&gt;&lt;textformat leading='1' tabstops='[0, 48, 96]' leftmargin='27' indent='-27'&gt;&lt;font face='Times New Roman' size='11.64pt' color='#ffffff'&gt;·&lt;/font&gt;&lt;font face='SimHei' size='11.64pt' color='#ffffff'&gt;&lt;tab&gt;&lt;/tab&gt;单个默认转移&lt;br&gt;·&lt;tab&gt;&lt;/tab&gt;单个选择函数转移&lt;br&gt;·&lt;tab&gt;&lt;/tab&gt;条件结构转移，或 &lt;br&gt;·&lt;tab&gt;&lt;/tab&gt;转移数组&lt;br&gt;&lt;/font&gt;&lt;/textformat&gt;&lt;/p&gt;&lt;p dir='LTR' align='left'&gt;&lt;textformat leading='1' tabstops='[48, 96]' leftmargin='0' indent='0'&gt;&lt;font face='SimHei' size='11.64pt' color='#ffffff'&gt;根据您要实现的状态机的功能和复杂程度，选择一种合适的实现方法。&lt;/font&gt;&lt;font face='Articulate' size='11.64pt' color='#000000'&gt;&lt;/font&gt;&lt;/textformat&gt;&lt;/p&gt;&lt;/html&gt;</slidetranscript><slidetranscript slideid="6kSMbuiAvPF.640jobPQK6H" slidebank="false">&lt;html&gt;&lt;p dir='LTR' align='left'&gt;&lt;textformat leading='1' tabstops='[48, 96]' leftmargin='0' indent='0'&gt;&lt;font face='SimHei' size='11.64pt' color='#ffffff'&gt;对于单个默认转移，仅有一个可能的下一个状态。此处为一个使用默认转移的设计。 &lt;br&gt;单击条件结构和条件结构内的枚举控件，查看其与状态转移图中状态及转移的对应关系。&lt;br&gt;&lt;br&gt;请单击下一页继续。&lt;br&gt;&lt;/font&gt;&lt;/textformat&gt;&lt;/p&gt;&lt;p dir='LTR' align='left'&gt;&lt;textformat leading='1' tabstops='[48, 96]' leftmargin='0' indent='0'&gt;&lt;font face='SimHei' size='11.64pt' color='#ffffff'&gt;如果状态机的下一状态取决于状态功能代码的运行结果，应该如何处理？&lt;/font&gt;&lt;font face='Articulate' size='11.64pt' color='#000000'&gt;&lt;/font&gt;&lt;/textformat&gt;&lt;/p&gt;&lt;/html&gt;</slidetranscript><slidetranscript slideid="6kSMbuiAvPF.6TWwbznyOxY" slidebank="false">&lt;html&gt;&lt;p dir='LTR' align='left'&gt;&lt;textformat leading='1' tabstops='[48, 96]' leftmargin='0' indent='0'&gt;&lt;font face='SimHei' size='11.64pt' color='#ffffff'&gt;此处用于转移状态的Select（选择）函数是基于Analysis VI是否生成错误。&lt;br&gt;如仅存在两个可能的下一状态，此方法适用。 &lt;br&gt;单击条件结构或条件结构内的任意枚举控件，查看其与状态转移图中状态及转移的对应关系。&lt;br&gt;&lt;/font&gt;&lt;/textformat&gt;&lt;/p&gt;&lt;p dir='LTR' align='left'&gt;&lt;textformat leading='1' tabstops='[48, 96]' leftmargin='0' indent='0'&gt;&lt;font face='SimHei' size='11.64pt' color='#ffffff'&gt;但假如需要一个更具延展性的解决方案（即可选择两个以上的状态），应如何操作？下一转移图为您提供了解答。&lt;/font&gt;&lt;font face='Articulate' size='11.64pt' color='#000000'&gt;&lt;/font&gt;&lt;/textformat&gt;&lt;/p&gt;&lt;/html&gt;</slidetranscript><slidetranscript slideid="6kSMbuiAvPF.5on0XknVpUv" slidebank="false">&lt;html&gt;&lt;p dir='LTR' align='left'&gt;&lt;textformat leading='1' tabstops='[48, 96]' leftmargin='0' indent='0'&gt;&lt;font face='SimHei' size='11.64pt' color='#ffffff'&gt;如需要代码能转移至多个状态，则推荐使用条件结构转移。 &lt;br&gt;此处功能与Select函数转移类似，不同之处在于，我们基于Analysis VI的输出值选择状态。 &lt;br&gt;随着应用程序的扩展，为某状态的条件结构添加更多的分支，可为该状态添加更多的转移。 &lt;br&gt;单击外层条件结构和内层条件结构中的枚举控件，查看其与状态转移图中状态及转移的对应关系。单击内层条件结构的条件选择器标签切换条件分支。&lt;br&gt;请单击下一页继续。&lt;br&gt;&lt;br&gt;&lt;br&gt;条件结构转移方法为最具有扩展性的状态机架构。&lt;br&gt;&lt;/font&gt;&lt;/textformat&gt;&lt;/p&gt;&lt;p dir='LTR' align='left'&gt;&lt;textformat leading='1' tabstops='[48, 96]' leftmargin='0' indent='0'&gt;&lt;font face='SimHei' size='11.64pt' color='#ffffff'&gt;使用条件结构的劣势是不能同时显示全部转移代码。 &lt;/font&gt;&lt;font face='Articulate' size='11.64pt' color='#000000'&gt;&lt;/font&gt;&lt;/textformat&gt;&lt;/p&gt;&lt;/html&gt;</slidetranscript><slidetranscript slideid="6kSMbuiAvPF.5cU6bPLyTlO" slidebank="false">&lt;html&gt;&lt;p dir='LTR' align='left'&gt;&lt;textformat leading='1' tabstops='[48, 96]' leftmargin='0' indent='0'&gt;&lt;font face='SimHei' size='11.64pt' color='#ffffff'&gt;如需要显示比条件结构允许更多的代码，可为所有待发生的转移创建一个转移数组。&lt;br&gt;在本范例中，决策代码提供了描述下一个状态的索引。例如，如代码将进入Error状态，决策代码输出数值1至Index Array（索引数组）函数的索引输入端。 &lt;br&gt;该设计模式使转移代码具有可扩展性且方便阅读。 &lt;br&gt;此模式的劣势是，较难正确维护大型数组的索引，且数组将占用大量的程序框图空间。&lt;br&gt;单击外层的条件结构或条件结构内的任意枚举控件，查看其与状态转移图中状态及转移的对应关系。&lt;br&gt;&lt;/font&gt;&lt;/textformat&gt;&lt;/p&gt;&lt;p dir='LTR' align='left'&gt;&lt;textformat leading='1' tabstops='[48, 96]' leftmargin='0' indent='0'&gt;&lt;font face='SimHei' size='11.64pt' color='#ffffff'&gt;请单击下一页继续。&lt;/font&gt;&lt;font face='Articulate' size='11.64pt' color='#000000'&gt;&lt;/font&gt;&lt;/textformat&gt;&lt;/p&gt;&lt;/html&gt;</slidetranscript><slidetranscript slideid="6kSMbuiAvPF.6L0txwi1X5a" slidebank="false">&lt;html&gt;&lt;p dir='LTR' align='left'&gt;&lt;textformat leading='1' tabstops='[48, 96]' leftmargin='0' indent='0'&gt;&lt;font face='SimHei' size='11.64pt' color='#ffffff'&gt;您已经完成本模块，以下是所学内容的总结。 &lt;/font&gt;&lt;font face='Articulate' size='11.64pt' color='#000000'&gt;&lt;/font&gt;&lt;/textformat&gt;&lt;/p&gt;&lt;/html&gt;</slidetranscript></slidetranscripts></transcript_data><glossary_data /></bwFrame>