﻿<?xml version="1.0" encoding="utf-8"?><bwFonts xmlns:xsi="http://www.w3.org/2001/XMLSchema-instance" xmlns:xsd="http://www.w3.org/2001/XMLSchema"><font id="00" name="SimSunBold Charset1"><glyphs><g i="0" p="#^DE9h%DExj%tMxj%tM9h^ICTb%xEKc%pMKc%mNNb%aPhd%iO3eiOmjpOZk%tMRl%tMBk%DEBk%DEnl%IC1mOCojOC3hOCJeICTb^DENd%DE5g%tM5g%tMNd^DxCm%uPCm%0Ral%hTFn%CJFn%CJrq%eOrq%APbp%FRur%CJur%CJ$u7LqviOtvtRwvMTdv%MT8w0SxwPRJxULwxwJNw8H3wCFUu5EJtbDfswBdwHx$x%kxqxzBbuFCFn%cF7pzEIpiE8q2EAqGDvrcFltMHyu%MHFn%1BFnPzFnFyYn" /><g i="1" p="%^wJ6hwJQk#wJ0mCJinuHYn#GHDkGHijGHug#VF5jtDLk#1BpmTxtnJxJm#IA6l9D1j#DFXgAHnewBne#BAneqzFeoyjdhPjdQQTb5TneSJne#_IffLIufbKog^qKYg#FRujqSDk#bTMlPSJm#sSFnvRGm#zQHlSOsk#9NdjgKIh^1Coy#7Cyv7C_s#7Cpq1CznTDqoGNqoPOtnvQ3pKPKpKPXt#KPqvRPlxON5yONUv3EUv3EDx^3Eup3ERuONRuONup" /><g i="2" p="#^KGne%KGMg%3KMg%3Kne^8CPh%8CTk%$ETk%$EPh^KGPh%KGTk%3KTk%3KPh^PLPh%PLTk%GOTk%GOPh^$xjd%oPjd%1RTb%bTne%PLne%PLMg%BOMg%kPIf%aR5h%pQThpQNkvQdm%GO_m%GOXl%8CXl%8CDm%iAhnoAcloAyjoAThiA$f%8CMg%$EMg%$Ene%7BnebAne1zFe^2GMpsFDqfE7sdGmsmJQsBKArCLMp^LFEl%aI2n%kHCnSGfomGIo%NPIo%wRgn%MTMp%ENMpEMMr8LjtIO4uaQOuERvvHRXwLRoyaQdxBO3waKzuwIHvRFBwbDwxux5y%kxhxlF$vrIYtcFjt1CTsLCMr7EMp%_zMpfzMp4y3q%2xIo%wEIoiFlnLFEl" /><g i="3" p="#^VETdxEPj9EBlhGfndHloaIrpaIpqaImrpHYrFGys0GFqoFMoWDwm_CMqkBctHzDvMxkx%exQwnz5utAErzBapdCClUC1iUCNb%NF0d^MMYdAMnhhNRk$NioKPvruRIu2UNv%2UywbSKwWRxxSPIvNOxtJNlr$MXohMwmcMNi5MGnQKEqzJBttHsvoFixbDoy%ICQxBEqw5GQuCHetsIlrjJspNJmngKflvKpiKKyfEKHb%EN0d" /><g i="4" p="#^xCJf%xCup%BAfqHAUnHA4m%HAJhbzXjwxal%8xDkPyAi8AmgtB8ejCob%KEPc%UDmdaDxexCJf^AOOi%JPhg%GHhgbGdicEWj%FDyjyGWfZHBb%tK5d%rJLd%aIef%LPef%CQge%PSlgfRtgiPZi^lHAi%qJ7ksIFkdHUl$F6nFDVo%gDlo_FzllHAi^xNljjQRk7RFlXRtmURhnRR5oiRBoMQ5pZPznbP1m8NNj^mKzmmKsigKMg%ZMVh%cMFi%cM3noMqpKJ9qxJ2pJGao%JGnnQIznBJCnmKFnmKzm^RA$q%FB$qzBtu1BnvvAgwGzmwRytwhyZvJxtvTyuu2AvtRA$q^kGvp%KG5pEIbqvJVqnKDrjKssgKhtGJKt4JauxIZs_HLrkGvp^nOWq%VOxqgRWr7SHs$Sst$Sgu$S3vpSJvPRnw9RUuwQotnOWq^zDfvzDErtDSp%aG6r%oFRr%oF2viFawkG4w%2M4w9N4whNtuqNSsqNTr%hOTroOktzOjuLOhvRPJvMOJx7MDx%JFDxmDDxzDfv" /><g i="5" p="#^2GWb%dGibJIObBJDctKrdqJme%3Qme%wR7d%ATqf%LAqfxzqfmyJf%kxme%fIme_HSdxHgd4HGc2GWb^WEKs%pLEswKPriJPq%EJeqMMxrxNqsiOjtLNtudNCvLMWuiMeuVLBtNHUtgG7uMEmuPDXu%ICysCDystENrkF0rrGAp%bBApbBywhBKx%lzoyrz_urzXsrzTqlzFn%$Awo%QGwovHpnSHOm%aDOm%wCzn%TAim%sBBlsBjjmBIf%ZDKg%cDGh%cDKl%CNKlCNUjwNOf%dQYg%mPOhsPmmsPbn%CNSn%CNOm%FIOm%bKqnZIgozIwo%KPwo%uQzn%kS3p%zRKp%zRivLRzxYOiyYO$w_Ljw%_LwvZOIvoPIvPPIvPPtv%PPAp%8IApuGIrWEKs^LIxhYJygTKqf%oM8hnLphVJciQLWilMDjTMjkvMjl7MjmgLhlqKfkTIfjAGGkFDFl%tD$k3GGjSHsizGOheEFg%pE$fRGGgLIxh" /><g i="6" p="%^TFLeTFsljLsljLLe^fNwmfNKt#fNDvlNsxdL5y#jL_ujLZsjLwmTFwm#NFtq0Eft#gC1wWxiyqxJx#EAAveC2t#RDvqXDwmsAwm#fzwm4yOm2xslXDslXDLeOBLe#BALeqz2foyIdVOIdsQgcISLefNLefNslYPslBRWjYTwm" /><g i="7" p="#^OAxh%OAan%hFan%hFxh^OAeo%OAsu%hFsu%hFeo^1H_h1Hct7HFw%hFxx%hFwv%OAwv%OA1x%ZyVx3zat3zJo3zgkZyCf%IAtg%qBtgjCpdrCvb%0FUc$DydrCtg%eFtg%iGwf%_Heh^iLBb%QN4d$MJdrLMg%fQMg%pRIf%5Tph%dSai1SitHRQulRmwGQZw0QBxnO5yRNww7LKv%7LRuNNjvJOjvFPjvTPOt6QgsiQPh%7LPhsJwknHwm%PG8mRIViOJxgLK9eiLBb^HJZkfMNmOM1olNgpnMkqpLor1LppFKqniJwl" /><g i="8" p="#^FMGpaPYplPUpxPQpxPqp%xPHi%AMXjAMcqGMRs%KKBtQK$pQKvk%mIAl%mIIumICvmJCv%EQCvtRrvBRcuKRYsKRVq%HSVqOS1tZSWt9TPu2UfvbTexBRex%UIexDGexDGOu%DG1m%TEMm%dEhn%_Cxm%DG2l%DGMhDGxgxGze%1JPf%mIxg%mIBk%QKwj%QK5fQKndKKBb%rNJc%AMFd%AMZi%kPGh%dQGg%2S1i%gRWi%gR5qgRMqNQlrjQWr4PmsZOerFMtq^rCEs%cGir%mG9snzavkynw%YwguiyUtBA5t%BAUk%sAUkfzUk4yal%2xQj%BAQj%BAFfBAlevA9c%cDpd%rCee%rCQj%1DQj%bEMi%3GUk%rCUk" /><g i="9" p="#^2xtg%fQtg%NR1f%2Uxh%fIxhaIajOHgl%FNgl%JOik%vQ1m%xPImBO_tbOnvONMwWMkx2MUxkKiyVJHw5Hwv%gHKu4KwvPKzvzLCvWLhviMYuFMYs1NYqCNjm%FHjm1GAuXxby%DxtxeGyseGxh%sAxhfzxh4yPh^oGNb8JNcLJLdnKIeyJNfJISg3IkfpHNd2Glc" /><g i="10" p="%^eJhneJnpwNnpwNhn^mBBr#sB2psBYm#sBRkmBoi6D9juH9juHrhCBrh#oArhezJhbynguHnguHze#MCLeiAReiA$d#bFId$I5d#QMtcpOHb1QUd#EONdnNXd#7M4eeJleeJngcPngLQ1fPSrheJrheJ9jxN9jhOci1QAjgPnk#gPnomPQqwNBrwNrqeJrqeJys2OysoPirnRBteJBteJ_v2Q_vIRsuST2xsA2x#fz2x4ykx2x_vuH_vuHBtRCBt#EBBttAUtrzysuHysuHrqiDrqiDXq^iDdkiDdmuHdmuHdk^iDhniDnpuHnpuHhn^eJdkeJdmwNdmwNdk" /><g i="11" p="#^vQml%vQXtvQxvCQDx%GOoyMO3tMOml%cMmloMqrAK9uNITw7Goy%MFPxJH4wLIluOJCs7KuqsKlosK6lsKThmKvd%_LmeRPrddRgc%5TtexRtehQFe2PRecMif%cMik%xQik%UR3j%YTml^mA$fSBWgDCMhoDCixCLjHBUkkBDj_AliQzmg^yF8qCHfrnI2s8JRspI1uGHdv9HTtEGwsbFHq^pASp%DChr%NBPrIz8vBxSw%2xuw4zPtpASp^6Adv5CwvACwv4Dwv4D_u%4Dbp%Wzbp%Xyop%$x8o%4D8o%4Dgl%yAgllzglayyl%8xck%cEckbFIhzF5g%jB5g6A5gXyng%Vx1f%aD1f4D0eQB5c%eCHbaEIcHExdcFlelE1f%nG1f%EHUd%CJ5g%gG5g%UHYg8HohxGhiWFaj6Fck%fHck%vI3j%tKgl%QEgl%QE8o%GG8o%WH_m%VJbp%QEbp%QEFvQEgxvC$xvCNw6A0w" /><g i="12" p="#^hK5p%hKXu%6QXu%6Q5p^vLob%0O$c%5NEd8KZi1JWj4LPjTQFjYPcihOkg%NOOfSSuigTEjGTNkQSKl_RHmGRVlmR6l8RBkeNTkcLjlbJKleIqm%VG1k1IBjcJrhnKhfvLob^XRlpXRZv2S8x%6QVx%6Q$v%hK$v%hKsx%lI5yrIpwrIQsrIfplIan%5K1o%1Q1o%MQ4n%ISzo^aCuixBDkXzSpvBmqJCVq2ERnUEui^lESc%sDCd4DQekCrh%WErh%GFzg%vH3i%JGMiGFsolExr4GpsBG5t7HNtPG4vwGnwxF5vzEOtGDWsoBjwBxiy%exJxEAXudCcsZz$qbylqlzjmoAui%sAuifzui4yNi%2xrh%yArhsBwdHBBb" /><g i="13" p="#^6GblkEMm1EYpUCIpUCYnUCbmhEykHFViSFXh2GZglFZfEEYeFD$eGC1fYBFffBggaBAg5BTgwB6hYBlhYBXhYBxiEBUilBfjKAfj8AfjKzKilzdiuzdhEzdgBAgfzBieJC2eUDOdZE$d2Gce9HhfgIlg3I_hTHCj6Gbl^yE$quFurxFBsBFHtCEduDDLuKCkuRBUtKBLsEBBrDC3rCDxqyE$q" /><g i="14" p="#^zDwt%zDQkzD9itDOf%gG2h%oFUh%oFysGG$qxIiooKAlMLli8N6fBN1d%7Qwe%dP9fwNwj2LFnBIOroF8uoFsuiGsu%rMsu$MyumNbuJNQtVNAp%SOApZOysbPdtpPTtdQqufPtwUMhw%WFhwFDnwFDXupBgwux8x%kxmwNBMuzDwt^eAfj%4BfjbB3n1ByoTA1qWzDq_ycrlyzqJxWpMyAoQzeneAfj^5Fyc%DF9cMIfezJkfnKog$JihDJbi0JfiqIiiSHOgjHif5Fyc^AO5k%8PKj_RBmASGnbTKoWSBpGSsqYRNqeR6rPQgppQpnAO5k" /><g i="15" p="#^tFwo%pHDqzGxqYDSsmBbvGxzw%kxZvuA1uwC$rzEYptFwo^QD9c%NF4e1FUdcDQfoBMhHxJj%kx9jVzchpBwfWCPdQD9c^BEDh%yGEjEFEjpDTlaB5oNxAp%qx_obA2n_B3lND4jBEDh^oHQsuH5quHOmuHvjoHng%2J8h%TK8hjLFejLUd%_IUd3IUdUGbe%SFQc%sQQc%VRBb%MTUd%vNUdXMJeVL8h%pQ8h%9Rbg%VSAh%8Smi%8S5o8SNpeSAr%oQss%oQci%eJci%eJSr^vOBk%ENqlENVqUMNs9MFukK_vwIjxzEoy%eELxVILv9K4uqLpsFLDpULRmILlj^oNTryR0uzSUuATMv6TaxESAyNRqxWQhw0Qiv7Piu1Nrs" /><g i="16" p="#^NAlj%ELlj%VMci%TOpk%5EpkOCpkPBHk^iynn%JOnn%fQXl%wSqo%eLqo%eLzu8LOvJMOv%gQOv0RJvaR$ulRgusRcr%jScrqSWsyS6uHSivMTJvUSxxDQqx%fMqxpJxxpJ4v%pJqo%qGqo9GVqwFTsTERucD4wxBjxixuy%8xJxPBXv0D_teE1swEqo%HAqo%dzDo^rG$b%PGBbFIpctJgdhK6ekJlfoIAg_H7fBHFdrG$b^rPPi%oQGg%$AGgnBXhJAEi4Alj1zej$x6jxyki4zyhpzJgKzUfYzte%TAte%ZACf%kQCf%bRFe%bTIgERXg1Q9j" /><g i="17" p="#^MM3cZOgdHPYdpQDefQmf5Q5gkPxgAOYgfORfWNJegMAc^DR7v%MS$q%AT9rbTjubTfvbTawFTax8UbysRgxMOlwvMptIJrwQF$x%GFhxzJJuvL5sBJEo1J0i%XB0i%SB7m%UF7m%SGal%zIMm%HHynpHetUGcunG9vGEOvmEou1Cwt%1CKs9E1tKE7tkFctvFpsGFBrSFbn%RBbnzB$uxxiy%8xMxEz8uQzNo0ApjQz5g%SBYg%WIYgEI7erINb%rLUc%MKRdMKifWKYg%SPYg%jRCf%tT0i%YK0iwL0oKMrqgNpp0ODnMOQlEPlj%2S9l%7RMlxPEpQN$rLPduDR7v" /><g i="18" p="#^KzOf%DCnh%MB5i%MBlx%Kz5yQzKtQz5oQzsiKzOf^7LRuvN1vqO7vlPdvlPBu%lPef%jKef5JefXHwf%VGae%mPae%cQ1d%8SCe%gRuf%gR_unRAxnO5ynOkw7LFv^NBHbSDOcJEOdBFNeFE6gJDrhcDXfICqegB2c^aG4l%aGeq%XKeq%XK4l^MMqpMMrqTM4s%XKKs%XKir%aGir%aGts%eE7tkE$pkEMnkEwleE3j%_F0k%YK0k%HLZi%xNlk%MM8l" /><g i="19" p="#^FBbe%FBtg%GFtg%GFbe^FBxh%FBKj%GFKj%GFxh^pHeepHCivHUk%GFFl%GFNk%FBNk%FBil%QzRlWzojWz0hWzDeQzmc%tB7d%BF7d%lG9c%4Iyd^IA2sHBhtUCgu%UCtn%7BtnWztnLyLn%Jxpm%hGpm%yHgl%kJtn%DEtn%DElq%5Glq%gHhp%XIor%DEor%DEKumGwvYKzvzPCvMT7v%MTWvXRBwXRwxxJDx2H8xAEFw5DQvDB_ulAWskzfwxxby%YwRx5yGvJyZslzfqszXn%SBap3BCpIA2s^XRamXR0n2Sip%cQ3q%cQDh%8LDh%8Ltp%iJlqpJ4opJalpJgiiJOf%YKzg%YLzghMlfnMhe%tLhegKhe5Jze%3Idd%xQdd%OR3c%AThe%nOhe3OLeTMzg%7Qzg%TQIf%CS_g%XRHh^zMAi%aPQj%pOFkpOBoVNeqpNSrZLftyKDuDHCv%iH$ueKmtiLNrnMcqwMVnFMBlzMAi^INlq%3OMp3SyrxSls$S8tvShu0SqvaR_tlQysINlq" /><g i="20" p="#^lFdvkIIv8JGvZJDvTJDu%TJQjeF$rdxnw%SwNvtEwqrITi%7BTiWzTiLy9j%JxPh%TJPhTJLdNJob%TMLc%PLBd%PLPh%9QPh%HRng%YTTi%PLTi%PLUuPLSxrIAyxI4xbF0w" /><g i="21" p="#^XCob%0FbdSDAdlCefRATgXzkh%JG9hUFUf5FWe%sFmeiHnfdIeg8J5h4JWh1JLijIijBHQjoHdjcHCi_G0iBFciQCui4AMi1zsj%Vx8h$y8hAAcf9CfdXCob^9ziyfz1wfzHqfzkl9zEj%VApk%CFpk%sGrj%aIXk%pHIl%pHnvBHlx0FiyVE_wvCjw%vCwvzEIv6FIvGFIvGFUu%GFNr%5BNr%5Bqx^5Bsl%5Bnn%GFnn%GFsl^5Bqo%5BJq%GFJq%GFqo^aKZjaKid3KZb%MM6d%VL2e%VL2hsOAf2QBd%LRFf%JQOfYNehVLXh%VLBjVLpk5Npk%mQpk4Rkk9RwjfRIifRYg%6SYgdSjioS9jzS_jtTjkPSXlsQXl%rMXlaK1maKZj^TJAvTJ6oNJIm%uMYn%DLNo%DLuryOJpkQnn%8SGp%5RGpZNnrDLss%DLIuDL_vRMUv%zQUvmRPvoRJurRDtyRZr%pSZrwSOtKSDuYSsvMTGvdTpxEQxx%eMxx_JxxTJAv" /><g i="22" p="#^1Jrh%1JQj%GOQj%GOrh^cHjmiHfkiHrhiHDecHgc%SI7d%BO7d%kP9c%4Rsd%pQ8epQDjvQal%GOXl%GOUk%1JUk%1JFl^RDUm%xQUm%UREl%YTYn%TMYn%TMPq%SPPq%0RMp%VSTr%TMTr%TMnvBP_vYTpv%YTcweSNweSPxJMJxIKrwII9vhHEsPF5wBCoy%dCQxODaw0FTtfGzrsGeo%XIKp%8IgqUH4rIHTrkJ1u7LXu%7LYn%fHYn2GYnTEeo^1Jbe%1Jng%GOng%GObe^JxdvxzqviAtv3BwvZAJu%ZA2o6ANo6zvp%ryfq%2x8ogyMnZABm%ZAPh%rzPh%9y0i%exMg%ZAMgZAGdTAvb%ADLc%JCAd%JCMg%wDMg%GEIf%yGPh%JCPh%JCXl%PFpk%aG$k%JCgn%JCgvJC9xiA$xoAZwJx0w" /><g i="23" p="#^2GVb%xGobUJ0dXJ0e$J$ebJEfoIhgUH_epHGd2GVb^qxCf%APCf%dR4e%ATGg%LAGgDzGgsyYg^oEMg%sGEi%nF1jaBSmVx2o%JxqnaAJlZBQjNDWhoEMg^EKLh%ZK2hzOCiiQNj2SXkpRpmNQSnXPGm6Ptl0OrkWMojEKLh^WNPl%VMsm6LxqeJosbNUvYTCv%YTiwoSZwaS$xrL1xhIvtpERwHxiy%xxvxADDviHmshFDpRDMk%DEBkqGQoiIir4KRojLck" /><g i="24" p="#^tDzqAEZqXE0siF3t1F3uNE2v$DAvdD5w9C5w6B5wgAgvrzquozrtlzrsPzFrhASqkBvqnC8qtDzq^xBFumC7v8DCuXD5uUD8tRDas0DKrcCirsBPrIAksIAftIAauxBFu" /><g i="25" p="#^3Btm3BimZATk%5CglBDmj5FLg%7BLgWzLgLy2h%JxIf%mFIflGidGGob%kJNc%kIwd3IkedHIf%hPIf%QQge%5TLg%WGLgZEBk$CFm%$Ckx%3Bby9Bpw9Bav%9B8onz5qdxir%SwKqNz7o3Btm^NJHjNJ1jHJ2h%oMbi%DL1j%DLCm%VOCm%fQml%kSFn%DLFn%DLRu%2QRu%vRvt%GTUv%oGUvbFUv0Ebw%_CRu%NJRu%NJFn%EHFnqGFngFYn%eECm%NJCm" /><g i="26" p="#^Jx_d%AP_d%6Ryc%nT2f%XI2f%XICjAOilHPxmOQLndQ5pFPrqbOBoKMLmXIvk%XI1uXI4w1Jxx%VGiy$Gvu$Gat%$G2f%7B2fWz2fLykf" /><g i="27" p="%^EGurEGdvaKdvaKur^yFPh#fGOfxGbeEAbe#fzbe4yte2x7dlQ7d$RHbYTbe_HbeqJMemIcf#hHKgyGPhyPPhiQSg8SditR0j#tRMrzRrxDPbyDPhwhBhwhBxxlziy#rzIurzup#rzgklz2h5BPh^hBTihBdvUEdvUETi^VLTiVLdvDPdvDPTi^EGTiEG1maK1maKTi^EG5nEGrqaKrqaK5n" /><g i="28" p="#^GHIoGH6oAH7m%SIOm%gM0k%GE0ksD0kiCjk%gBZi%qMZi%ANVh%yP9kMNokwJjn%hKNn%wJvo%wJIo%3QIo%IRnn%STMp%wJMp%wJJvCJEx_GuyAG6xtDkw%tDpvHGOvaHMvGHJvGHgv%GHMp%sAMpfzMp4y3q%2xIo^hJnfnIbg_HUeBHAd8GJb%xGibmJCcMJBdbKzehJnf^pIwf%gJwf%1Qwf%_Qme%bTvg9RRgmPfj%MOVi%$PAg%bBAgnB7iQAUiiAEj5zxjVxpjvyAi5zKhvz$gWzggeAte%3Bte%9Bwf" /><g i="29" p="#^tBir%9IMp%tIxq%tBSstBIvzBjx%DziyKzLvKzjtDyLtgyau%2xZrXxZrKzxr%KzojKzJeDz1d%mBUdpCIdVD8dpFAcwGNb%aIUdOGUdWEhe2DFetBVe%tB$h%tE$h%xF2h%jH3j%tB3j%tBpm%nEpm%rFsl%dHtn%tBtn^WIyc%GKpd%RNpd%IOyc%jQ3e%yPKe%yPriyP9jfQ9j%VQ9jpR3jSRQikSAi2TEjMTHkBRHk%HPHkONHkONcj%ONte%MKteSK8h9K1jtJVkEGwm%8GZl$HpkpI3jQIJhWIag0JCeWIyc^OJ5nmKoo3LGpNLXqkMMrTMXqxNwpcO5oAO5n^jLRsGK1s2KyqqJ2pUI5n%XHhn%$G1m%IO1m%GP3l%nRHm%sQonVPSo4PtqgO3srNYs3PpuKQcvqS$v2U6w%2UXwES1xeS$xQQIxjPMwONRviM4uxKAv7IBwJFCxSCby%ICpxeFGwwHsvOJdujLRs" /><g i="30" p="%^eJ6ieJXnDPXnDP6i^iH2h#iHzdcHob$JDceJzdeJ2hyP2hoQUfkSnhtRfitRIn#tRNozR3qDPJqDP$oeJ$o#eJ4wkJqxcHoy#iHXviH$obB$obB2qfzWq#lzXolzIl#lzsifzbg$A2h^bB6ibBXniHXniH6i" /><g i="31" p="#^IHjm%IHko%aKko%aKjm^IHop%IHur%aKur%aKop^XLNd3J$ihEal%XDAkNGzirIcg5KQd2Lib%lNHc%AMfdmPFh2Uxi%2UkjySrjeSpk9OkiXLNd^YFuy2Gjw2GBr2GSmYFBk%BHgl%5Kgl%RKpk%uMHl%PLnm%PLkwPLXxYJuyDJix3I$w%3IawfJhwIJhwaKhwaKLv%aKys%IHys%IHJx^eNFukN3tkN6qkN9neNsl%yPCm%ZOfn%ZO_t^uQCnuQAmoQvk%PSxl%8Snm%8S5weSLxRPoyKP5xkNDw%kNOvlPUvVPUvuQUvuQmv^EBQlEBCjyB$h%3E8j%oDZj%oDQl%wDQl%BEZk%aGUm%oDUm%oDrq%VFYp%3GLq%oDxroD$vuDQx%yBuyEBduEBZrxyUs4yBt%YwxrjzcrEBMq%EBUm%dzUm%iyzn%2xFlNxplky7kTyRiDzSg%HzSg2zSgUx9h%SwOf%TzOfpAHdYABb%cDTcFCldoCQd7CjezBOf%UDOf%9FLe%QGSg%iBSg%mzQl^3Iii%4Nii%9Okh%RPlj%YKlj%LIZi%4Jij" /><g i="32" p="#^_CAd%1EmcPHEdCIbfpJJgpKTjpL0nVNkqpQDtYTJu%YTwvcSwvgRMwDOSu_MHslLwqkKiojJ4mGIZiAHfn3FNqyCiubxDx%SwWwdButKDEpfGOljHUgAHYfsG9fkFme_CAd" /><g i="33" p="#^_HFe%tKPf%MJugqJvh1Jui%_Lui%_LOe_LzdULHb%NOXc%QNNd%QNui%fQui%vRkh%tTyj%QNyj%QNqo%MPqo%0Rgn%$Sup%QNup%QNwv%DQwv%_Rgu%2Uzw%UIzwGHzwvGSw%tFwv%_Lwv%_Lup%CKupoJupeIMp%cHqo%_Lqo%_Lyj%TIyjSHtm9GDo%zFhoJGxliH0jTHug_HFe^UBuinBfkXzSpgBnqwCVqtDqowEui^SDSc%ZCCdICUe2Crh%DErh%nFtg%7HTh%kGzibFKo3EvrOFcsgGUsKGAtCGEuuGIvuFMuvEQtoDWs6BBwYxuy%qx4yEA1v1CcsJAnrbylqfzkm6Aui9zui_xNi%Ywrh%fArhZAydcBBb" /><g i="34" p="#^2QCgSNLjvLQl9JUn1HVo%bPVo%1QXn%RRrp%4R7q%4REt4R8vaRRw%ePJx%ePhw%aGhw%aGlx%eE$xkEpukEmt%kEDqjBrsqxjt%exEstB2rkE0p%kEXn%BFkoGHRm2KDkqMoi$Nhg%2Ghg0Dlkmzqm%SySl8B5kaDlhdFBegGvb%LIld%CHSdSGZesGef%7Oef%3Pae%aRUf^RD$hhHqjuHlkIHgl0H4mkGUmPFLljFBkmDxi^aGYp%aGdv%ePdv%ePYp" /><g i="35" p="#^MDjlMD_ljDrmSCUmbCUmvBUm2BrmBA_lBAjlBAEk2BbkvBKjbCKjSCKjjDbkMDEkMDjl^MDjuMD_ujDrvSCUvbCUvvBUv2BrvBA_uBAjuBAEt2BbtvBKsbCKsSCKsjDbtMDEtMDju" /></glyphs></font><font id="10" name="SimSun Charset1"><glyphs><g i="0" p="#^iESg%iENj%OMNj%OMSg^PCZb%nESc%BMSc%tNTb%1P8d%9OPd9OhjfORk%OMDl%OMnk%iEnk%iEfl%PCRlWCojWC$gWCBePCZb^iErd%iEgg%OMgg%OMrd^FxVm%JPVm%bRsl%dTvn%nJvn%nJPq%sOPq%JPxp%ARpr%nJpr%nJpv7LUvoOYvFR$vJTIv%JTbwZRzwMRLx0MzxCJQwdH5wIFWucELt1DbsaBhwzx2y%lxLxFBxuKCZn%TEfpiEEp$D8qIDDqjDIr_ELt$H$u%$Hvn%TAvnCzvnxyOn" /><g i="1" p="%^hJXghJRk#hJ1mnJbnJHOn#VHGkVHhjVH9g#FFVidDAk#NAemRxinLxVm#HAlldDcj#MF2hPH1emB1e#oA1ejzjeryrdxPrd_QZb2T1eMJ1e#NI$evIufYJng^DK9h#FRHjoSMk#8TRlRSGm#ySvnIRxm#TQyl7Phk#nN$iyKyh^8Cry#fCNvfC9t#fCxq8CUnIDLoSNLoXOOnpQ9pDPLpDP8u#DPCvJPsx9O7y9OUvIDUvIDLx^IDmpIDjv9Ojv9Omp" /><g i="2" p="%^9Kcf#3JFg$H1ihJPiBMPixOcf^lKtbiMLcpL1d#XKKdsKBesOBejPEd_Qif#xPnfbNPiTQPiARQh2TVimSBjmSUv#rSsxBQey#vQZw9Ouw9O5w#pQhwLQ8w#5R$v5Rpv5RjrGNjrGN3xvMLxvMjr_Ijr#HIytzHjv#rG3xnErycEey#2GowWGlu#PHhsSHuo#VHGkVH7i#QGojMFnktFak#XGqifI7g#zJPdlKtb^aJojaJPmvMPmvMoj^GNojGNPm5RPm5Roj^aJpn3JJqvMJqvMpn^GNpnGNJq5RJq5Rpn^TAKlTAFsVDFsVDKl^Czuw#HzmtHz6n#xy9paxxqZwjq#Hz1maBnfAAnf#jznfeyHflxPenEPeFFEddHnfKCnf#LBdiHA9lPD9luEhkXFsl9F1m#9FjrgF8uVDJuVDgtTAgtTAUv" /><g i="3" p="#^ID3pjDjq7Djr5ETsmFVtEGWuPHjv%PHfl%lCfl4Bfl$zyl%7zGk%mOGk%JPhj%FRfl%aJfl%aJ1q%AN1q%ROLo%IQDq%aJDq%aJIvVLbwyO8wbR5wkTUv%kThwFRzwhRRxbMLxIJcxdHGwIFmvcE2uWCTr1C8uZAzvVzZwLxry%zx7ypzownAxumBFsHBSq1C3p8Cbn%uEno^EGTb%QGHbHIFcnJrd3KdedJbfoI9g8IReVHxdEGTb^8P$i%pQzg%TAzgZAPi8AfjjzHjGyfj2yPi3zTh5AXgtAIe%TAIe%TA_f%cQ_f%hRVe%XSSgARSgqPcj" /></glyphs></font><font id="20" name="SimSunBold Charset134"><glyphs><g i="0" p="%^TFLeTFsljLsljLLe^fNwmfNKt#fNDvlNsxdL5y#jL_ujLZsjLwmTFwm#NFtq0Eft#gC1wWxiyqxJx#EAAveC2t#RDvqXDwmsAwm#fzwm4yOm2xslXDslXDLeOBLe#BALeqz2foyIdVOIdsQgcISLefNLefNslYPslBRWjYTwm" /><g i="1" p="#^hK5p%hKXu%6QXu%6Q5p^vLob%0O$c%5NEd8KZi1JWj4LPjTQFjYPcihOkg%NOOfSSuigTEjGTNkQSKl_RHmGRVlmR6l8RBkeNTkcLjlbJKleIqm%VG1k1IBjcJrhnKhfvLob^XRlpXRZv2S8x%6QVx%6Q$v%hK$v%hKsx%lI5yrIpwrIQsrIfplIan%5K1o%1Q1o%MQ4n%ISzo^aCuixBDkXzSpvBmqJCVq2ERnUEui^lESc%sDCd4DQekCrh%WErh%GFzg%vH3i%JGMiGFsolExr4GpsBG5t7HNtPG4vwGnwxF5vzEOtGDWsoBjwBxiy%exJxEAXudCcsZz$qbylqlzjmoAui%sAuifzui4yNi%2xrh%yArhsBwdHBBb" /><g i="2" p="#^TJNb%pKobCMDc0NrdrNfeAMdfKLbglLKeYKhdTJNb^mIEl%AMElaNOkBN3k0OjjDO$h%OQSj%LPmkfLYq_E_t%OEftUIHqaMCmrI_mtHSn%rGBluHtlBIPjIJ8imKAg%AHAg%BGLg%GFwf%lQwf%BRme%ATAg%eLAg%TMzh%VLZhjKdkmIEl^gQpm%qSao%tRAoMPLqWNmsbR7u2SavVScwfSoxBRAyAQJwAPSuiN1toJEw6Eby%XDrx2MXtgQpm^$CNs$C9u5Dxx%3Boy9Bvs9BHm5AeqFxWs%expsQzVn3Bii%fzii%gyui%kxeh%9Beh9Bke3Bib%MDyc%$Cnd%$Ceh%UDeh%2Fbg%XGii%$Cii%$ChkVE0lDFMlmGvmPFLnhF$ooEtnvDXl$Cal" /><g i="3" p="#^KGQceJdekKefrLeghLmh7LtikK5jxJJjVIUhhI3geGld^LDYg%EGoi%NFjj%NFVsHFGuQGKu%lMKu9NGunNetCNNrJN5p%HO5pHOVrVO1t7P8udQzumPtwbNtw%5GtwFDmwRDlt%RDvlRD1jLDYg^KApk%FBpkFBInsBdpgBJqpAlryzZrryArkxarDyApXz_nKApk^AOtk%7P6kaSNmMSOnnTPoaTTpZSWq5SprdRTrVQ4qBQgoAOtk" /><g i="4" p="#^BCwfBCzdvCvb%6FKc%lEzd%lEwf%LEwf%JFFe%pHAg%lEAg%lEMi%cFMigGgh4HUfUHveiIBd%nKnf%qJMf7IDhXGMi%JHMi%TIJh%MKQj%vGQjqF$kxEEl%uGEl%sHNk%8JKmaH4n0FWo%ZFDp%cFjq%cFPq%1KSp%bKFq%cF0s%cF1wcFRxPCuyIChxoACw%oAOvXCawcD6wtD2wtDFv%tDmsAztt7z4u%VxTrczTrtD2rtD0qmD1o%kEwo%eGHm%VDHmzBSoPxJq%kx8qPzGodCHm%HAHm%IzUm%MyEl%RCElJDMkIEQj%9zQj%ay0k%exMi%BCMi%BCAg%AAAg%CzLg%Gywf^vMui%6MqjYMBoYNVqlPynJPui^4PFc%aOqdqNYfMMrh%JQrh%_Rhg%YTui%xRuiTQ1pTOisaRxv2Uew%2U2xxS2x5S$xuPiwPNvtRKQw$Foy%GFLx9KRv1NaswLromL7kQKnm7Jwo%xIao7LejqMob" /><g i="5" p="#^GHslMH0jMHTgMHJeGHmc%qJdd%fQdd%dRmc%PS_d%XREeXRYi2Sqk%cQ_k%cQQj%wJQj%wJOk^wJhe%wJMi%cQMi%cQhe^rGdm%xQdm%HRal%tThn%ENhn%ENVq%2QVq%dRSp%$SZr%ENZr%ENUv%0RUv%gSKu%8UYw%pIYwbHYw1Gex%$EUv%ULUv%ULZr%qKZrcJZr1Ifs%$GVq%ULVq%ULhn%RJhnDIhntHzn^EBFeIAReDx8f%DxjeDz_d1CedrEucnFNb%QG_dLF_doDqe%oDMi%tEMi%DFJh%pHQj%oDQj%oDfliF4m9GZm1HSniG0pAF9qWEGogEanoD1moDPvuDDx%yBoyEBvuEBhnoAzrmxFu%Yw7uUy2rXzio_AxlmBQj%gAQj2zQjUx7k%SwMi%EBMi" /><g i="6" p="#^YPTutR6w9RrwSQMw7PEvpNvuTLEsmKMq6KKnTJHklLhiPMTfYOse5R1daRrdgRRdUP_exO6ggN4i$L1k$L7n$LdqcNYrqOGtYPTu" /><g i="7" p="#^kxml%jPml%kRQj%GTqm%1BqmxzqmmyHm" /><g i="8" p="#^pFxsNDBuKBKvIzSwCzrwxz1wYA$unCYtQDMrhFzp5FGmVEMjEDRhnCWfYAKexzydCz8dIzKcEBZdBDcfmFBh7H_j3Hen0HtqpFxs" /><g i="9" p="#^TAoyZAUuZA7m5Aspixss%Sw2sQzenNA6i%Sy6i%Txii%Yw2h%ZA2hZA$cTAob%GDyc%JCod%JC2h%pD2h%GEUf%EG6i%JC6i%JC6kQE7lyF0mgGVmBF9oXEopdEMnvD7mJC4lJCUuPCKx^8NFe8Nhd1Nib%KPyc%TOod%TOFe%rQFe%HRvd%GTJf%TOJfTOxgZOrh%8N0i%8NJf%nKJf%nKrh%xIciEIOgEIJf%wGJf%yFVf%CEFe%EIFeEIzdxIob%8Lyc%nKid%nKFe^PGfqVGpnVGIlVG_jPGrh%tIci%hPci%8Qkh%LRKi%_Qqj_Qco4Rop%eP3q%ePVo%nMVohMYp6Mcr%xQcr%URYp%YTfs%TMfsRNttuPEu7RPvST$v%STQwxS1xVR5ySNCwZLfs%XLfsqKBxfDuy%4DNxmGZwXHrvxJVtaKfs%9HfsYFfsNEys%LDcr%iKcrsKsqyKVo%FIVo%FIBp^FIfj%FIZk%ePZk%ePfj^FI1m%FIRn%ePRn%eP1m" /><g i="10" p="#^8L0i8L_kYKRn%MORn%MO0i^iJYgiJzdcJob%cMxc%8Lud%8LYg%HOYg%xPUf%tRnh%CQfi%CQRn%DQRn%_RCm%2UVo%$LVo1Nvr_OttYQrvYT8w%YTXw9S1xCRbyxO6wZMAtqL2r3LVo%QKVogKPsVHTuzFWwdBoy%NAFxCE1wAGZtyIVr0JVo%NGVozFVooEbp%mDRn%7JRniJiliJ0i%vI0iiH0i7Gii%5FYg^TASiTAGdNAHb%GDWc%JCSd%JCSi%IDSi%YEJh%XGWj%JCWj%JCir%SGlq%1H7r4CPspAztKyiunyRu%2xpsDy9sTAJr%TAWj%mAWj9zWj_xdk%YwSi" /><g i="11" p="#^vBgcOEne$EufcFBgiEshoDiiYCIgwC5fZADc^BGNbBJ$dHJ7fOJegQI4hSHWhxHagcHpe2G8c^DPRl%2Pul%AQZi%IAZiUAZjNATkHANlOz2mVyjmjy$lJxHluyykfzpjFzMg%BAMg%HAVh%7LVhSMxeINBb%jQkd%gPRdEN2g6MVh%CQVh%HRMg%GT6jVRljDPRl^XDdvCGCveHAvSHxvSHOu%SHir%RAirDzirsyBr%qxeq%SHeqSHEpMH1o%2JCo%aMjm%uEjmgDjm5CCm%3Bgl%eMgl%pNik%gPHmiOCm2NgnOLVnCJ8p%nKDp%IJ8q%IJeq%APeq%dRIo%ATir%IJir%IJLvIJlx$Giy5H9xXD6w" /><g i="12" p="#^3JaufMLujNIunOFunOmt%MOef%LCefyBefnAwf%lzae%IOae%EP7d%zRCe%HQpf%jQBtjQOwXMJx1NjwWI3v^Ay7slBHrdNCm%xNlnjBltCALu^IDSgBHripIkjeJdkuIzlKHUmPGjlVFKjmDqh" /><g i="13" p="%^GDupGDguqNguqNup^EB5y#KBpuKBMn#KB6hEBycvDBdlNBdbOycjQ8emPWemPZs#mPTvsP8xqN$xqNkvGDkvGD8x^GDFeGD3jqN3jqNFe^GD7kGDqoqNqoqN7k" /><g i="14" p="#^zO_mnSKqWS0stThtASvuIRIv$QrtjQ9r$Nln^xGUd%bPUd%sQKc%qSYe%rIYe%sH8f^SHdvIKIv2LEvpLzvpL4v%pLHk%$GHk%0GUk%5FEj%DQEj%_Roi%2UHk%lNHk%lNOveNzxKKiyKK4xSH6w^3IOm%zKio%yJXoaHdthEUv%LDnvsGIr3IOm^VCylVCJv$CKx%ZAoy3B1u3B5n5AjqAxjt%2xIsKzho3BHi%YyHi%_xTi%2xDh%3BDh3BeeZAib%MDFc%VCud%VCDh%ODDh%YEzg%QGHi%VCHi%VCHkDEBlrFvmgGonxFxoPEGp6E2opDpmVCyl" /><g i="15" p="%^QB7mQBGgcDGgcD7m_H7m_HtncDtncDWsQBWsQBtn2xtn2x7m" /><g i="16" p="#^vHWj%vHtn%FKtnKKWkKKWj^uMWjuMWkoMtn%JPtn%JPWj^tR$j%tRtmtRKnzR0p%JPAp%JPwo%nMwohMjrkLntKMuu$OevgR_vMT5w%MTWwgS7xSRbysNdxxKFuwJRvAHPwEFOxiDuy%_CKxjFNw$GFvIIxupJzthIlsPGlp%pH$o9Jnr0KlsyKJqEKwo%vHwo%vHWo%GFApMFNnMFXlMF4kGF5i%jHSi%KKSi%KKAg%EHAgqGAggFSg%eEwf%KKwf%KKqeKKtdEKvb%9Nwc%uMnd%uMwf%rQwf%HRme%GTAg%uMAg%uMSi%FPSi%pQ$h%8Spj^VCIj%VCDx%3Boy9B1w9Bpu%9BJjUzqmDxJo%2xloIyYlgADiRBif_Cob%oFUc%AExd4DPgeC9i%GD_i" /><g i="17" p="%^wJWjwJworPworPWj^CL7v#lOjvUOhv#rPevrPdurPApwJAp#wJuvCJMwGHxx#MHQrMHApWBAp#gBwuJxiy8xXx#ZyOuDzMr#iAKoiAoj#iA2ecA3cZB1dsP1dbQZb2SldgReegR_u#nRtxIOby#vOxwCL2w^8C4e8CSiMHSiMH4e^wJ4ewJSirPSirP4e^8CWj#2CKnYBwoMHwoMHWj" /><g i="18" p="#^sLNb%xNmdMMFdkL1f%8Q1f%0Rae%ISXf%LRrgeQei_OujLNKkUL$l2KgnZGko%DGIniIPmLJQlcLRkPMkjrOPh$P5g%UK5g%nKngwLOghMzh3NjigMpjtLvk3LijGK4iVJYgTI8ibHfj%PGIivIYgAJifGKEdsLNb^wNTk%sPEmcOenTMeo%5Reo%ZRnn%GT6p%QSDpUR0reQVsBOOuJLcwSICxXDby%XDtxaHMwoJNvDLNusNhtiPMrZQhp%kMhp%GKsq1MaryM1s3NUsbMQtkLLu1LrtLK6s3K0rYHCscGpt%SFPsFHyrXJgpdM_mwNTk^PxNejAnenCGdsEYctFgc%1HjepFzeGDPe%GD9j%RE9j%0G5i%OHdk%GDdk%GDWlaFxmbGnndHdovGtpNFJqcFtpEEdoGDOmGDUuMDrx%KBiyQBpuQBznhABrAx4u%8xGtNy9r_zAobB_lKBdk%sAdkfzdk4yvk%2x9j%XB9j%XB8fmzwfPxCf" /><g i="19" p="#^NAiyTAavTA7kjznnwxbp%YwQoOyMlgAriLB6fACvb%cFTc%iExdOCVg8Cgi%oDcj%DCVjDClvJCqx^EI2c%aJHbbMWdeM$eiM3gmLIgqKlh9KQfUJjeEI2c^LDeh%uPeh%WQUf%5Tii%3HiiYFiiNEAi^YFak%zGQj6JOnHJOphKOr4JUsUH_tQHKsMHtroHop0HjnYFak^6OMi%UQfk_PVk8PJniOwquMCv%rQCv%URgu%2UFw%AGFwnFFwcEYw%aDCv%nLCvtMSreNbo$Nvk6OMi" /><g i="20" p="#^$Cxq%$C6t%MH6t%MHxq^OJXg%YIuh%mI5i%_M5i%fOYg%dQ9j%2I9jGFpmnA_m%cAimqEcl2G9j%IC9j%qBlj%vA5i%rG5iWGihBHqf^0JjvXLCvrMAvXMxvXMgv%XMYn%1BYnPzYnFyeo%DxUm%MPUm%jRsl%ATYn%NOYn%NOLvNOuwsO4x8OGxmMiyRLPw0J8w^3B5w9Buu9BBs9BHq3BCo%PCtp%PHtp%GIIo%hK6q%wJOqwJutCJRu%MHwv%MHau%$Cau%$Cyv^YOnh%VPJf%$AJf5BFh1A1iZyoiryUhVxnhNyCgFzQf9ABd%$ABd%$AFe%SPFe%WQId%ISPfBRJfwPJh^eGKb%DGibVIec6J4dkJWdyIAeNHefsH1e7HPceGKb^kIfjELXjDMpkCNSkJNBlQNkmqNSm1Nnn1Mlm1Ljl9IVj" /><g i="21" p="#^3Eol3EUu9Epx%7CuydCEvdChnPAwpmxNr%Swer_zpodC8ldChk7Cfj%eDKjlEYhtFJf%cAJf%EyVf%JxFe%LFFerG1dGGob%qJOcBImdjISd2IleOHFe%uPFe%0Rdd%hTJf%vHJf1Gzi3Eol^GHwvQJIvqKIv1LIv1LOu%1Llq%5Hlq%xFxq%CEhp%1Lhp1L2nXKgl%bMQl%GOyj%3Iyj%BGJj%GFui%VOui%ZPxh%RRMjlQ0kbPOk2OAlTMlm%ENQm%TMyn%TMhp%xQhp%UR1o%YTlq%TMlq%TMXvTMrxoKoyhKbxGHpw" /><g i="22" p="%^8Che8CxhtFxhtFhe^iAdk#oA2ioAcg#oAleiAmcYBddvFddfGmc4ISddHye#dHUhjH4jtFJjtFAi8CAi8Csj^CQfr#CQdvIQMwMOqxMOUvYKUvYKgx6JPx#cJyvcJBt#cJEr6JApMKeqCOeqGOlq#uLFoUJjmhHjm#QEepYBeqBFeqlGnp4IMqpHrr#pHpvvHNwGFkxGFUvrCUvrC3xBADx#HAKvHAWt#HA6sHA6r#5zMr7x9sYwur#NzsqLBbp#KDVnnFjm1Bjm#PzjmFyCmDxglNFgl#yG2klHuiwJ1k#tIykIHgleNgl#NMjkjLgjELGi#HNbjqOOj#aPpkiOglSPgljRWjtTjmSKjm#nMpnuOso#CQupYTApYTpq#nSCq3SNrwQir^rCirrCRuGFRuGFir^YKirYKRuMORuMOir^xLhexLxhMOxhMOhe^HJJj#NJLhNJ$f#NJeeHJmclLddOOddyPmcgRLdvQxe#vQChCQ_iMOyjMOAixLAixLbj" /><g i="23" p="%^KBlzKBraPCraPClz" /><g i="24" p="#^dHZqdHTsOFluoEOvUBOv4AOvLyNuqxMtqxosqxKrTxerkyJqQyJqyzJqQzfr7AMr7A6s7AFsXz_sLzjtLzytLz_tnAju$AEuOBEupDEucEJt$EOs$EMq$E8p9EaojDbnHAbn%HA1mKC1mADblqElkqEQiqEzhLDEg5DJfIBJf4BJfpA$fLzhgLzVgLzAhXzMh7AYh7Ali7AUiTzgjEzEj0zEjxyEj7yijJxXiJx3iJxvg2zxfnAze4Cze6EzekFQfyG5hyGxiyG2kNF7l0FbmADumCF1npGlodHFpdHZq" /><g i="25" p="#^QGLe%QGii%WIii%WILe^QGlj%QGIm%WIIm%WIlj^QGKs%6J3rSIBqAH$o%NHqo$JKpSKJqJLIr_KOsgKUtWJ3tBJesrJNrxHCt5Gqv%UEYtbFhtbF6s%bFribFxg5F1d%EGId%ZIId%RJWc%kLte%tK1ftK1lzKFn%WIqo%WILn%QGLn^HPOm%sPHn%_QCo%jQrp%jQmvjQ_vKQ_v%pR_v1S_v3S$u6S0u6Sls%5Tls5T$tjTOuxTBv2UXvJTTwaTcxDSxxORxx%fQxxGOxxGOLv%GO$o6NEveGuy%2GRxoMfu$NOm%wMOm%KLnn%sKVl3LxlnLfkILZieMUf%6O2hBNnhpNfieN7jAMKl%7OKlnORjAOLe%dNLe%fMYe%jLId%PQId%URKc%GTLe%iQLe0QVjRPKl%PQKl%_RHk%STOm^rCNsrCfuxCDx%HAoyNAvsNAOm$z1qnx7t%YwCsdyhq9zNn6AglHAii%fzii%gyui%kxeh%NAehNAVeHAib%cDzc%rCid%rCeh%yCeh%CDhg%oFii%rCii%rC6k9EQkWEDlHFpm4FIntE$oNDzn6D7mrC4l" /><g i="26" p="#^RMHd%aN7d0PDdSP5eIQzeIQifIQ0gaQHgFPlh_OcgkO2fRMHd^UCPh%TJPhTJ7eNJHb%AMWc%JLMd%JLPh%SPPh%jRtg%nTTi%JLTi%JL8kBO_lfQpnVRPo9SPpqSOqPRPrcRQsqQlrFPRpwOkonNPmJL4lJLXsPLFu%NJwvTJusTJ_kXHBpTC1t%vCtsqHGniJTi%oGTi5FTiWD9j^xCZshDEtTEAutGwvxKFvCOOv2Udv%2U0w2SNw2SPxmNPxzKCxMHqx$FKweE2w5DZuZBUtBBUteBUtdAOudzIvCyMw%YwfvUyJtNAQs%NAml%Nzml9zml_xFl%Ywik%IAik%sBlj%oDRk%xCxl^ZyWc%uzycnBsd8CheVC6fOCWfICKgTBkh3BWhEAhgdADeZyWc" /><g i="27" p="#^oHoyuHXtuHFnaEmtHxhw%kxGveD1sxGjm%7BjmWzjmLyCm%Jxgl%uHgl%uH2h%CD2hpC2heBlh%cA$f%uH$fuH5foHob%nKLc%qJAd%qJ$f%hN$f%JOFe%UQ2h%qJ2h%qJml%oPml%WQWj%bTqm%hKqmtNosMT1u%MTRu1SRuqR5wlLsssJqm%qJqmqJOuwJqx" /><g i="28" p="#^VG1f%$Q1f%YR4e%GTAf%OSmg1SSugRdwwQAxAO5yYNDwjLXv%jL1vPOpv4PnvmPkvKPTu6QquZQ5g%bM5g5M6kzLln1LzqqJftPHWvvEVx%7ElxSGRu7IuspJ7qQJXmgKLjmK5g%cJ5g%QHhg^hBibkE1dnE0erE$eDDBfPCbgqCWe2CFdNAPb^GDZmND$mgEanTFEkBGfj%tIWkAHklKG1mVFKm6FwngHioxH7pOHXphHJqNGur3GsqlFppGDSn%GDvuGDJvMDxx%QBbyXBIuXB3t%XBjm1ASodxxq%SwZp6zXnTAIlECsj1E9h%EA9hrz9hgyrh%ex5g%aE5g%8Fef%QGZg%OFAhvEkjGDwk" /><g i="29" p="#^gBiymB_umBcs%mB0kHz5nAxbp%2xHobzAl_AGhOCMdmDBb%TF4d%TEPdFDvgDCli%ZD9j%cD4k%cDpucDxviDqx^cJvn%cJJgcJDe6JBb%PLPc%2LLd%2LjmYL9lwNgj4PmhVP5g%XR4i%NQsi2OAl2Lco%2L7u2LwvqMwv%yQwv5RwvgRnurRdtrRrq%pSrqCSdtTS0u8TOuYT8v$SexWQex%SLexcJexcJOu%cJbp5H4rxDss%mDIrPGJpcJvn" /><g i="30" p="#^OAxh%OAan%hFan%hFxh^OAeo%OAsu%hFsu%hFeo^1H_h1Hct7HFw%hFxx%hFwv%OAwv%OA1x%ZyVx3zat3zJo3zgkZyCf%IAtg%qBtgjCpdrCvb%0FUc$DydrCtg%eFtg%iGwf%_Heh^iLBb%QN4d$MJdrLMg%fQMg%pRIf%5Tph%dSai1SitHRQulRmwGQZw0QBxnO5yRNww7LKv%7LRuNNjvJOjvFPjvTPOt6QgsiQPh%7LPhsJwknHwm%PG8mRIViOJxgLK9eiLBb^HJZkfMNmOM1olNgpnMkqpLor1LppFKqniJwl" /><g i="31" p="%^yKFe#yKVcsKob9NxcoMndoMFeZPFeqRpdhTJfoMJfoMehPOehaQ5gXRiioMiioMckyQck$RZiSTgloGgl#FFglvEyltDckyKckyKiiBIii#SHiiIGAiGFehyKehyKJf9HJf#qGJfgF$feEFe^gILngIbp2Pbp2PLn^gIfqgIZr2PZr2Pfq^rGXl$HImZOImDPQltRdnOQVnOQDv#UQzxbOiy#bO$wCLqwCLCv#uNHvjOLv#8POv2P6v2P1tgI1tgIDxrGoy#xGgvxGWr#xGAorGXl^fzxcNz9c#HBndfCae#PCYeBCJf#oCugzBZg#KArhzA0g#pABefzxc^MwKjlAKjaBMi5DgkeC2leCctrF2qZFzq#fDTtEBzw0APu#oA8uoAstoANkHzNk#YyNkOx4l" /><g i="32" p="#^GHFeGHbdAHob%nKEc%wJud%wJFe%MPFe%dRjd%nTJf%zKJfPNXjMTWk%MTDl5SPlTROmSLlkGJJf%wJJfwJxjCJUk%AHFlGH6jGHAglEelAxFn%ex1nfD4kDGJf%pBJfbAJf1z$f%$xFe^9Exq%9E6t%eN6t%eNxq^4PZm4P6taPFu%eNqv%eNau%9Eau%9Eev%dC$vjC9tjCxqjCVndCZk%8EEl%gNEl%6ONk%XPam^9EHm%9Etp%eNtp%eNHm^5yaw%hPaw%QQKu%5Tex%CBex6Aex8zxx" /><g i="33" p="#^aP5oaPsvgPDx%kNoy%kN8x%cF8x%cFXx%gDuymDBwmDkoiBrrpxBt%2x0tUBapkENk%mANk9zNk_x4l%YwKj%IEKj6FViGFJh%LCJhyBJhnA0i%lzGg%XFGglGNfDGFedEReMy2f%My5etFIdPJXc9OaclPvb%UQzdKPIdbOUdEM4eHIyemIJfUHGg%uNGg%1Pqf%OQJh%CHJh_G8jyGKj%lQKj%$Roi%YTNk%9GNksF6mKEUm%lNUm%5OXl%RPjn^cFYn%cFYp%kNYp%kNYn^cF0r%cF6t%kN6t%kN0r^cFau%cF4w%kN4w%kNau" /><g i="34" p="#^Jx_d%AP_d%6Ryc%nT2f%XI2f%XICjAOilHPxmOQLndQ5pFPrqbOBoKMLmXIvk%XI1uXI4w1Jxx%VGiy$Gvu$Gat%$G2f%7B2fWz2fLykf" /><g i="35" p="#^5y4e%iI4e%EJQc%JL8f%kF8fDEghSDMi%kHMi%hIPh%bKxj%bJdkfIUn7H1q0G9sZD9uXB8wNx$x%qxoxJBOuXDNr9GMooHQj%ADQjaDFkDCyl6FwnYEHoPESpZDlq7DQqYCjpOCNn8CdmEAyolyJq%Pxdq2A6nhBskwCNhaD8f%wB8fiA8f7zqf^ILvtOLVpOLhmOLEiILOf%iOQg%xNMh%xNxpxNcrENRs^oQDgoQbdiQNb%$SVc%eSRd%eS_ukSsxmPiyfPDwOLYv%OL7vLOkvzPnvoQpvoQpu" /><g i="36" p="#^Qz_d%ABRe%uPRe%0Rpd%hTVf%MBVfMBhjFBhmzBhpKA8sWz$usxby%SwRxNykuizxrQzKoTzslWz9iQz_d^DHvbAJ5cjKHc2LgdUK0eKKLe7K5fxJqf2JkeAIddiH3c^eGwv6IIvSIIvCJIvHJTu%HJ8o%8F8oXD8oMCqo%KB4n%TJ4nTJFm1JNlcIUkcH0k%xHrj4JRjGKNk%bOoi%HGoitFoiiEHi%gDkh%rOkh%CPng%tRTidQTiSOujvN5kkLnlPLQlILpmBLZm8L4n%wQ4n%uR1m%ATkoPRkoRPQq%8Pvq%uQ8o%rL8o%rLgvrLlx5JiyMI$weGqw" /><g i="37" p="#^kG5hkG5feGmc%_Hdd%xQdd%NR3c%MThe%aIhe%aIwv%DQwv%_Rgu%2Uzw%8Izw%oHqx%MF2w%kGmv^fI2h%uP2h%EQ$f%wS6i%cO6i%cOQl%uPQl%yQTk%kSUm%cOUm%cOur%2Qur%jRlq%hTys%yKys%aJKs%fIur%nMur%nMUm%QKUm%RJ5n%WIQl%nMQl%nM6i%9K6i%bJii^JCTsJCmuPCQx%NAuyTABsTA_m$zkqqxWs%SwzsKz0oNAoi%Syoi%TxAi%Ywkh%TAkhTA$eNAob%ADEc%JCud%JCkh%CDkh%MEhg%EGoi%JCoi%JCokxEclfF$lZFOmmF2oMEhp1ERnjDpmJCml" /><g i="38" p="#^eSSd%eSEteSBvkSex%oQ5y%oQbw%hBbw%hBEx%lziyrz7wrz7u%rzFfrz2elzNb%5BEc%jQEc%3RHb%VSad^hBId%hB$onF7nMHVkyGkjNFfhuEyjBCgl%1CUkADIiDEAgGFreSFId^hB7v%oQ7v%oQId%yGId%aIke%xHOeYGFfKGIf%rLIf%cMRe%WNtg%4N4huLljOJ4lDM5nCQun%CQjo5PqoHOup2LcoHI1msFHohBVp^sGLgLHNiNI0kWJAidLLg^CGFn8J8obKzoeL_o3LoqUKNrOJLqJIJprGio^IE6rqJBrUK2snMvstM3uAMCvYKsulJitIEVr" /><g i="39" p="#^oA1vUAougBvtzAvt6AatFzQsvzhslzKrszerzzKqdAfqTAMpSB_pRCbq9D3ruDWr4DbtHCruDBBvAALwDzRwGyYwhzjwUzGvoA1v" /><g i="40" p="%^mGoimG1o7L1o7Loi^4DccADHb#5GbdFG0e#dHRe3HGf#VGugbGTg#tFfh$EFf#xE2e4Dcc^wE1owEoizCoi#mBoibAHi9zkhTJkh#_L6deMBbBOddENLdMKkhuPkhQQ5gVSoiZMoiZM1oYP1oBRvmYT5pZM5p#ZMgv3NKx1Loy#7Lmv7L5pkG5p#MF7wXxuyDxRx#2E0vwE5pXA5p#Jz5pzyopxx1o" /><g i="41" p="#^wzUdDCqgDCuhDCyiKBejSAWjAAsijA_gZyee^LD5fLDMdFDBb%mGCc%vFFd%vFpk%0Ipk%gJfj%eLsl%uFsloF4ncFVo%uIVo%RJFn%VLYp%3FYpCEksCCDuCAVwixoy%YwOxkz8wZAjuDCtsmDYp%EAYprzYpgyfq%exVo%uDVoFD$mLDsl%UBslHAslwzLl%uypk%LDpk^DIBd%SKff$JGfMIkhyH_ipGWj%SFzjEG8isHxggIWeDIBd^6O6h%6Ocq6OArcOWs%gMHtnMoqnM8mnMThgM7f%TOgg^GQIu%GQYfGQ5dAQvb%bTDc%qSzd%qS9vwSsxMPiyyPPwRM8w%RMjvnPwv0QwvGQwvGQIu" /><g i="42" p="#^bBFeQCNfuDGg9EzhlDEiyCJjbCmiRB$gNA2f^EHae%OJLf8J3gDILg7IrhyGEj%YFijiH4gEHae^TFwmTFfrZFIt%1Emu7Err7EhnyDRpNAKs%cAmsCCRozD_k%0C_k%2Bal%6AWj%7EWj7Ebf1EHb%EGWc%TFMd%TFWj%rHWj%vIZi%hK_k%TF_k%TFFlhI8n8J4o$J0phJcqzIorRHMp8H7oTFwm^Gy0u%GyNjGyAhAymc%bBBd%qAre%qAmu%IFmu%TGjt%LIqv%nAqv%wzhw%VxNu^2P$x8Pis8Pal%6MaliM0rZKFtFJiwsGuy%YFYx0I_vYIiuUJCs7KxqmKsomKBkmKJggKjd%PL4eHNId2PedpQMckR3c%5Tbe0SbeaRkekQte6M0f%6M6k%JQ6k%_RZi%YTal%UQal%UQatUQku_Qfx" /><g i="43" p="#^7EPf%7ELe%4ILe%4IPf%sHPf9HPfUG2gDGggsGQg%tCCv%vBCv%VxZgPxkgDx4gsxPf6xPf%nwPf%nwLe%$ALe%$APf%mAPf1APfXz$fRzagWzxg%zCAr%nCAr%cFOgnFggeF2g5FPfGEPf" /><g i="44" p="#^iyPf%iyLe%sGLe%sGPf%$DPfIDPfyDXfoD3goDkg%oD1uoDiuyDquIDyu$Dyu%sGyu%sGCv%iyCv%iyyu%LAyu6ByueBrumBjumB1u%mBkgmB2geBXf6BPfLAPf" /><g i="45" p="#^nFme%SNme%jP7d%gRqf%dIqfAHqfpGJf^OEUqTFFqHGFpwHEotI1nqJplNJpk%AGpkSFpkHEHk%FDlj%GPlj%dRVh%hTpk%zKpk%iMFlpLFlXJGnuIHpQG$q%SOEqdOzpLMLn%hNnntPFoCQPpLRZqBR_rsR$sOQst8QUtNP_srP4sePBrtK3sPIrsaHPs6Gpt^9zQc%GzscLBsdtCbecDVe5DKf_Cyg9C8hlBJh0BjgIAVe9zQc^DCvsnDmtTEcunG1vfJav8MjvLOdvmR7v2UKu%2Uyv2S7w2SextNexCK8xMH2xYFjw8EAv5DAu2CAtGBvtjBptgAwudzCvAynw%YwNuByltTAqs%TA4l%sA4lfz4l4yml%2x0k%OA0k%xBZi%uDsk%DCel" /><g i="46" p="#^PG4e%6P4e%zQQc%qS8f%dK8f0J8fRHqf^GH7vuKjveLjv_Ljv_Lpu%_LUk%BIUkoHUkdGal%bFQj%lQQj%VRui%MTUk%QNUk%QN_uWNGxXKbyXKPwGH2w^6DHb%cFndrEGdQCwfdBmhtyfj%5yHiNz2h9B6fxC9d6DHb^GDXm%GDqx%KBoyQB1wQBHm2AXoIxrq%kxTppzKnfBgl6DOibEng%aG6i%eFJi0EvkcDnl%fEfm" /><g i="47" p="#^vLzgvLVcpLob%cOSc%fNGd%fNzg%rQzg%HRqf%ATDh%fNDh%fNsl%uPsl%KQik%CSwm%dKwm0JwmRHOm%PGsl%vLsl%vLDh%mJDh9IDh_GWh%YFzg^AHiyGHXvGHatGHpqAH8o%qJ$o%MP$o%KQ8o%kSLp%tRqq%tRdutRkwzRlx%JP$x%JP5w%qJ5w%qJxx^qJ3q%qJ1v%JP1v%JP3q^eAAp%QGwo%QGkpsFGp0DnqAA4rezZr%$xUpTyvpwzSoaAdoBCalKBmlIABlHzQlxyqm%xxckAyckQzzh4BVeWBTb%lEad%qDQdrBBhzzck%_C7k3EpiREMg%XGhi%_FVilDpmeAAp^FyYw%xxIu4zsuXA1uOCBtYGrs%7HdtWz3wFyYw" /><g i="48" p="#^kJyj%kJzn%bOzn%bOyj^BADqHAtoHAemHA_jBADh%wCui%oHui%oHVf%RAVfDzVfsybg%qxRe%oHReoHhdiHib%hKxc%kJtd%kJRe%9QRe%BRvd%MTVf%kJVf%kJui%6Oui%YOrh%UQWi%7QCj7QzndQcp%bOYp%bODo%hKDogNJtAT_u%ATMvIR3wnR8xgLPtnJDo%kJDokJ$vqJDx%iHuyoHvuoHhpaE_uoxPx%2xcxeDnt2GDo%DCDo%DCTp^DCyj%DCzn%oHzn%oHyj" /><g i="49" p="#^eNJheNee8Nvb%1QYc%4PNd%4PJh%9QJh%vRtg%ATNi%4PNi%4Pmv4PmxuMbynMJwiJ2w%iJ7v8MwvHMrveNlveNvu%eNNi%vINiiHNi7G3j%5FJh^dHHkXJumxKun8LuobKIpfJWqLI7pgIknJGbl^1A5g%1Aml%tDml%tD5g^1Aqm%1A3s%tD3s%tDqm^iF5oiFJsoFau%tD1v%tD7t%1A7t%1A1v%5yUvbyBsbytmbylg5yge%Xz1f%pD1f%fE4e%3Gzf%iFlg" /><g i="50" p="%^qNylGDylGDemKBUm#QB6lQBGh#QBeeKBgcuD7dnN7djO9c7QGdgPme#gPjkmPXlqNHm^GD0iGDvkqNvkqN0i^GDbeGDYgqNYgqNbe^8zRn#GBlpSCCq#3ETreDpt#qCXuLBct#5BtrMyoo^TJjvTJdmAMAnJLooJLTt#qOPqgQ4nqS5p#lRmpQP6r#kOSsJLVuJLjvAPjv6RTtnTnwXAnw#JznwzyFwxxjv$Ejv#$EioUE7mIHunQGdoQGjv" /><g i="51" p="#^6ABd%LNBd%iP9c%tRFe%wDFejCFe8BYe^8xQj%fQQj%ORoi%YTUk%wJUk%wJfvCJtxzGiymGCwaDLv%aDXudGdvUGbvAH8vAHdu%AHUk%yAUklzUkayal^jDjm%NF2o%KEAoHBetyx5w%2xzv5BvrjDjm^QLUmGPEp5R0rwSoszSetCS4u_R2vnR$vFQyuXP4tIOoruNHpjLqn" /><g i="52" p="%^2GkoCOkoTPanRRopAMopAMjvxQjvUR4uYTnwyHnw#kGnwaFFw7EjvKKjvKKop8IopZGAp^QK5k#THYm3FkoIELn#6IZkZJPhVLIj^FMaj$MAi#5QMjcRxk#jShlmS9m#qS0nNRGn#9RkojQPm#uPhlFMaj^$PcjTQ9hIH9h#IHMhAHni#tH_iQGgj#cGyjyFej#UEViIFSh#xGPgRGXeIHXeIH5g$Q5gSR7fGT9h#oS9hCQyj^vJDcRJ3c#4MZcSMvd#EN0euNPe#kNCfKM$f#8MngELnf#9LmevJDc^ZFBlPCynPCIv#ICrxvAoy#vAgxxxjwxxwv#TzUvqAPv#ZAKvZABuZAko#KyOphyrqSwko#ayYnZANmZAPhfzPhZx0i2xMgZAMg#ZAzdTAvbMDKcPCGdPCMgdDMghEOf3GPhPCPhPCdmEFTk" /><g i="53" p="#^dLVhdLxe7Lob%WNEc%3Nud%3NVh%GPVh%WQMg%VSZi%3NZi%3N1o%JQ1o%_RUm%YT5p%3N5p3Naw9NJx%7LuydLytdL5p%fH5p2G5pTEop%RD1o%dL1o%dLZi%wHZiqGxlQEzn%eEdniFSkVFGixGugYGId%qJYe%CIJfgIGgOHVh^ZAuy3Bgv3BEt%3BJj0zonoxVo%SwpoFxcnFyBlFzZjUAih7CDebDob%BFZc%MEJd$COgrCOh%GDIi%VCvj%VCmtVCav$Cwx" /><g i="54" p="#^RPAp%RPLvRPLxlNuyfNhxTJqw%TJwvmNUvGNNv$NGv$Nmv%$NAp%sHApeGAp3FSp%1Ewo%$Nwo$NPlVNpk%CQLl%RPum%RPwo%DQwo%URnn%STAp^EHSpxJ4r5KSrGKDszKitsKYtDJyuPI7vuIAtaI0s5Hdq^2LFdkKteIJ1f%AP1f%yQae%eSVf%hRwgHPBinOPj3N0lDKumcIXnkEDo%kEVnVHPmNKHkGNzirP5g%bJ5gIIGgtIRgwJoh8K0iMKEiFKnjyK6kPJyk5J_kSIVjEIPi_HrhYGUiIEBk%kE2kAGrhLHsfXItdJJob%6M8d^qxmg%Zx$ffAvhPAkinB9jgBZjaBMksAjlLzRljzikUyKiqxmg^7CoydCyvdC2oDBbpkAOq2zpsFypt%MwGrDx8rczMpNAnodCRmdCke7CNb%KE6d%ZD7eZDBsZDZtZDlv3Ewx" /><g i="55" p="#^bLpvvNOvdOMvYOJvYO_u%YOCf%KHCfxGCfmFVf%kEze%PQze%4Spd%2UCf%IQCf%IQFvUQrxkOoy6Obx1Lcw^bFyshFVphFtnhF1lbFoi%RG9j%GK9j%qLii%fNHj%uMnk%uM$nuMtpAM0r%EKNr%EKlq%1Hlq%1HUr^1Hdk%1Hhp%EKhp%EKdk^NAoyTAstTAxr%TA7kaAYlKx8o%kxCnXzYjaBHgpCpdTCBb%iFad%oEVdaDkgkC3i%oDPi%DCwj%DCstDCDvJCwx" /><g i="56" p="%^kCgt#kCEwrCXxvAuy#BAOuBAEtBApk#jz4nwxVoYwyo#OyBldA9i#FBIevCBbWE4dVDPd#pCihYBki5D5jkCOj^vHEjvH1mnO1mnOEj^vH5nvHtpnOtpnO5n^vHxqvHWsnOWsnOxq^vH_tvHnwnOnwnO_t^BJef#HJhdBJvbiMLcwLudrLefoPefKQ_dPShgqLhgkLAikOAihPDh_Q8j7QPj7QnwDQnw_R7v2UqxDFqx#qEqxfDJxdCnwMFnwMF_l#MFRkGFPhjHAivJAiBJhgZGhg#LFhgBEAgzDef" /><g i="57" p="#^tDzqAEZqXE0siF3t1F3uNE2v$DAvdD5w9C5w6B5wgAgvrzquozrtlzrsPzFrhASqkBvqnC8qtDzq^xBFumC7v8DCuXD5uUD8tRDas0DKrcCirsBPrIAksIAftIAauxBFu" /><g i="58" p="#^FI1fwLMgzLPhDLRiVKljbKQjLJqikJ0hfIsf^qS9g%uROg9QIiROQj%hOtjEP0hbQLe^gMTk%gM5hgMSdaMHb%HO1d%WNSd%WNTk%lQTk%pRWj%5TXl%WNXl%WNbnCQMoqRIpeSEqDRKr0RQsqQPrRPOqbPSpxOWoWN2o%WNisWNYt0Odv%aM5wgMHsgMko$Kpr3IOt%GHftAKIp_LXl%bLXlZJXlOIdm%MHTk^eGEv%eGDgeG8e8Gyc%LIGd%UHIe%UH_v%JQ_v%_RRu%ST2x%RH2x%$GVx%hFww^az6k%UC0kSDliyEzg%yG4i%JFIilDvm7AMp%ZFVo%ZFJpzA$qezZr%5yRp_yBpSzEoKAGnBC_kkzyluydm%qx6kty6kMz_g4BSdxBZb%SDld%2D5eSAbiaz6k^DxKuUyKuVFQs%3GBtXzYvTyYw" /><g i="59" p="#^DPAl%TQsj%BIsjoHsjdGJj%bFoi%QKoi%QKbg%yJbglIbgaHug%8G7f%QK7f%QKFdQKPcKKvb%lNDc%AMtd%AM7f%5P7f%mQ_d%eSbg%AMbg%AMoi%PQoi%GRrh%MTJjbSJjbQXl^eH6kHJCkaKalGKKlmKOm2KSnaJPmjIMlVGIk^OFCmNIpn5JboqJYoZIOpxIDqRHEp9HEotFan^8LlqpL1ndLrj%KNAk8Nkl5NGm3N0oTMlq%rQlq%OR$o%MTor%QMorFMbsoMWsSQouHRavwSYvdSgxWRAyDQ6xkPFv2MHtaLlvjJtwsHCxqDoy%gDCxdHjwXITuFKqt1Lor%KHorxGormFHr%kElq^eBZb%ADfdzC6eCBYfGAOhazWj%BCEjnDfi2E5g%aGthfFji$DnkMCqmeAtpWBbpDFCo%NFqpBDYpRBtq5A_q3zNr%PxFpHyppCzioxAbnjCBkJAZk_zflfzwlmy1m%exQjbyQjuzXgOA2eeBZb^kxCutzgufBUt2DwtPFWs%ZFItqDyuoBivmz2wByFw" /><g i="60" p="%^tKdttKCv6QCv6Qdt^OC7y#GDqwtE8u#hFSrwFfo#MFDkJFSh#GF5fGFjdjHge#aMkdVNMc#EPcctQBbeSUd#YQUd3P7e#aNmevHcfvHVh5MVh#aM8g4MzeNOIf$NsgWNVhJQVh_RMgYTZiVNZiQNyl2QylUQHkCS5mXRHmXR1u#XRaw2SKx6Qoy6QFwtKFwtKRxEIoy#KIRvKI7r#KIomEINkhKyl$Lyl4MZiXJZi#WIZiYHfjvHui#BHxnWGgr#fG_unDuy^tKCmtKVo6QVo6QCm^tKYptK9s6Q9s6QYp^lCNbrEEd#oD8ePBRf#fAyhCxsjexUi#czRgAAPe#YBNclCNb^jDtgvFdisEKi#bDBkkCMlkCXxoAuy#vAXvvApuvAnn#hzdpkxxqYwZp#ZxUorzUm#WAUkSBej#PCAhjDtg" /><g i="61" p="#^8xUd%pDUd%FEKc%yGFe%VCFe%VC0k%CD0k%MEZi%yG4l%VC4l%VC8q%bGIo%mGsp5AVsayau%Yw2s7zvr3BIq%3B4l%XA4lJz4lzyml%xx0k%3B0k%3BYe%yAYelzYeayef^MMlk%MM3tMMIvTMkx%QKby%XKFvXKQtXKBkvIHpjEys%XD_rkJrmILFe%gJFe3IFeUGYe%SFBd%sQBd%$Rmc%MTFe%FNFeXMQg6MKi%lNxj^INNkARlntSDonTUpGSarZRssqRnrUQiq5QUoiPtnkNll" /><g i="62" p="#^MDjlMD_ljDrmSCUmbCUmvBUm2BrmBA_lBAjlBAEk2BbkvBKjbCKjSCKjjDbkMDEkMDjl^MDjuMD_ujDrvSCUvbCUvvBUv2BrvBA_uBAjuBAEt2BbtvBKsbCKsSCKsjDbtMDEtMDju" /><g i="63" p="#^ZDCfrFZfOFSgaGKhhFpioE3jgEpi8EKhSD2hADmg0DCf%5CCfpBjguAbhzz2iYxZi%Dxii0zYgeAcftBsd7Cvb%rE0dNDtdDCze%nGze%EHpd%wJCf^eLBb%xNadMMudJLze%fQze%vRpd%nTCf%fNCfpOSfWOAgsPihFObiTN3jzNligNDh3N1hTMrgiMCf%cLCfpKugTJ4hlJFhPHNi%iHgi8J6gUJBeFK4deLBb^lAFpUA1oqBml%6Djm%ZHjm%ZHWj%YCWjdCWj2Bdk%0ASi%qOSi%uPVh%4Rxj%jQ6kjQLmpQMn%AOqo%AOnn%IJnn%IJSp%lQSp%pRVo%$Swq%6ScrLRutyRlulRbvZQGvCQ8w5QowAPFwnOSwnOxvULtu%ULHtFOmu4PkuwPhuJPRtWPotiQWq%IJWq%IJmvIJywOJXx%SHuyZHpwZHQt%ZH0rnGEtzDivLAXw6x$x%Yw7xHz6wbCvuHEUskGWq%WBWq%aBNr%rznq^IJWj%IJjm%AOjm%AOWj^XCnnCCfo8CSp%ZHSp%ZHnn" /><g i="64" p="#^Kzzg%YNzg%oPef%zRDh%2DDhWBDhMAWh^kxTt%hPTt%6R9s%GTXu%RAXuxzXumydv" /><g i="65" p="#^GOpl%cQci%KIci1Irj9HRkiGembEeo%FDKnUFPkdHjhyIOdTIvb%DLUcOKsdqKhe3K5f1J8h%fQ8h%pR5g%nTiihSziER6j0RFjfPLl^ILUkqLarBIeuMFixHBuy%mBSxjGzvbI7s4KHoaKui%TMQj%iMskXM9pSO7sOQ4v2Uhw%TTYwpSSwFRVx$O$voNIsOLopILUk^1zychBFdnCReuD0grCmhoBHiVASgqA0fGy6d^DxbpIztpdA2pKACoQE1f%BFmfQBmpEBJptB3qtBertBosLBAu2CMwWAFwOzywwzQvfz6vxzztQz0sKzirFzAqDx$p" /><g i="66" p="#^HJWb%4KvbEMDcRMzd3NvehM9fwLPfgLZe1L6eIKtdoKQcHJWb^1Rvm%5Tno%7SNomQQqNOlsZQxt7SuuhTrvdTkwaTexzSzxZRVxiRtwDQ1vlOWsZJQwuEVx%kE7x3HiwzJHu3M4t5OGq8Qfo1Rvm^kECf%DQCf%URte%MTGg%eLGg%AMqh%JLZhEJekUHml%qN4lcOHjNOci%4RHj%3QrkSNZnxL5qdJdsvFBt%bFTseKiq1N7miLjmwJEmLHZmUGzn%SFql0HblaIFjlJ7i3KGg%KHGgxGGgmFYg^KzBc%7A9cLBZczCHdoDpeoDefoD3gGCCgYB9htBFf$A9eKzBc^BA_uZAvuZAyt%ZA4l%LA4lxz4lmyml%kx0k%0B0k%4C3j%ADAk%JCfl%JCvt%QFxq%mG2rTCjvgCFw" /><g i="67" p="%^8xTx#zzNugA8s#ZAvp0BKl#3BZhZAIdPCFe#aIbeHLqd#cPFcwQZb2She#zQbe7MPe#HHqfVCIfVC9jSP9jdRVhbTdkVCdk#$CMpKBQs#uAUvGxoy^vQ4pvQQt#vQivCQAwGOexGOwvyGwvyGYwwEJx#IEfvIEfs#IEfpCEUmyGLnCOLnHPOmgRpo^yGPoyGsuGOsuGOPo" /><g i="68" p="#^ZDzehFWkMIhpPLWkINze^lzvd%LNvd%BOyc%pQ8e%wPYe7N5mVJyq5MHsWOVtLR7vYTev%YT2wbSrwSRxxtMGvNIBrCEZvkx5y%8xrxSDBuMHtq2Ejl0Dze%LCzeyBzenARe" /><g i="69" p="#^1CHk%TKHk%8Mxj%6OLl%lFLldELl3D1m^rCUv8FOvkNxv8MiuTJds%nKGrPNEtoPYu_QgwaQCxnPZyUO7ypOixQNtwkJYw_FnxECPxoBiy%iAZvRBDvJD8tBFFqYFSp%OBSpBASpqz9q%oyOo%5POo%yQtn%ISSp%pHSp%LIFq%NH4ryE_urCUv^OJ$c%RIEddKHf5NMhZPRjYTrk%YTel9SrlLRwmgPJlHMEj7KyhcIhevGfhKDPj_Anmlx8o%SwzncACl2DliUF3fqHib" /><g i="70" p="#^6GblkEMm1EYpUCIpUCYnUCbmhEykHFViSFXh2GZglFZfEEYeFD$eGC1fYBFffBggaBAg5BTgwB6hYBlhYBXhYBxiEBUilBfjKAfj8AfjKzKilzdiuzdhEzdgBAgfzBieJC2eUDOdZE$d2Gce9HhfgIlg3I_hTHCj6Gbl^yE$quFurxFBsBFHtCEduDDLuKCkuRBUtKBLsEBBrDC3rCDxqyE$q" /><g i="71" p="#^RGPf%TFegPHchhI1iLIRiUHMj2HHkIGwjmGligFGgeEphJCbidBYi5zJj%My$iCC5hWE3ffH0dfIvb%bKgd%cJGd%vHLe%wOLe%HPId%FRMf%uQggJNQiIJ5lIFmnlyko%bywn2DDm1HPk1L$inOPf^eJZk%8LSm%4KfnQJvnFI1o%MP1o%QQ4n%IS1p%zRDpMMDu0IgwhDVx5yiy%5ysxEDGwYHNugMTsDP5p%0I5pIEzrRzdt%xztswCYqREipaHDneJZk^hGSpdIhrGIis8Jjt6Idu4H7vRGItDGgsMFlq" /><g i="72" p="#^oHuyuHpuuHTs%uHzmuHRkoHci%bKFj%qJnk%qJQtqJxvwJqx^$JHc%8JldFL1hrOZidRUkYTil%YT6mkSdmBRnntOOlrMGjpKxhBI4eBGQh3E9kyBum7xeo%Ywun9BplRDVhyGoeBHib" /><g i="73" p="#^XDTk%qOTk%HPKj%FRXl%lHXlYFXl_Edm^SMfsSOltcQruyRxvERowLRgx7RWxvQAy4QUxFPcx9PhwRKFw8I1xrFqxoE$x%gDKvDECvpGntbI7rQIMp%rFMpdEMp3D3q%1CIo%9QIo%vRtn%ATMp%CJMp%rLRqsKgrXIQsqHouvFIv%SOqv2OtunMNs^rC4e%rCSg%lPSg%lP4e^Yw_xOy4vyz8siAcpoAimvAojvAZgvAxeoAgc%eC1d%oP1d%sQ3c%2SGd%gRlegRhfgRoggRuhnRpi%lP3j%lPWh%rCWhrCxk8CynRByqWAat$zNvvxuy" /><g i="74" p="#^xE1v%xEtw%nMtw%nM1v^_Lpd%lFpd7EpdZCId%XBmc%lMmc%jNHb%NOvd%ANTddMFe8L0f0NsfIN$fpOxg9OnhVNciPMqhJLEgRJPfRG2h3BJh%cBUgRF5grIefLFFe7Ece%hEpdWGUdCJteRKKd_Lpd^3zJh%EFJh%QGYg%aIWi%fH3jgGHjoF0kEGlk3HYkvHzlaHkmSG5n0GjmbFwlbE_kOBjmZx_m%Pxbm1BtlaDhknC0kcAuj%mAGipCZi7ErjOEWitFNi%gBNi%_zZi^9IJh%cPJh%aQYg%FREi%GQ1jQPNj4P6kIQEk7RflzRSleRumVQ5nRPgmNOqlYN_kzLcmxHbn%oHpm3LclLMkkBL0kTJAj%1KMiILZiDNxjfO3j2PNi%mKNi%4JZi^rPbq%uQ2o%CA2oCAQpUztqaz6rcyHqexgqiyjpmzloMzjm%CAjm%CA_m%xQ_m%vR7m%nTfoaSvoHRSocRdp0Qxq^OCko%sEbp%qMbp%nNko%TORp%6Owq%6Otw%SPtw%pR1v%GTxx%RAxxDzxxsyPx%qxtw%OCtw^xEfq%xEAr%nMAr%nMfq^xEEs%xEZt%nMZt%nMEs" /><g i="75" p="#^iy5g%1F5gtFVdAFBb%gIQc%uHHd%XG5g%JO5g%lQze%IS9h%NG9hSFKkDE4n%tN4n%POQl%UQ8o%SK8o%SKIv%hPIv%QQgu%5TMw%bEMw_CMwPB2x%NAIv%0JIv%0J8o%lG8o%3Fko%sEznVBXswxhw%8xJvuzjtwBOpzDhmUE9h%IB9huA9hkzrh" /><g i="76" p="#^WzyjRydmjxSn%Mwmn_yujaAcgmBWcCBBb%ZDSc%8DCd3C_f$Aei%eCYi%FBHj%FBQtFBrvMBQx%QzuyWzgvWzmt^kLpf%kLRmkLPnrLKq%HJor%HJ8f%vF8f%vFcr%LDZrRD2pRDbo%RD$gRD9gLDjd%vF4e%KJ4e%IKdd%cMLe^DGhg%1Jih%sI9imIOlgImoaIWqAHHs$GruPFGvEEVw5Cby%KBCxtEBvvFHtxGMrDGWnJG3kDGhg^8IMraLStNLLuoMEvJLGw2LJxwKBw_JtvnJxuNIBtMHjs^NOPg%NOYoNO3qTOTr%XMEs1Nbq1N2p%1Nli1NihXMRe%sP_f^1Nwv7POvXPOvMQOvGQ6v%GQ_eGQMdAQTb%hTed%qS3e%qSVvwSEx$Poy6Qmx1Npw" /><g i="77" p="#^6Fwm6F9vcFex%aD5ygD_ugDwmACCo1BvquznsqxUt%2xktizPqJAjo8COlOCWj%PzWj%Ry7k%VxSi%gDSi%gD2feCefoywf%oyHeQBbeVDAd$FYcIHZb%eJ7esGte6FOe%6FSi%2HSi%dIPh%$JWj%6FWj%6FClHILm5JPnwJTo$IFpvIrqQHrp9Hro6Fwm^eSsgeSgrkS5u%oQLu%oQKs%$LKs%$LRu%3KCvaK9raKqmaKHh3Kae%QL7f%lQ7f%pRae%$SNf^$Lbg%$LGr%oQGr%oQbg" /><g i="78" p="%^eJ6ieJXnDPXnDP6i^iH2h#iHzdcHob$JDceJzdeJ2hyP2hoQUfkSnhtRfitRIn#tRNozR3qDPJqDP$oeJ$o#eJ4wkJqxcHoy#iHXviH$obB$obB2qfzWq#lzXolzIl#lzsifzbg$A2h^bB6ibBXniHXniH6i" /><g i="79" p="#^7F9c%pHTd%uGveTEwhUCXjVAmmBxeo%exFnNzxlGBQiAD7g7F9c^cMFc%rLhdrMTgNOXi8R_kYTvl%YTbmqSpmORtnmOHlsMMizKRfTJHb^gBsl%jMsl%nNvk%ZO6m%cONm0OhucNXvpMAx7KiyPJIwoH1w%oHdv2KCvFKzvhLwvDLzu_LBtnMwm%SHwmiHtqyFmtODewCyoy%iyFxFCov6EqsAFspSFwm%aDwm%bCHm" /><g i="80" p="#^MBhe%MBui%cHui%cHhe^Qz_kWzJiWzMgWzPeQzsc%LBdd%8Hdd%_Hgc%OJLd%XIxe%XIGhXI1j1J8k%cHHk%cHyj%MByj%MBrk^$Ddv1GCvrGCvRGCv9HcvuHOu3IDo%CEDoeEJrJC0ucBjwBx5y%exwx3AvvhBftwC_qOCDo%JzDo%yyPo%Dxzn%OCznUC_lOCrj%vFAk%PEklJEumDEzn%5Izn%2JCm%MK5o%UJUopJfvLIpw5IAxiG5y_FOwRD$v^vLdtCLDpCLYlCLgivLkf%6Osg%rNih%rNkprNxqxNfs^tMjv_POvbQDvoQsvoQ4v%oQ_eoQ2eiQNb%$SVc%eSRd%eS6vqSrxLPoyXOQwtMew" /><g i="81" p="#^DE9h%DExj%tMxj%tM9h^ICTb%xEKc%pMKc%mNNb%aPhd%iO3eiOmjpOZk%tMRl%tMBk%DEBk%DEnl%IC1mOCojOC3hOCJeICTb^DENd%DE5g%tM5g%tMNd^DxCm%uPCm%0Ral%hTFn%CJFn%CJrq%eOrq%APbp%FRur%CJur%CJ$u7LqviOtvtRwvMTdv%MT8w0SxwPRJxULwxwJNw8H3wCFUu5EJtbDfswBdwHx$x%kxqxzBbuFCFn%cF7pzEIpiE8q2EAqGDvrcFltMHyu%MHFn%1BFnPzFnFyYn" /><g i="82" p="#^KKOeKKhdEKvb%rNRc%AMGd%AM0k%lQ0k%NRGi%YT4l%AM4l%AMavAMgwGMKx%EKoyKKavKK7u%KK4l%3H4lSF4lHEml%FD0k%KK0k^iDKtiDmvoDDx%mBuysBvwsBzv%sBWj4A5nuxGp%YwapCyPmaAxjLBfg4Dob%HFZc%SEJdgD6hDCli%3Ehj%iD$j" /><g i="83" p="#^eJweFEHlMxAp%qxUoCBDlaEliLG3f6INb%zKWd^uDTt_FNttOkthNvrdLXo%KLqo8RQsBRgu2SIv9RIwgQJxOPAwlPrvROguEDpvqCFw%TATtgCTtLFlqfJPmzLxh%WNsj%NM4kRJ8okHIqQEftuDTt" /><g i="84" p="#^aDMp%TF7r%6FRr%6FIu6FxvPFCv%MLCvpMxvDMFuRMNtXMur%PNurWNBt2OouaOav4PovjOexDMex%rFex4DexgD3vgDaraDMp^2G_o%pGqoWICpRJsqMKhr$JyseJOtzIpsVH$q2G_o^ONPq%8OeqbQ2rkRLruSrsHSftVS3ueS1vzR$vOQtu2QWsONPq^tAxq%hBxq4BPtCALu8AGvjzRvuy$vSxvvex$usyWtGzQstAxq^UDZbBF_cpGSddHKe0HCfPGtg1GYgfFrh_E0gJEBemDlc^EBMpKBdnKB1lKBRiEBzg%oDkh%6JkhLKkeCLvb%0Ogd%ZMGdpLSf5Kkh%xNkh%hOng%7QLh%mPyimPhnsPWo%wNAp%wNwo%ADwo%ADdp^ADoi%ADtn%wNtn%wNoi" /></glyphs></font><font id="30" name="SimSun Charset134"><glyphs><g i="0" p="#^nEEh%nE_j%LN_j%LNEh^nEzk%nE0n%LN0n%LNzk^zF1qdHbsaJyt1LhsbN1q^$DAb%XFYc%_Eld%cEje%qPje%OQYc%LSVe%VDVeZAdiYx_j%FxHjoAyhRBpfjDfd$DAb^QGAo%2GZo%FFsp%hNsp%9OAo%JP8q%LOxqvMMsfKku9OzwQTzw%QTZwyS3x3Sey4NFxhJ$u5EYxLxry%Lx2yBEGwcIdurGns4FeqWCZspz$u%jzJuqDpr_EBn%nEBn%nEUn%PCGoWCwmWCqkWCkiPCgg%nE2h%AN2h%sO4g%5Qrh%eP1iePcjePPkePpmjPBn%LNbo%LNBn%4FBn" /><g i="1" p="#^hJDuiMdvwNavLO6vLOyt%8PVe%ECVemBVeiAcf%pzje%XOje%PPfd%uRwe%BQcf%cQXtcQTwhNLxnNowaJ6v^DyusfB5sbNVm%nNinZAmtoAJu^ID2hqHCicIsj_IhklIvlJHJmTG9l2GBjwDlh" /><g i="2" p="#^DLTb%nN8dHMld7Lcf%pQcf%bRje%FSNf%MR9gcQ1iXOijGNzkPLRlYJ6n1Hbo%QGUnoI6nUJ5mpL3l4NvjLOXhpQNf%RKNf%9KngpLXg8MEhUMkifMjjDLhkhL6jXKXhYJFgHIXhdH$i%1HJiHI2hPJlfXKEdDLTb^GN9l%jPDm9O6nHMAo%nRAo%9SHn%DT9p%RSxpTR0rcQWsxOQuFLewNIFx5Eey%5EYxdHgxwJewPLdvJNFtDP5snR9p%iM9p%sKDqVLvroMhsUM3tcMUtwLJugLst1Lbs9KWqPHAsfGmt%2G3tPHTr9KxpvMbnGN9l^RxVebAwekCNduE1dnFmc%JG1egFdejDwe%jDoj%TEoj%XFki%vH_j%jD_j%jD7m_EPmYFBnXGnolGvpMFDqgFppNEbojDDmjD$uqDzx%SBlyYBDuYBpnVzBrlx2u%axRtQypr1AMofB7mSB_j%iA_j0z_jYxhk%3xoj%1Coj%1CPe7zcfRxif" /><g i="3" p="#^TAlyZApvZAUjVyingx3p%ZwSoQyXllAwiSB5fECAb%TELc%$DfdrCMgLBki%1Dcj%fCNjfCvvlCzx^UIZb%aJNb0MWd3MVe6MTfmLtgDK2hoKBf9K7eUIZb^VDrh%JPrh%5R4g%2T1i%1H1iSF1iNEki^9Ghk%rG3kUIZntJWp3KTr4JVs6IXt2IMs$HBrCHspdHin9Ghk^sO$i%OQhkWPMk1PIn9ODqiM5w%IQ5w%3SJu%$TGw%yGGwgFGwcEZw%jD5w%DL5wOM5sANkomOzksO$i" /><g i="4" p="#^ECqq%ECyt%$Hyt%$Hqq^zJSg%NIfh%6Iki%bNki%mO9h%5QVi%VHVitFemoAPm%iAwmuEslfGVi%xCVi%mB6j%AAki%yGki7HlhJHBf^hJNv0M5wEM2whN$vhNvv%hNOn%TAOnCzOnxy4o%Fxbn%0Qbn%uRKl%xTOn%EOOn%EO$vEOGwlOcx3OLxBMly6MTwhJbw^aB5wfBJufBMsfBPqaBZo%ECRp%VHRp%HI3p%3Keq%hJPqhJFtnJWu%$Hvv%$H8u%EC8u%ECCv^jPfh%jQnf%AAnfHArhLzNhQy7ioyKhYxlhPyCgHzTfbAKd%AAKd%AAPe%5QPe%5RPd%FSufFRnfDPrh^rGAb%EGobHIfcTI$c3JKduIkeVHVeCHKdkHzcrGAb^vIvjDLakyMDktN3lzNIlGNkmnNMm4Nbn9MameL9loINj" /><g i="5" p="#^IDllID$uPDzx%fCxylCUvlC6ntAspaxIr%Twpr$zGolCfllChkfCvj%dD_juE1iFFnf%$znf%xyBf%LxPe%SFPeEGYcQGtb%aJFcoI1d5IAdPH7evHPe%JPPe%bRld%dTnf%kHnfMFqiIDll^VH$vRJbwAKbwkLbwkL$u%kLeq%1Heq%zFqq%NEEp%kLEpkL6neLyl%iM7m%1Phj%$Hhj%EGvj%SFJi%8PJi%5QJh%MRBjpQNjbPDkZNslHMpm%tNVm%HMvn%HMEp%OQEp%3Sno%WTeq%HMeq%HMbwHMzxDKryyKgxVHuw" /><g i="6" p="%^LBWdLBJhFFJhFFWd^oA_j#tA1itA7g#tAdeoAtcLBldzFldfGtcPHKdXGje#XGQh1HViFFvjFFkiLBkiLBhj^vQjr#vQpvBQTw8Psx8PUvKKUvKKlxnJRx#tJNvtJOt#tJOrnJXpKKDqRODq1Pqq#JLAo3K7m7H7m#BE9pzBDqFFDqlGLpPHWq7Hvr#7HCvdHTwSFlxSFUv1CUv1CaxHAFx#NA$vNA8u#NAhsNA0r#QyIr3x5sZwOr#HzPqLBvp#PDbozF7mTA7m#Cz7mxypmFxylSFyl#JGakqHJihJ_j#hInkqHylANyl#4NakDLcjPLVi#GNojlOXj#1Ptk9Oyl5QyluRakrT7mDK7m#iMHnvOMo#IQRpWTXpWTjq#mSxq3SIrBQcr^1Ccr1CjvSFjvSFcr^KKcrKKjv8Pjv8Pcr^kLWdkLJh8PJh8PWd^YJvj#3KJh3KWf#3K7eYJtckLld1PldJPtcbREdpQje#pQyhvQPi8Phj8PkikLkikL$i" /><g i="7" p="%^7LLo7LTrjQTrjQLo^7Lus7LIvjQIvjQus^MJry#RJ5wRJJuRJmp#hIJqyGvrrG5r#cIXpRJnoRJvnlKOn#PLkmUM3lfK3l#_I3lVHll1HtkwLtkwLSgfKSgaJ2hoIggwLgg#wLScpLHbtNScOMxdOMgghNggfOifJPSgOMSgOMtkbNtk#fO$inPfh#vQuf_QjeLSHf#TR9gbR2h#vQXhxOtkhRtkmSojWT3lfO3l#UMwm7LbocQbo_QbnrStoAR3pARxu#ARCvFRLxjQeyjQhw7Lhw7LRx^uEweNEde#XG_f_GJg#1HrhoG1i#MFCiCFBh#tFzguEwe^XF2uHI5sUIns#2GjvzFzwiEdv#HEJuHEFtHE1mPD1mWCem8CslBEsltFzkJGRlXFpm^bAey#iA8uiAMsiA_j#xyDmaxboTwZn#xyll$zXh#tBwe8CTb5Eld#jDEdDC6f#YBzgaBkifCVizBvjzByt#zBdvFBFx" /><g i="8" p="#^NEkmNEjvTElx%jD7yqDdvqDkmfCAoHAuq7znsgxRt%3xytjz5rNAwofCXlWCHj%CzHj%KyUj%Yx6j%qD6j%qDIe1CVerycf%ryPeLBjeUDGd2G1dCH4c%_IPdlG7eNEwe%NE6j%7H6j%cI1i%MJHj%NEHj%NERlvI0nUI$nhJZoUIEpvIjqVHlpkHnoNEkm^9Sgg9SjrgS8u%OQJu%OQFs%PLFs%PLWu%lKCvsKjrsKumsKEhlKje%PLif%BQif%ARje%XSHf^PLTf%PL5s%OQ5s%OQTf" /><g i="9" p="#^sKem3KUnGJEp%ePEp%cQAo%3Sjq_QjqCPHrfO3tBMWuRONvtPww5QgxLP8yqP0zAO8yLNgxVL2w3KQuCHFt%JHgtRKdu6MJu%ePeq%GJeq%UI5r%vHRp%hIfpHI4o3Jem%1HemMFemHEwm%PDDl%aJDlzJHjYJJh%6IJhQGJhMF1i%TE9h%3K9hDKjeRKHb%4NLc%bMrdPLcfpL9h%PP9h%TQ4g%ySJh%kLJhXKvjyKDl%OQDl%ZRtk%JTem^WCBj%WCgtWCru1DRx%mBrytB$utBrt%tBNj0zBn3xsp%Nw9pry6nhABj8C4gjDHb%tF1dHErd8EzeBDHfrC7i%PDVi" /><g i="10" p="#^0Mzg%0MHj%PPHj%PPzg^qHhk%XGvn%KKvn%KKhk^DK$vKKgtKKZovIhscExu%VDduhI0rMJ4o%1H4o%fGZo%TEHnzFvnLFxmXFyl9GPi%vHHj%KKHj%KKzg%6IzgQGzgMFSg%TE_f%_I_fNIPebIUdCHYcXGfc%7HZbYJxdcKsesKnftJ_f%bM_fGN8dZNNb%PP1d8PfdmOaeAN5fOM_f%JP_f%BQ5f%ZRng%5RXg5RJibRzk%PP9l%PPhk%0Mhk%0Mvn%BQvn%ARwm%RSOn%9Sno9SOrSRGsARytcQ8uDPTsLNns%LN_rWPnscQhsvQbsHQRrTQvrTQ4o%0M4o0Mrt6Mjv^lC3tdD2uTE4vyG5wNKew1PowWTNv%WTbw9SGw3SLxLNRxZKExcIsxrGPwHEbwpDWu8CFtOBwttBmtiAAu7zNvxyTw%3xCvQyxu4BZs%4BYk%iAYk0zYkYxfl%3xnk%NAnk%SBhj%jDMk%lCll^dzFc%pztcaBrdVBaeECVeECxfEC9g$BIgmBfhVAEftA1edzFc" /><g i="11" p="#^jD1qxCjrSBus7DMsTE9tMFbsEG1q^jzScaB1eIBPefCBfzBwgTArhuA0g5ABe0z1d^JHzc%tJKdHIWd2IIeqHufSF2h%zFSgqHWdJHzc^jDtb%tFtc%HE8d%HEEh%7HEh%cIzg%RJdi%HEdi%HE6jXGBjzH8kcIGkYHIlJHJmXGEl9GzkHEBj%HEDm%wDpn%TEZnnEboBDsp%EGsp%kHAo%NIRp%VHjqXGAs9GrtJHRtfIhuNIJuNIEvNIzwLHLvJGWunFkuYB3xgxYx%axFxFBbwcERtfC9toATsNAhsYB1q%HA1qpz1qlyjq%sxsp%8CspxCtoWC6n%qDin%qDhjNAkmlxZn%axHnNA9lECdi%TAdiCzdixyvi%FxEh%qDEhqD7ejDtb^kLdiPLUnGNIrePnoDPdi^PLtb%3OLchN1dUMWdvMPepLEh%_QEh%9Stg%WTdi%5RdivQspxOZsOQIvQTow%QTNwZR3xTRYxjPbwGNXtsK3xXFxy%MFeyfKbwUMTs1LhoXKPiYJll6IBn%PHpn9KvjPLtb" /><g i="12" p="%^cIxy#hIowhI$t#hIBrcILpzJxqiMxqiMDmJHDm#1HytxC2yfCLx#nEWuvFmr#EGOnGG3j#JGjeEGfc6I8d5Q8dTQmcgSEduR7e#uR2hARqicQ$icQQh$HQh#$HHjPH1miM1m#iMakbMqimOojAN_jAN1mOQ1mTRYkxTDmANDmANxq5QxqTQEpgSWquRvr#uRpvARzxcQlycQhwzJhwzJYx^$HKd$HfhcQfhcQKd^zJ5rzJIvcQIvcQ5r^xCpmMFzkXFYkxCvnxCpv#rCaxoAYx#AAZwYxUvYxvv#5AUvDARv#aBNvaB6vaBbo#ry8qlyJqTwZo#sxSoaB0naB1iVy1iLxdiZwrhaBrh#aBrd4BNbjDYcxCEdxCrhBDrhTEnglG1ixC1i" /><g i="13" p="#^oAfh%oAvn%tFvn%tFfh^oA4o%oAWu%tFWu%tF4o^JGQhJGgtQGNw%tFzx%tFvv%oAvv%oAax%0zYx7zmt7zQo7zhk0zNf%tAFg%tBFgrCldxCAb%HELcIDfd1CFg%gFFg%fGHf%JH9h^wLHb%GNYcUMrdeLXg%vQXg%ARTf%2Tlh%9S1iZRrtDRZuhRuwEQ3x0QFxEO7y9OzwpLNv%pLjvSNNvXONv0QNvfQ8uvQusIQyh%1LyhhJnkkHkm%1H7m3J$i2Kzg1L7ewLHb^MJfl6M0nEMbobNmppMlqDLjrhLmpXKpnzJyl" /><g i="14" p="#^3xFg%vQFg%ZRcf%$Tfh%$HfhVH6jvHyl%SNyl%ROzk%pQ1m%qPDmsO8u3OwvGNTwRMpx0MYxyKly9KNwkHCv%qHdv3K$vUK2wJL5w9MIvBMjv_MctnN5rZN7m%qH7mMFDuRxey%FxRxrGTsrGfh%iAfh0zfhYxyh^rGTb_ISczJKd9KBetJAfNIzgbI2fCHxdfGac" /><g i="15" p="#^RKXgRKLcKKob%4Nzc%6Mxd%6MXg%WPXg%_QTf%ySyh%6Myh%6MPm%hRPm%rSDl%6Upn%XKpn%vMtoDLSoEKkqGJOr9Gvv%pQQu8P3tGNpr%SN5rDPnsEQ9tFRXtuSWukTUvES$wZR7yAR9xbRbwIQjveLUvoIAwzFgx9FLx%cEvvtFvvzHAsGJEpsKpn%QGpnzFpnuEHn%BDPm%RKPm%RKyh%HIyhqHyhlGQh%tFXg^gFNftB8q7BmrNAAsQAluTA5wWAMwZAsxOz3xDyGwczGuOzFscz7sDyBraxcr%axPqVy0rlzZqOzWqkA5qTAfpTEHf^gxXhHAHjHAPkHAXl8AkmCzJmazolKy3k3xdi^wzfcfCEdACDeWCBfhCggFBXgdBDfNAjejzzc" /><g i="16" p="#^Rx8d%HE8d%tFac%1HKd9GWdjFMeuEBf1Dlh$D1iYDJiVDojmDUjPCnknC9jYBXh5A_f%iANfLBtgEC2h%HEKd%4BKdOzKdKy1e^QyCvAANviBRv1CUv1CWu%1CMk%oAMk7zMk2y3l%axak%SFak%EGcj%hIMkXGYkTEUn%BEHn%XFMk%jDMk%jDpvjDzxfBYxaBGwQy$v^HIZsNIqqNI3nNIHjHIMg%3Kyh%PLyhiMPepMKd%fKKd_IKdVH1e%1H8d%OQ8d%9STb%WTKd%fOKdANIeiMyh%IQyh%nRtg%XSEh%9Sqi%9Sno9S1qgSOr%TQAs%TQ7i%3K7i%3K5s^XOMk%3Oyl3OeqtNlsUMrudLPvzJaxtFry%nF7yGJbw_KquiMFsyMNpOMVmHMBj^9OhsmSxu5TjvQT5wnTjxXSxysSLxZRZweR_vvQ$uZNAs" /><g i="17" p="#^ID5sPDeqPDAkPDVeIDtc%9Fld%YJld%KKzc%0MPd%eLqe%eLPmeLLokLJq%3Kjr%3KWd%4FWd%4Fvr^QGtg%UIyh%cIdihISodHks9GNvmBly%aBYxBECvFFatJGJqQGsnXGakQGtg^6IhsXKduwLcv6MbwtL3xRKYxfKewGJxuVHAs^tNMsANjrANmp%ANJiANzgtNcf%DPgg%RO2h%ROmpROPqXOhs^_Qpv%_Q9g_QrdTQZb%XSYc%gSEd%gSIvgSNwTRmxuRYxjQlyDPTwnNbw%nNNv0QbwvQ8w_Q5w_Qpv^dDkimB1q0BgrHAusKAfuNA$vQAGwTAlxIzYwxyzw6zAuHzAs6z2sxyvr3x5r%3xJqQyWqfzTqHzPqeA_pNA9pPCdi^sxfhbAVikATjtARkRzlldzRlNynklyVigxyh^7z4cLBxd2CnelCcfIBUf4BzgDAbfbAPdVymc" /><g i="18" p="#^aBDmaBkm4B9l%1CylIDvjgFtg%ZAtgHztgDyMg%LxTf%tFTfyGfdQGtb%3JFc%6IfdPH7eXGTf%xPTf%_Qqe%2Ttg%JGtgHEtkECDm%ECsx%aBeyfBGwfBpv%fBZn0z1q3xcr%TwWqOznoaBDm^3KHj3K$iYJfh%bMdi%pLVi%pLVm%8PVm%pQDl%gSvn%pLvn%pLjv%jQjv%FRXt%DTUv%lGUv4FUv$Dbw%7Djv%3Kjv%3Kvn%CHvnlGvngFOn%nEVm%3KVm" /><g i="19" p="%^aJBjaJZs#aJUvhJsxCH7y#JHruJHIrJH6j#PD3pzxFslxhs#AAXpzDnm#yGPioI1eNA1e#wz1eryjezxrd5QrdARZbDT1elK1e#tJHfoIXh3KVi^eLUjwLBj#MRHnySSo#kT1qKS9r#9Shs1Rbq#WP4oeLUj" /><g i="20" p="#^rCrh%VLrh%bN9g%1P1i%gF1icE1ijDki^FFRl%FFxq%DLxq%DLRl^iEtk%FFfl%wLfl%bMhk%GNsl%UM7m%UMLpUM0rZMhs%DLMs%DL5r%FF5r%FFAs%iE3tnEprnE0pnEDmiEtk^iMvvmONvtPRvBQUvBQru%BQPd%ZAPd%ZAFx%pzeyCz$uCz3t%CzMgCzBewzfc%ZAfd%vQfd%bRfc%LSxd%ZR7e%ZR$u3SlxDPeyDPZwiM$v" /><g i="21" p="%^fK9tfK5wvQ5wvQ9t^WCly#PDNwEEru#tF5sIFoo#XFGkUFRh#SF$eSFrddHqe#iMrd6ORc#WPfcBQHb9Sxd#5Rxd8PNd#bN1edHVedH7ipM7i#vM4gpMIeEOHfSNggLN7i_Q7i9SXgWTJiLNJiGNRljQRl5RYkyS7mTRDmTRdu#TRowZRRxvQryvQGwfKGwfKYxUIry#_I5w_Ifr#_IpmUI3lfKRliMRlpMJiYJJi#UIJi$H$idHdi#kHBnDGmr#XF6vdDxy^fKpmfKfpvQfpvQpm^fKRpfKAsvQAsvQRp^lCTb5Erd#7DPdwBAf#VzlhsxcjgxVi#dzXgDARe#1CLclCTb^jDFg9F7icEvi#WCnkYBKlYB2ytAxy#AAbwAADuAAbn#Vy9paxqqZw8q#Yx9psz6n#ZA3lXBmj#WCEhjDFg" /><g i="22" p="#^ax1e%qD1e%BESc%fGje%xCje%xChk%BDhk%HEcj%fGRk%xCRk%xCxq%XF3p%2GspOzTs2y8u%Zwns0zTraB0r%aBRk%NARkwzRkry9l%zxhk%aBhk%aBBe%oABe7zBe2yVe^BMhk%BMgtBMUvHMsx%7Ley%eLUveL2ueLnkhIEpiEus%5EbszJDm0Mje%hJje$HjeXGBe%2GKd%IQKd%9Stc%JTje%ANjeOMFgVLPi%bNBj^SN3lARBnsSPokT1qKScr9SnsJRlrhRjqsQSoDPpnGNll" /><g i="23" p="#^1Pll%BQXh%BIXhPHhjWGIk2G7m5E4o%PDOn2GYkpHlhNIKd3JAb%pLLcDK8deK1eRJVeNIlh%vQlh%ARgg%kT7imSkiGRWi_QvjjPyl^PLGkeLcroIhuzFlxFBxy%tBeyrG$voIrslKSosKJi%HMUj%6MnkOMmpOOrsOQvv$TGw%WTZwrSTwMRYxjP5wINNs6MspPLGk^VyFcZAKd2CSe7D_feCchmBqiVADgtAPeKyYc^FxxpCzRpbAmpNASoTEcf%gFnftBmpgBLp4B8q4Bmr4BAsmBHuFBNwJAGwOzzwyzXvjzjvCzLtVzbsOzmrHzxqFxXp" /><g i="24" p="#^EGNb%hJYc%cIKd%cIhk%ZNhk%qPPi%uRRk%cIRk%cIUv%cQUv%MRku%WTuw%oAuw7zuw2yNw%axUv%JGUv%JGufJGKdEGNb" /><g i="25" p="%^YBrt#YBTw1C2yAAxy#HA$uHARtHAak#Vy0ngxLoZwAo#QyKlhAdi#LBIexCHbBEYcBDxd#1C9hzBqiKC6jYBHj^dHojdHkmLOkmLOoj^dHVmdHRpLORpLOVm^dHqqdHmtLOmtLOqq^dHXtdHTwLOTwLOXt^RJnf#YJ8dRJAb6MFckLfdeLnfDPnfTQ7eLS_feL_f7LPixOPiqPQhTQ6j0QHj0QTwTQTw9SCv$TsxzFsx#iEsxdDLxlCTwXFTwXF1m#XFRkSF1idHPiMJPiRJ_fXG_f#FF_fBEggIDnf" /><g i="26" p="#^mSAsmSLtrS$v%5Rzw%5Rku%wLku%wLuw%9KaxfKdufKgt%fKHjfKXh9K4g%wLSg%TQSg%FRTf%8T2h%mSJh^wLrh%wLLt%5RLt%5Rrh^lCHb%HELc%PDldqDVePCJh%yGJh%7HFg%NIQh%$Hvi1HmpSFhscIgtBI$t_IJuNICvBIuwPHwv1HxugFmtrC3xzxry%lx7y8C5wcEMsfBvrpz5rbA4omBki%HAkipzkilyCi%sxJh%tBJh8C1elCHb^NAPqLB0rBETrMFZoEGki%KCki1CllNAPq" /><g i="27" p="#^pLUvANhwrOewjPbwjPdv%jPif%JHifrGifnFBf%uEIe%5RIe%gSxd%$Tif%BQif%BQUvOQzxEOrysOgxkLhw^nFustF1qtFyntF3lnFCi%JGoj%RKoj%wLvi%4NHj%iMhk%iM4oiMxppM0r%XKIr%XKeq%JGeq%JGTr^JG_j%JGEp%XKEp%XK_j^TAryZAFtZAIr%ZAUjOzRlzxZn%lxHn$z3kgBIgxCldWCHb%_E1d%5EEdPC9gYB7i%1DPi%fCoj%fCFtfCNvlCFx" /><g i="28" p="#^dHHj%dHOn%XKOn1LYk1LHj^iMHjiM3lbMOn%5QOn%5QHj^nRUj%nRwmnROnuRZo%5Qsp%5Qno%bMno6Mpr7LFtHMWu1PIvnRuwJTzw%JTZwgSaxTReyGNgxyKDunJUvqHSwtFRxjDxy%7D7ynFgx7H5wUIWuGJLtvIns1Hxp%kHmp_IIr9KMsRKWqXKno%dHno%dHSo%SFspXFUnXF_lXF3kSFki%dH6j%1L6j%1Lgg%CHgglGgggFzg%nEHf%1LHf%1Lje1LldXKAb%ZMtc%iM8d%iMHf%IQHf%TRwe%DTgg%iMgg%iM6j%WP6j%BQdi%3Soj^xCBj%xCLx%aBryfBhwfBDu%fBvjwzkmlxAo%3xnoKy7mlAJiYBif1Dtb%4FLc%iEfdKCFgSBdi%jD$i" /><g i="29" p="%^hJHjhJSoPPSoPPHj^VLCv#sONv7PLv#PPIvPPruPPsphJsp#hJIvnJTwVHzx#$H_r$HspzBsp#TADusxlyax7y#0z6vIz_r#oASooAoj#oAWdiAacLB8dJP8dpQ4cZRfdbR1ebR6v#hRzx1Pey#ROzwVL5w^LBKdLB6j$H6j$HKd^hJKdhJ6jPP6jPPKd^LBHj#FBOnzBSo$HSo$HHj" /><g i="30" p="#^CHryJH8uJHvnVDmtzxhw%lx$vjDnsJG7m%ZA7mHz7mDypm%Lxyl%JHyl%JHMg%wDMgfCMgaB2h%iA9g%JH9gJH$eCHtb%9KFc%aJld%aJ9g%tN9g%ROPe%OQMg%aJMg%aJDl%DPDl%5Rak%8Tem%3KemnNMsJTru%JTQu3SQuuR5wDLusGJem%aJemaJWuhJzx" /><g i="31" p="#^7Hcf%hRcf%9Sde%DTuf%LS9gZR$ueRkwvQFxRO7yfOGwDL$v%DLvvXOUvhPRvDPNv3QfvvQJunRNf%0MNfVL3knLlnRKDqdJjtCH$vuEYx%iEFx1HdvlIMsGJjq6K2nyKNjDKNf%aJNf%VH_f^aBob$D1d2EWd5EPesDlfPCTftCFe8CrdTAHb^jDbnBDiniEvn2GMkEGvj%cIRkqH9lxGUlFFDmNEHn1HAogHjpvH1q6HJqJGpr5GoqtFmpjDHn%jDJujDUvqDFx%YBey1CWu1Cgt%1C7mHzLo3xqq%Tw8q7zboWAUlKCBjcESg%tASgdzSg7y9h%gxgg%cEgg%4Fnf%yGSg%zFlhcEcjjDtk" /><g i="32" p="#^3KZo%3Kpv%vQpv%vQZo^JLtb%SNSc%ZMldYJPiNIak7L3khRUjjQ1iEOgg%XO_fRSCieTHjDTMkXSElgSwm0SOlMR3luRnkhNGkaL6l3JylhIem%7HakcINjpJyhDKifJLtb^TRmpTRbwZRgx%vQYx%vQ$v%3K$v%3Kzx%BI7yHIGwHI0tHImpBIvn%3Kno%jQno%_Qpn%FSGo^SBdiaBtkwz8qfBJqKCjrcEZn4Fdi^$DLc%7DldKCBeYBEh%_EEh%FFMg%dH1i%rGCinFto$DOrSFMslGptQG2uAGdvlGowwF7vHERtwDTs4Bowsxly%gx2yHAjvlChsVzWqeyjqpzpmtAdi%iAdi0zdiYxvi%3xEh%AAEhzBrdLBHb" /><g i="33" p="#^mBlytBdvtBns%tBNjjz0nlx3p%3xLodzKl3BKhWCKdqDHb%zFYc%BExdjDngfCqi%BDcj%PC_j%PCDuPCIvWCzx^tJHn%tJFgtJwenJHb%DLLc%RKxd%RKDmbMllONojqPrh5Qgg%TRXh%OQdiZNslRKbo%RKkuRK$vvM$v%IQ$vuR$vGRJuTRrtTRPq%mSPqySrtRSku8TdvWTvv2Tgx5Rgx%VLgxtJgxtJ$u%tJ3pXG0rBDns%wD_rXG1qtJHn" /><g i="34" p="#^xCMuFBFsKyWq%QyDq4B5riCRrwDAs2EatBELtKEKuTEIv8EhwqDTwxCMu" /><g i="35" p="#^JGuf%zF9gCHlh2I4ivIPiPHEj7HtkQGljyGdigFng$D9huCXhZAJi0zvj%Qy6jECfh1F8fqH1dhIAb%YJ1d%3Jld%dHVe%LOVe%PPPd%ARBf%vQ_fGNCiCJVkzFbnlybo%eyOn1DVm7H3leLcjLOuf^hJfl%XKPm%YJ6nGJpnoIno%0Qno%_Qpn%FS3p%ARxpHMDuVHhw7DYx7yly%7yYxBDax2IdvvMgt0QZo%VHZouEvrOz9t%CzMsxCjrWECpkHUnhJfl^fGeq$HBrrIwsUIrt2IhudH6v0HLtQGnsXFxq" /><g i="36" p="#^CHxyJHDuJH3t%JHDmJHRkCHqi%YJHj%aJhk%aJ2uaJIvhJzx^MJzc%UI8dwL9hoO9jhR9lWTyl%WTXlmS1mFRbnLODlHMujDKlhBIKdlGEhOD_jfBkm3x4o%ZwHnaBDlXD1iJGqeJHob" /><g i="37" p="#^5E9l%EO9l%PP_j%ARKl%kHKlSFKl_E1m^ZMFsROLt9QQuuRUvzRGwFRsxaR1yIQDymQ_x0QlxqPhwRKGw2I3xgFsxnE2y%qDbwHE5wxGLtoIpr3JEp%nFEp5EEp1DXp%8C3p%pQ3p%FROn%xTEp%nJEp%eLWqlKcrNIQsdHru9Fbw%ePUvmOxuHMZs^1CKd%1C2h%JP2h%JPKd^ZweyQypvCzosoAmpuAnmAAojAAVgAAqetAmc%1C8d%DP8d%BQac%ZRxd%bR7ebRcfbRkgbRrhhRdi%JPPi%JPEh%1CEh1CzkLBBntBDqxAgtCzUvgxxy" /><g i="38" p="#^cE$u%cEZw%HMZw%HM$u^iM1d%gF1d$D1dWCld%1Ctc%vMtc%nNNb%EOfd%ANxdbMjeXK$eZMBfCN4gfOzg2OfhSNXhTM9hVLngRJufJGMgaBrh%fB2hSFggHI5fMFjeiEWd%nExdQG1eGJBe1LPdiM1d^7zXh%FFXh%JG9h%VHJi%7HPi2Gvj4F3krGzkQG5ldHDlZGgmJGVm_F7mgFll5EMkzB7mYxPm%RxpmZAKljDhklCNjiAhj%oAVifCcj5EHjTE6jFFvi%4Bvi%VzJi^oIXh%qPXh%jQ9h%ARvi%IQPiPPBjXOakIQRk5RoluRXleRqm_QVm$P4m1Pfl3OMkwL1mJH0n%CHDmeLsl4NhkJLNj9Koj%fK$iJLcjLNNjsOhjqPvi%lKvi%aJJi^PPeq%TQUn%bAUnbARpyzrqVy0r4yGqgxjqkysppzAoOzDm%bADm%bAin%OQin%FRpm%kTbogSnoJRMobR9p5Qqq^WCGo%iExp%BMxp%tNGo%LOXp%ZNxq%ZNZw%5QZw%ARvv%DTzx%HAzxpzzxlyRx%sxZw%WCZw^cE8q%cE_r%HM_r%HM8q^cEAs%cEru%HMru%HMAs" /><g i="39" p="#^KCNv$zNvoyLtNwIrNwinNwBjuy9hbAIe7DIePDIeuEYe9FcfFFcf2GcfiG6fyG$eJGIe%CH$i%1HcjrGlhsFmguEnfWCnfTAnfLzEhDyUjDybnDyPqBzTsAAWuPCWunEWuvFOtEGFs1HPq%CH5r7H9tOFtuuENvKCNv" /><g i="40" p="#^IQqeIQhjOQMk%qPfl%qPhk%6Mhk%6MOn%bROn%mSDm%6Uno%hNnoZNeqGPlsnRru$Tjv%$TCvLSIv3SzwJPDuyOtsnNjqOMno%6Mno6M$vbMLx%KKryRK$vRK9phJ5snH8utFbw1Dzx%PCgx9FCv6HNs3JXpGJno%4Fno%PDAo%1DOn%RKOn%RKhk%JHhk%JH9l%fGDllGHjlGlhlG$efGFc%PHrd%ePrd%cQtc%FRKd^JH1e%JHHj%qPHj%qP1e^8CFs8CbwfCLx%NAryTADuTAus%TAUjQywmgxUn%3xBnCzzk7BMgECYcWCob%_Ezc%cE8dxCzgLBki%KCVi%8Cvj" /><g i="41" p="%^jQAo#jQdvpQzxXO7yXONw1CNw1CYxAAry#HAhwHAMs#HAfpAAJm8CBnLOBnxPDm5RZn^1Cbo1CIrPHIrPHbo^aJboaJIrXOIrXObo^1Chs1CbwPHbwPHhs^aJhsaJbwXObwXOhs^HAtk2Gvi#TE2hVD9g5ETf#dHrhOHdi#oI$iSH_j#kHYk0Hhk#JGBjlGVi#BDakeCVk#TADl5AwmQy3l#wzzkpzvj#pzwejzldHA1e#gF1dXGHbcI1d#lGxdeEWd#8CjeHAwe^vH1eBQ1enR1dLSde3SVe#ARhjnR3k#bRRkLQrl#jQ1mROwm#LOllbMzkbMak#ROGknPAk#WPtk9Qlj#pQdiIQBepMBe#PLRkFFbntFVm#yKakRKBeKKBe#tJBeoIVe" /><g i="42" p="#^tFTbBIrdXIgehJ5fEI0g$HXgwHDf1HjegFac^lCmt5AxuDyGw%ax6vxyduoAmtfCuscGxo9KzkvMQh%tBQhbAQh7z7i%eyfh%vMfh%AN4g%xP1imO1ilM8klKemWCZsHEdvdJCvLN$v$Tdv%$TCvTRbwFRsxsKsxCHWwNEowlCmt" /><g i="43" p="#^mB_j%mBbn%2Gbn%2G_j^mBOn%mB0r%2G0r%2GOn^lxng%3KngXKVetLNd0MFcpMAb%mOYcGNfdBMhewLifDKng%cQng%FRVe%JTXg%AAXgjzXgeyfh^KKDuRKusRKToRKflKKhj%OMak%6MRk%6M0r6MAsbMXt%KKDu^1PJh%nR$i%pQNj%pQ6vvQsx3OeyZNNw1L5w%1LIvGNUvsORvePNv8PDu%8PRl8Poj1PJh^qDNbfGrdrGgeEG5fYFTfgFFgTEefuEPd7DZb^mBFx%$zey5Avv5Axu%5A1m5AUj$zvi%mBoj%XFoj%EGqi%6IBj%kHak%kHUvkHsxFFeytFZwwDzw%wDbwHEhwmFew2Gbw2G6v%2GBr%mBBr" /><g i="44" p="#^ax7e%pQ7e%TRFc%WTIe%ePIe%ePDujPax4N2yUMGwMJNv%MJjveLvvEMCv3OIvSNdu%SNIe%oAIe7zIe2y$e^HAmtNAXpNAmnNAMkHAXh%fCJi%CHJi%cIJh%RJ$i%3JHj%3JUn3JxpaJOr%JHns%JHDq%8CDq%8CTs^8Chj%8C1q%JH1q%JHhj" /><g i="45" p="#^nJllnJojhJQh%wLPi%KKvj%KKll%jPll%5Qnk%MRDl%TQem%TQ2uIQCvLObwLO6viM8u%iMLt3O2uOO2uxP2uxPgt%xPXl%KKXl%KKRtKK5wRKYx%hJDynJ$unJ_r%nJXl%TEXl%TEvv%qD5wwDZswD7mNAxpax_r%ZwIr4BZnTC2lHE7igFSg%dzSg%ly2h%zxgg%tFggJGxd7HAb%tJ1d%vIxd%1Hgg%cQgg%FRPe%JTSg%QGSgMFViuERk%NEll" /><g i="46" p="#^9O3k%WPMg%wDMgmBUjdzXl%VyDlNAhj5CFgqD1eVDAb%XFzctF1dZEPduEBeID9g%WP9g%_Q$e%RSSghRXgsOhk^hIJu%hI0nhIakcIJi%sKUj%GJtk%GJvvtJFxqHrykH3xiE5w%iECv1H$vCHYvcIUvhIJu^PD1m%XFvn9FUnGEGocEspkCRrtAduFxow%sx5wOzLtsB6r7DtoPD1m^0MwmLOGomQoqZR5sfS7tyS8uVRZuhRNvEQ8u0QusOODqANLoJLPm" /><g i="47" p="#^VH3pVHboPHpm%UI6n%BMNj%BENjjDNjfC3k%mBcj%BMcj%GN7i%qP_jLNakhJpn%3KUn%hJto%hJ3p%jQ3p%TRHn%QTEp%hJEp%hJUvnJLx7HxyJGaxBDow%BDUvEGhwgHewVHbwVHvv%VHEp%iAEp0zEpYxXp%3x3p^dJ8fvITf9ICePHldlGAb%yGobaJFczJydYJqedJ8f^oIHf%hJHf%jQHf%bRwe%8TggbRzgqP$i%8PPi%pQgg%NAggZA1iuAJi$zojZyijYxcjxywi7zQhzz2h$zggiABe%HABe%NAHf" /><g i="48" p="#^8CHb%5ESc%jDld%8CVe%XGVe%VHWd%tJuf%nEufXFngkGZgJGyh8GhizF$ijFdi4FrhNEOguE9gVDuf%SBufZAFgeAohwz7iRxvj%zxcjwz9huAlftBxd8CHb^DLufKKMgYJHhaJCi6IBj%JHhjzJ2hoKofeLKdVLtb%SNSc%ZMfd%VLVe%_QVe%3SWd%xTuf%xOufPPngcQ0hBQEhYPnijP6jaPti1PQhKO2hsOggSNuf^WCto%WCIvWCNw1DLx%zBxyFBUvFBru%FB4opzjqlxvr%axcrOzZomBMmWCzkVDki%MFUj%NEakwD1mEC6n%BDZn^LN7mLNhkGNVi%JP_j%1PGk%1P7m%bR7m%mSYk%$TJm%1PJm%1PUv1PaxyOCx3O2yZMxyvMaxMJuw%MJ5wZMuwmNnwLNhwLNIv%LNJm%$HJmJGJmFF0n%NE7m^XGZnNImpwJbqfK0rcKFr9KhsSJDszJZsdJZsUIZsEI$roI0rVH5qqH9pJGho" /><g i="49" p="%^HIUnHIBrePBrePUn^dzLt#jzTrjz7q#jznodzDmNAinkHinkH3kSB3kSBMkiAfl#oAvjoAQh#oA9giAweYBnfkHnfkHqe#kHYcdHtbMJLcHIrdHInffOnf1PqeBQHfJPggJPdi#JPvjPPzkmO9lmO3kHI3kHIin1Pin0QkmARHnBQho#BQBrIQZsePrtePbsHIbs#HIGwNILxdHry#kHowkHbsNAbsNA3t^SB_fSBvjkHvjkH_f^HI_fHIvjmOvjmO_f^NAUnNABrkHBrkHUn" /><g i="50" p="%^JLif#JLldDLtbSNzc4Nld4NifqPifOQWdLSTf4NTf4NWq0QWqFRfpWTvriAvr#0zvrYxOr3xWqIDWqIDTfzBTf#iATfdz9glyifIDif#IDKdBDAbSFzc4F8d4Fif^4FTf4F$iJL$iJLTf^4FBj4FPmJLPmJLBj^4Fpn4FWqJLWqJLpn^4FOr1Hrt#fGytFDpv#4BgxRxlyFx2y#CzZwYB7v#iEgt4FOr^DKusXKbs#BQQuhRLv#ZRGwxRLx#5RQy0Qpx#XO$vDKus" /><g i="51" p="#^hRCinRmpUQhqpQcr8PBrjPxqZMXp%ZMxpLOLpePCpJPspPPnoWPin0Qvi%0Mvj%0M9t%KKXt%KKUj%qHMk%qHjvqHuwvIuw%5RuwMR5wVRTu3SFt3S_r%yS_rySFtOSNu2TUv$T5wkTzxOQzx%vIzx2GFx9GIv%9G3l%NEsl%cERl%dD9l%9Gtk9Gki2G9g%oI9h%qHQh%qHak%KKhjKKVeDKAb%UMzc%0Mfd%0MVi%JPXh%jQSg%ZRXh^4BryaBvvaBXt%aBvjQyBngxfp%Zw3pdzllGAyh8CKdECob%TEzc5EYcjDGexCngFBqi%jDhj%xCUj%xCLx" /><g i="52" p="#^BDif9F4gvFSgSFEhaFeiuEPioEeiiEEh$DVgID9g1Dif%SBif4B4g8AYgdzQhRxJi%Fxki0z2hhAffzBrd8CAb%5EScwD8dfCIe%rGIe%CHxd%hJif^pLHb%nNYcHM8dwLIe%vQIe%FRxd%kTif%4NifmO_fQODgjPfhHO1i3OPiPN7iANrhnNSgbNggvMif%7LiflK9gLJOgaJrhPHvi%vHdinJ9g9KBeXK1dpLHb^oAXpZAbotBDl%WCDm%cIDm%cIHj%PCHj1CHjZA_j%5A6j%EO6j%DP7i%_Qvj%cQ_jcQPmjQHn%XOho%XObn%tJbn%tJeq%BQeq%ARfp%XSDq%3ScrFRFttRuuhRjvXQLvBQbw6QqwDPGwLOTwLOCvbMxu%bM8uLOQuhPNuPPJu3QbujQFtIQPq%tJPq%tJCvtJNwzJ2y%6IxycIGwcI2u%cIWq9GFtjDjvtAZw3x2y%ZwzxCzzwbCWuNEgtyGPq%FBPq%ZAIr%wzxq^tJHj%tJDm%XODm%XOHj^ECbnfChoLBeq%cIeq%cIbn" /><g i="53" p="#^lxDl%xPDl%uR3k%DTem%TAemjzemeywm" /><g i="54" p="#^zFwe%3Owe%qPfd%bR5f%cI5fvH5frGnf^_EcrXF0rQGXpJHSoHIcnGJyl3Kak%yGakMFakHEtk%PDBj%WPBj%nR7i%dTak%lKak%6MslkLslOJynhIEpyGpr%eP0rxOxp4NUn%nNHnqPZoxQ5qFRcrwR8snR3tUQstpQRt6Q0tPPbsxPvrsK_rKIns1HMs9Gmt^dzLc%wzzctBxd8CdePCVeJCEfECng$BVgmBrh3B4gNAIedzLc^fCMs7DLtHEDufGvvdJEvbMNvTOIvARCv$Tdv%$TCvZRbwZRgxANgxHK9xPH3x$FkwcECv6DAu1CytyBst4BmtYzxuQyIvlyow%Zw$uxyLtZAMs%ZARk%iARk0zRkYx9l%3xhk%NAhk%tBcj%7Dtk%fC9l" /><g i="55" p="#^1Hde%jPde%IQYc%mSPe%fKPe_IPeVH5f^VHCvyKNvqLNviMNviMDu%iMGk%BIGkkHGkfGYk%nF3k%BQ3k%3SJi%JTGk%GNGk%GN6vLNLxeLeyeLTwVH5w^7DNb%TE8dcEldxCffTA9hly$i%7yJiOz9hdB9fEC8d7DNb^jDVm%jDzx%SBryYBhwYBwmHzSozxjq%lx1qpzZnjBrldDVicEzg%SF1i%_EviIDnkPCsl%VDkm" /><g i="56" p="#^OzMg%9OMg%xPnf%uRlh%WClhLBlhHAEh^lxku%xPku%hRAs%DTWu%HAWujzWueydv" /><g i="57" p="#^fCllfCGk8C$i%BEak%BDRk%BDUv%vIUv%vIqe%xCqefBqebAIe%jzPd%PPPd%hRmc%kTqe%RJqe%RJ7m%EO7m%0QMk%ZRJm%RJJm%RJUv%PPUv%nRku%xTuw%HAuwpzuwlyNw%sxUv%fCUv" /><g i="58" p="%^9Kcf#3JFg$H1ihJPiBMPixOcf^lKtbiMLcpL1d#XKKdsKBesOBejPEd_Qif#xPnfbNPiTQPiARQh2TVimSBjmSUv#rSsxBQey#vQZw9Ouw9O5w#pQhwLQ8w#5R$v5Rpv5RjrGNjrGN3xvMLxvMjr_Ijr#HIytzHjv#rG3xnErycEey#2GowWGlu#PHhsSHuo#VHGkVH7i#QGojMFnktFak#XGqifI7g#zJPdlKtb^aJojaJPmvMPmvMoj^GNojGNPm5RPm5Roj^aJpn3JJqvMJqvMpn^GNpnGNJq5RJq5Rpn^TAKlTAFsVDFsVDKl^Czuw#HzmtHz6n#xy9paxxqZwjq#Hz1maBnfAAnf#jznfeyHflxPenEPeFFEddHnfKCnf#LBdiHA9lPD9luEhkXFsl9F1m#9FjrgF8uVDJuVDgtTAgtTAUv" /><g i="59" p="#^KCRrBDjrqERrgFnsgFgtgF8uuEDuID6vSCGu1CduXBitSBnsKCRr^_EjgTElhrEOl$DeqFDeqjDeqQCOllClhiCdgfC5f1DIePDjerEPe4Fif_Ejg" /><g i="60" p="%^3O9g#3OldZNTb0QLcqPldqP9gBQ9gARcf2TMgqPMgqPYkbRYkmSNj$TylNIyl#vHylrGRlzFYknJYknJMg#oIMgkH2hrG9gnJ9g#nJfdhJNbkLzcKK8dKK9g^KKMgKKYk3OYk3OMg^_QZo#_Qdv5RsxDP2yDPuwhJuwhJLxPHly#VHvvVHJs#VHXpPH6nnJZnxPZnvQ0nTRno^hJAohJOrDPOrDPAo^hJnshJUvDPUvDPns^lCdvtFytFFRt#rChwFBzxoAhw#ZACvZADuZAspoAsp#7zsp2yLpaxSoZASoZAMk0zMk#lyDlgxPmZwDm#CzJiZA4cdDfd#rCPd2CBe#FBnffBngqDnguEif2GXg4BXg#5AVijzak1Dak5E6jFFMklCMklCSo$DSo4FOnEGsplCsp" /><g i="61" p="%^OzSc5AFc#YBPdrCse#WC5fQCNf#KCtgbCYg#FBrhmBag#4BVeOzSc^lCFtFFDqXFPq#iE3tmDhu#rCvvYBzwHA$u#4Bxu4BFt4B9l$z9l#dz9l7yslgxzkZAzkFBBj7DRklCsl^6IPd6I7ijP7ijPPd^JGUj#QGQhQG4g#QGjeJGtc6IfdePfdPPmchRrdBQ1e#BQ9hIQ$ijPBjjPJi6IJi6Ioj^gFllJPll_Q3kLSXl6MXl#0MOnVLspBQspTRboDT1qHM1q#1PCvJTowJTNw#gSNwMRYx#nN6viM1qPL1q#lKbwwDlyjD2y#nJ$usK1qJG1q#MF1qHEjqPDspyKsp#KKBnKKXlcIXl#dHXl9Gem" /><g i="62" p="#^TAYciE$euEXfHESg5EBhwDkiZCSgrCnfAAfd^VHtb%yKLc%zJrdhJggUI6j%bR6j%ZRQh%JTcj%RS_j9SMsPRuuuRbwvQ3xxPYx3OlytNGw3K$v%3KvvnN$vsOYvxPUv0QWuvQXtnRHj%NIHjvHRpbEmtTATwsxly%gx2yTAIvCD2slGnodHHj%tBHjbAHj7z_j%ey6j%kH6jVHHfVHtb^3JDmANGocOCpROxqpOBrZNFs_M5r0MxpUI0n" /><g i="63" p="#^gDWqiEjrEEis_EgtKEbuuE6vLDCv1D5w2C5w4B5wiAjvwzxuszBtpzFsRzXriAcrgBTqfCxqgDWq^fB3vfCCvaD1v5Eru2Ejt$Dbs0DIr1Ccr9BOriAnsiAstiAxufB3v" /><g i="64" p="#^PLMgPLLcJLtb%3OLc%4Nrd%4NMg%IQMg%TRBf%xTlh%4Nlh%4NKl%JPKl%TQzk%ySkm%fKkm_IkmVHDm%1HKl%PLKl%PLlh%nJlh6Ilh1HEh%9GMg^PHlyVHbwVHmtVHxqPHto%nJmp%0Qmp%TQto%gSRp%nRqq%nRrunRzwuRsx%5Q2y%5Q5w%aJ5w%aJFx^aJXp%aJvv%5Qvv%5QXp^OzXp%yGSo%yGfpnFxpQChqiA0r7zTr%2y8qQyRpvz9pbAtoKCYkzB9luAolpzDlryem%zxtkxytkRzHhaBVeYBZb%$D1d%7Dxd4Brh7ztk%1DnkcEviTEXg%EGdi%MFJi1DkmOzXp^xyZw%zx6vVyWuPAuuKC2uJGTs%QGgtCz5wxyZw" /><g i="65" p="#^3Jhj%3JUn%xOUn%xOhj^HAxqNAAoNAhmNA_jHAQh%lCJi%CHJi%CHBf%HABfpzBflyTf%sx$e%CH$eCH8dvHob%3Ktc%3Jfd%3J$e%pQ$e%MREd%JTBf%3JBf%3JJi%mOJi%8PEh%OQVi%0Qvj0QBn5Q9p%xORp%xOto%3KtobN8uxTpv%xTNvFR5wnRaxwLRtzJto%3Jto3JbwaJLx%vHxyCHJuCH9pVD$ugxRx%3xzxjDLtfGto%fCto%fCRp^fChj%fCUn%CHUn%CHhj" /><g i="66" p="%^ax7y#Cz6vlAns#4BEp7BOl#aBXh4BPdECPe#cIjePLxd#qPLcBQ4cZRWd#IQPd9Mse#CH5fxCnfxCoj5QojnR7i8T_jxC_j#ECRpmBWs#5A$vsxry^pQ3ppQ2u#pQvvvQGw1Pgx1PvvfGvvfG3xHELx#TEvvTErs#TEmpNEbnrG4oRO4oPP6nbRto^fGGofGWu1PWu1PGo" /><g i="67" p="#^rApvZAJumBrttArt4A9tHzTsyznspzTrvzsrCz0rbAAqNA8qFBlqxCxqQCjr7D5sKCjtlCxujBFviANwwzTwKyZwjzxwVz5wrApv" /><g i="68" p="#^qH7m%qHGo%sKGo%sK7m^qHfp%qHTr%sKTr%sKfp^0MrdUIPiiEYk%5EGkXGJiEIgglKPdeLob%bNzc%pM1djPQh$TJi%$T6jyScjgSaksO7i0Mrd^9GxyfGzwfGKrfGVm9GRk%vHyl%fKyl%XKGk%iMKl%DLkm%DLzwDL2y9KxyRJlxhI3x%hIGwhJNwSJNwsKNwsK$v%sKus%qHus%qHRx^ANDuGNgtGNeqGNbnANKl%qPJm%RObn%RO2u^TQHnTQDmOQMk%LSDl%3Skm%3Shw9SRxcQry5QaxGNGw%GNhwxPowcQowTQowTQCv^LB7mLBBjFBdi%IDcj%1DUj%1D7m%wD7m%uEfl%SFJm%1DJm%1DPq%FFjq%MFJq%1Dvr1Dbw7DYx%FBxyLBruLBTr7yTsRxyt%ZwTr7zBrLB5r%LBJm%VyJm%7ypn%3xRlLxDlkygkVyViHzzg%wzzgQyzgLxSg%Tw_f%Vz_ftAEdZAHb%PCLclC1d2CAdLB7eaB_f%VD_f%4FVe%yGzg%ZAzg%Vy7m^hIvi%hNvi%fOyh%JP6j%1L6j%vIJi%3Jhj" /><g i="69" p="%^cQtgcQhk#cQflpQ0nROBnROpm3Jpm3JUvPPUvPPBr#PPeqJPAoZRRpbRqqbR2u#bRNvhRzxPP2yPPuwaBuwtAax7z5wOzpvOzBr#Oz8qHznoYBxpaBeqaBUvJHUvJHpm1CpmfB6nVz1mAAslAArh#AAggtAVePC4gYBFgYBRlJHRlJHnf#JHEdCHZbRJ1d3JWd3JRlRORlROrh#ROggLOIe_QNf" /><g i="70" p="#^iEuf%iEVe%PHVe%PHuf%qHuf1HufHGNflG4g9GSg%8CCv%zBCv%YxSgRx9gBxQflxufTwuf%owuf%owVe%AAVe%AAuf%bAufHzufyzNfpz4gwzzg%fC_r%rC_r%nFSgzF9gmFQf9FufBEuf" /><g i="71" p="#^lyuf%lyVe%9GVe%9Guf%VDufwDufgDHf1DTf1Dgg%1Ddu1DDugDPuwD$uVD$u%9G$u%9GCv%lyCv%ly$u%AA$u4B$ugBPutBDutBdu%tBggtBTfgBHf4BufAAuf" /><g i="72" p="" /><g i="73" p="#^cI2h%cIem%JLem%JL2h^RJPm7LqqUMAsxOxqJPPm^5RpnDPjrGNyt5Q$vWTzw%WTTwFS3x3S2yjPTwUMkuzJ3xzFly%tFYxaJhw6MrtsKWqtJPm%cIPm6IJq4Hst2GbwdDxy%WCey_E5wVFptQGJqTGhmXGQhQGuf%oItg%JLtgJL8dDLtb%GNmc%ZM8d%ZMtg%TQtg%TRuf%xTlhRSrhcSKhAR1icQNj%PPBj%_Q2h%ZM2h%ZMem%DPem%vQll%ZRPm^nEJhBDvjfCKl%fCHn%PCZn5ERlBEak%fGsl%tFRliE0n7Dbo9FmppF8qFFWq7FCrBEhsfE9rVD1qfCbofCpvlCFx%TAlyZA$vZApndzxpax0r%ZwJq0zLowAkm1CUj1Dlh%HAlhpzlhlyEh%sxMg%WCMg%VDNf%gF9h^5AAb8CFcGCoddD7eAC3fYB_fwBDe4BfdVzTb" /><g i="74" p="#^ANXhAN7etNAb%WPSc%XOxd%XOXh%pQXh%FRFg%xTvi%XOvi%XOCvXOsxOMeyHMNwzJ5w%zJCvbM$vTMUvANNvANJu%ANvi%vIvidHvi9GPi%gFXh^dHYkMJJmlKFnXKAo9KIpnJPqXI3pvIinXGfl^CzNf%CzDl%BDDl%BDNf^Czem%Czus%BDus%BDem^_Ebo_ETs4Fdu%BD$u%BD3t%Cz3t%Cz6v%7yUveyMseywmeygg7yqe%Hzcf%qDcf%cEde%MFuf%_E9g" /><g i="75" p="#^LBTrIDWqBIvn%UIOn4F5rCDns8CFtfBWu%Oz9tiAAsiAvr%iAQhiAVebAYc%EC7e%LBVe^FFjetJXgtJ4itJcjNIXj6IGkFHWidH9hnFBe^SN4c%jQ8d%xPPdqPojaP_lXOAo9ODqpQbsARatLS8uLSavLSbwcSMwFRlx1REvpQXtZN5r6MduQIRvzFsxfB7y%4BLxPDax2GbwhIdveKwtbMOr7NTo3OXlSN4c" /><g i="76" p="%^zFqezFKlDLKlDLqe^4Nkm4NXt#4NNvbNzxwL7y#DLdvDL9tDLkmzFkm#tFxqIDjt#YB5wLxlysx2y#HA$vlCmt#$DJq5EkmiAkm#0zkmYxDm3xKl5EKl5EqeFBqe#oAqejzIeryPd8PPdBQmcFSqe4Nqe4NKlcQKlMRakWTkm" /><g i="77" p="%^LNlljDlljD7mSBJm#YB9lYBEh#YB7eSBmcjDfdANfdsOfc0Qxd8P7e#8PhkePRlLNwm^jDJhjDMkLNMkLNJh^jDPdjD9hLN9hLNPd^0zbo#mBEpxCTq#ID5s0Dwt#lCWuLBdt#aBvrQyto^9KNv9KwmpMHnwLnowLku#LO5rvQpnmS3p#nRfpPP3r#fOTswL$uwLNvPPNvhRkukTowNAow#wzowryGwzxNv9FNv#9Fno4FpmqHBnyGboyGNv" /><g i="78" p="#^bAKd%ZNKd%qPfc%nRje%qDje8Cje4BBe^ax3k%vQ3k%ZRCi%WTGk%hJGk%hJpvnJzxJGlyyGGwjDNv%jDpv9GIv_GFvPHCvPHru%PHGk%oAGk7zGk2yYk^jDDm%tF4o%uEtomBgtlx5w%3xNvaBOrjDDm^VLbnDPXp1RirrSFsuSrtySdu3S6vAR$vXQAujQ9t1PprLNEpDLvn" /><g i="79" p="%^fGGoROGo0QvnMRfppMfppMNvOQNv3SxuWTowvHow#fGow9FGwiENv1LNv1Lfp6Ifp1Hsp^KKUj#JHPm4FboTEUn#hI9l3K1iJLBj^ZM6jbNPi#5Q_jaRJk#gSsljSem#mS0nSRCn#nRboBQGm#PP9lZM6j^pQ6jhRSgqHSg#qHJhjHgi#dHPiHG2j#9GhjCF2j#4FPiUFRh#JGSg1H5fqH5fqHgghRgg3SifDTSg#rSSgIQhj^MJtcYJac#0M1dKMxd#tN1ekNIe#bNnfKMKf#iM4gRL6f#pL7eMJtc^FFylrCvnrC$v#lCzxAAry#AAlxzxowzx$v#HzownAhw#4Bbw4BQu4Bbo#lyLp2yjqTwAo#2yho4B0n4Byh0zyhRxJh3xXg4BXg#4BrdZAAbqDFcrCrdrCXgdDXgcE_fMFyhrCyhrCwmtF9l" /><g i="80" p="#^wL7iwLqepLtb%LNzc%UMfd%UM7i%WP7i%5RXg%RSJi%UMJi%UMno%_Qno%9Sbn%WTZo%UMZoUMowZMRx%pLxywLLtwLZo%dHZoXFZoTEfp%$Dno%wLno%wLJi%kHJi9GslHEpn%nEbntFYk5GJiJGtg7HPd%aJVe%oIuf$HzgvH7i^4BxyaBvvaBRt%aBvjDyinaxLo%TwtoFxpnGyKlHz3kZAkhfCBedDtb%gFSc%uErdECMg1CQh%jDJi%xCoj%xCytxCjvECFx" /><g i="81" p="%^_IQh_Iho0Qho0QQh^vHfh#vHrdqHtbMJzc_Ild_IfhPPfhBQ4ggSlhnR7inROn#nRSouR1q0QDq0QSo_ISo#_Ihw3JzxqHry#vHbwvHSoNASoNA1qjzPq#pz3ppzLl#pzqijzngNAfh^NAQhNAhovHhovHQh" /><g i="82" p="#^8CUvzBUvaBvvNA6vNAxuNAXtaBytzB9t8C9tKC9t7DytwDXtwDxuwD6v7DvvKCUv8CUv^xCmp%xCjq%LBjq%LBmpLBJmpB1k4Blh4B4g4BifjBSezBqe8CqePCqe0DVedDnfdD4gdDlhTC1kxCJmxCmp" /><g i="83" p="#^vHrhvHggqHIe%MJNf%UIzg%UINj%iMNj%ANvi%qPnk%UInkNIDlHIJmwLtoKMEpZNPq3OKr9OFsCNmt4N2uiM8swLeqBIbn$HxplGprHEgtLBru%zB8ucEFsMFnqkH4ovHnk%HEnkqDnklCGk%tBNj%vHNj^Vymc%oAfd%cQfd%_Qfc%rSxd%MR7e%MRkuMRIvTRlx%pQ2y%pQow%oAow%oAzx%Vy7y0zbw0zru%0z9g0zIeVymc^oAPd%oANv%pQNv%pQPd" /><g i="84" p="#^lygg%9FggFFPdMFHb%$HLc%dHrd%EGgg%XOgg%vQIe%FSSg%yGSgzFGkiEpn%GNpn%XO7m%OQZn%DKZn%DKbw%xPbw%_QJu%2TNw%5ENwPCNwLB3x%TAbw%hJbw%hJZn%fGZn%4Fbo%iEpnzBZslxhw%ax$vwzFtCB1qIDpm4FSg%zBSgiASgdz9h" /><g i="85" p="#^$zhjry7m3xHn%Nwpn0zBjeAegtBScFBHb%BDLc%PCldLBHfAAki%SB$i%fBBj%fB2ufBCvmBYx%Vzxy$zvv$zyt^7Lcf%7LVm7LOneLJq%YJjr%YJPe%9FPe%9Fcr%VDTr$D9p$Dho%$DXg$D4gVDrd%nFde%RJde%KKld%0MBe^QGtg%NIlh%cI1i6IRl$HroVH0rjHNsJGxuyFLvnEZw1Cey%SBYxBE$vFF$tJG_rQG1oXG3kQGtg^cIbs1LduCL3vbMUvFLPw7LLxHKGwfKCvCJEu_IFt$Hus^EOFg%EO3pEO8qLOTr%hNAsnNjqnN9p%nNkinNfhhN$e%jP_f^nN$vePhwcQhwbRhw5Rjv%5RVe5REd_QZb%dT8d%mSPd%mS5wrSLxpQryvQsxnNuw" /><g i="86" p="#^3JJi%LOKd%rCKdaBKd5A1e%dz8d%RO8d%WPac%FRjePP7etJ$i%fKBj%hJ_j%hJCvhJzxJGryXGZw1D$v%7DvvtFUvHGUvVHUvPHdu%PHDlPHvjJHXh" /><g i="87" p="#^gFFc%uE1dVDPdqDwe%1Pwe%vQ1d%yS5f%7D5fSBMgAA4ijzojgxGk%3xnkVyPiGAegrCEd7Dob^4BZs%LBUn%dzUn%Lx4o%Zwin%SBin%rC2h%PDXh%ZNXh%LOSg%pQ7i%xPPi%jPin%BQin%ZRXl%WTUn%jPUn%1Pmt%5Qmt%uR_r%rTXt%XOXtLObwfO9xLN7yVLxy0MlxnJow%nJUvPLuwyMuwhNuwtNXt%rCXt%FBQu%iAyt^IDvi%dDin%ZNin%9Ovi^7DUn%rCmt%ANmt%SNUn^EGViBIHjwJkksKYkSJemhJvnHI8m6IMkrGcj^rGnoNIspwJeqfK0rzJbsUImtoIUrVHqqfGGo" /><g i="88" p="#^PLxyVLFtVLCnVLyhPLYc%bNPd%uRPd%rSSc%WTje%XSPe%WPYk8TnokThqxTbsOSct3SduIQQucQrt3OTs%3OnsTQZswRes9SvrGRypbRBnjP3l%uRqe%bNqe%bNYx^dDufdDYc7Dtb%9Fmc%uE1d%uEuf%gFuf%fGwe%CHTfhIIeUIld%DKPe9KVenJ_fBI2hEGHj%_IHj%3KCi%DLhk%lGhknFllwD6n%vH6n%hI7m%GJHn%NIboNIDu_IGw%vHsx%vHvv%8Cvv%8Czx%NAeyTAvvTASoCzEpsxxq%lx8qjz3pNAZnNABnHAJm%SBbnBDDlNEhk%5Ahkjzhkeyzk%lxHj%dDHj%dD4g%8C4gTA4gOzng%Vyuf^uE4g%uEHj%9FHjyGJhCH4g^8Cbo%8CPq%vHPq%vHHn%WCHn^8Cpr%8CWu%vHWu%vHpr" /><g i="89" p="%^_I6n_ILpSNLpSN6n^tBvr#zB9pzB$m#zBRktBCiWCojJHojJH9htB9h#bA9h7zrheyzgJHzgJHde#ECqeoAweoA7e#9FPd3Jbd#ZMzcsONbWPxd#LOrdqNBd#6MKd_I1e_IzgqPzgTQcfLS9h_I9h_IojLNojsOqiWPBj8Phk#8PnoePPqSNvrSNjq_Ijq_IZsfOZsxPIrhRyt_Iyt_IuwjQuwTRWuQT3xiA3x#0z3xYxlx3xuwJHuwJHytKCyt#tBytoARtwzZsJHZsJHjqWCjqWCWq^WC_jWCwmJHwmJH_j^WC6nWCLpJHLpJH6n^_I_j_IwmSNwmSN_j" /><g i="90" p="%^tBrdtBFggFFggFrd^EGrdEGFgsKFgsKrd^JLrdJLFgDPFgDPrd^$z4ctBLcxPLccQTbFRYc5Rxd#5RPe5RKf#5RFgbREhDP7iDPlhtBlhtBQh$zki#5Ang5AIe#5A1d$z4c^qDDuqDNwnNNwnNDu^DyojkHoj#qHkiqHlhGJ7i_IviHIojXOojjQki3S3kBI3k#hI3l$HXlbNXlSNRkxP1mLOVmLONwIQNw9Svv6UsxoAsx#VysxLxLxNwNwYBNwYBOn#YBJmSBflqDXlXGXldH3k8C3k#NA3kCznk^qDDmqDAonNAonNDm^qDfpqDcrnNcrnNfp^qDTrqDXtnNXtnNTr" /><g i="91" p="#^HzGkTAzkIBWjxChjYDNhnFggyG7e%mB7e5A7e0zqe%7yxd%ePxd%OQ4c%RS7e%HI7elGMgaF_h$DcjLBYkPHGk3OhkvMviRJzg%3KggxOqiCPcjIQ_jUQDk5RflIQbmjQ6nMPkmePylxOMk7L9laJll%aJ1q%SN1q%qPto%nRDq%aJDq%aJ$v%0Q$v%MRku%JTzw%oAzw7zzw2yTw%ax$v%JH$v%JHDq%PCDqzBDqtAWq%Cz1q%JH1q%JHslNEKlaD7mzBwmTAVm" /><g i="92" p="#^YJNb%9KAbvMFcHMudUMjeiMVeJLufwLIekLWdZKfdDKzcYJNb^hRPm%2Tno%9SGojQPqEOAs_QXt5SSudTNvaTzw8TlxISExgSYxDRxw_Q6vsOTsRJTwBEYx%uEzx7HNwIJ6viMrtoOYqvQtohRPm^uENf%TQNf%3SBe%JTng%1Lng%pMlh%DLJhtJ3kCHDl%GNllxONj1Pqi%_QHj%0QhkLNUnpL2q3JbszFyt%nF9tsKDqnNXlkL7mtJtmCHPmXGpn%2GDl7HsllIRjzJdilKng%JHngrGngnFFg^Oztc%$zfctB1dfCKd1Dqe1D9f1DTfuCngYBSgwBof4BWdOztc^HAdv4BQu4BLt%4BRk%AARkjzRkey9l%lxhk%ZAhk%YBhj%dDzk%lC9l%lCXt%MFWq%2GcrxCpv1CGw" /><g i="93" p="#^LB4oLBllFB$i%7DNj%hJNj%RJVi%pL3k%DKMkDK3pKK8q%nJxq%nJsp%1Dsp%1Dku1DIvSD$vHEhwCHkwyKowhNkw0QhwEQ$vhRIvtRZuFRduMRPq%gSPqmSytESxuXSvvQTNvXS3xzRjxcQzxaNzx9KzxzHvx_EsxmD9xLBTwLBxu^0QFgWPKlPPhoJPPqePFrLOusbN9tUMOrDKcr%DKPqpM5r_M5rAN5r2OIqxOjqEOgg%qDggAAzkgxin%Zw0nwzakgBfh1Dje$DHb%XFScgF8dIDHf%sOHf%qPIe%OQ4g^1Dnk%1DSo%nJSo%nJnk" /><g i="94" p="#^XGXg%dHFg3Kki3Kcj3K3ktJzkUI3lyINjcIviXGXg^SBsl%JLsl%HMtk%fOXl%hNwmiMBnKK8q%tJLp%PL1m%4F1mPD1mKCkm^BD5r%BDNv%4NNv%4N5r^sOvr%sOUvsONwxORx%4Nxy%4Now%BDow%BDYx%8CxyfChwfC4ufCTr8CLp%BDxq%UMxq%SNxp%ePWq^RJSc%UIldwLggrOrhnRCiQTPi%QT6jrShjTRtkfOcj5MshYJHfBIKd4Fyh8Cjjdz3l3xRl%ZwslNAvjFDVgyGje6Itb" /><g i="95" p="#^zxnf%gFnf%2Gqe%JHNf%JGzgnFRk5EOn2GDqrGRrQG3tMGUtJGJubGfvFFNvdFOtNEOrwDZoxCJqZAAspzruZwow%TwUvDydueAXrSBEpKCOnVzNjDy7i%VyQh4BakdDDmcE3kgF_f%NA_fwz_frygg^3Kvv4N$vJNUvmONvmO6v%mOVi%MJVivIViqHcj%yGki%mOki%mO$emOfdfOZb%BQ8d%JPWd%JPki%OQki%3S2h%WTVi%JPVi%JPNvJPsxANlyANax3K$v^6I9l%oIYksKDm4LUnJL9pQKkqYJvrIJBptJHn6I9l" /><g i="96" p="#^wDdvMFCvKGCvJHCvJHku%JHKl%AAKljzKley1m%lx9l%JH9l%JHje%BDjelCjefBBe%oAKd%tNKd%ROmc%OQje%aJje%aJ9l%PP9l%nRBj%xTKl%aJKl%aJ6vhJgxQG2yQGzwwDIv" /><g i="97" p="#^HAvj%HAFx%dzryjzpvjzFpjzUjdz7i%HAVi%HEVi%HEje%iAje0zjeYxBe%3xKd%jQKd%MRfc%QTje%JLje%JLVi%PPVi%BQXh%gScj%nRNj%nRvvnRlxePey1PTwVL5w%VLCvfO$v7PYv0QUv0Qxu%0Qvj%JLvjDLKlkLbnEOSoZOIpjPxqQOwrmOusJNWq4NmpeLHnYJIr9Gku%XF2uyKLplKvj%2GvjXFRkMFpm$HOnbIDooIspSH8qkHPqXGopyGZnFFVmuEWqaBrt%ZA9tBEmpHEvj^2Gje%2GVi%lKVi%lKje" /><g i="98" p="%^sKLpsKdvIQdvIQLp^_I7y#3Jvv3JBn#3JHf_IrdsKqevQqehRldXSIe3Snf#3SWu9SaxIQRxIQNvsKNvsKzx^sK$esKUjIQUjIQ$e^sKtksK9pIQ9pIQtk^rC7i#rCdelCHbBEFcIDrdID7iFF7iQGSgvIJiIDJiID3l#FFDlxGkm#qH0n_Gho#yGxpPF4o#4FDmIDyl#ID6vPDzxlCey#rCbsrCJm#tA5rgxxuZwku#TAAofCJiNAJi#wzJiry$izx7i" /><g i="99" p="#^_I4c%aJTbkLYcPLydiM7e5MLeVLnfqLQfXKggEK5flKWd_I4c^iESg%5QSg%ARif%kTrh%8PrhfOYkBMUn8PRpcQWqhR_r1R0tOQ2uvQ8ucQduGPit8PnsVN0rHMEpPLSoHInsuE2u%iELtUIPqRKZnvIKl2G_j%fGHjMJKlwL6n4NakANrh%1HrhfGrh9FJh^7z4c%jzTb4BScOBydxCderC$elCNfIBkg4BSgMAvftA7e7z4c^rCMsjDLtTEDurGvvtJEvvMNv7PIvMRCvWTpv%WTNvTRhwTRsxANsxNKfx$H3x8GkwiECvgDAufCytLBptfBgt4AouVyvvxyhw%3xQuVyytaBFs%aBzk%iAzk0zzkYxRk%3x_j%ZA_j%FBVi%jDak%rCYk" /><g i="100" p="#^MFvj%XFcj$HzkQIulGJpmCJ6nzJOnZIoooIZoSHdnkHslMFvj^bNfhbNYc4Ntb%jPzc%xOld%xOfh%IQfh%ZR_f%JTQh%xOQh%xOnsxOrt5O1uGNDuHM$u6MrtnJMs%nJns0MFsBMFsbNFsbNTr%bNQh%rGQhFFQhBE7i%IDfh^7zSc%jzzc4BrdSBaeECVeACEfxCngXBSgmBlhTANfoAde7zSc^rCgtwDduWEWulGCvtJPvBM$v7PSvFRIv$Tvv%$TUv3Shw3SsxGNlxNKcxVH3xfGxwBE$vqDWufCRtOBRtmBRtnAWupz$vDylx%gx$v0zJu4Bgt%4Bfl%iAfl0zflYxyl%3xGk%NAGk%SBBj%dDYk%rCDl" /><g i="101" p="#^tA5ftAPdoAfc%SB1d%8P1d%BQAb%FSEd%SBEd%SB1mYBmpgBbsAA$uRxYx%zxLxwzQu2AesAAEptAwm^QGvv$HCv4JFv9KIv9KJu%9Kto%2Gto%2G9p%HELpNEboNEclNEdiHEng%2G2h%oI2hhJ$ezJKd%kLBeDK$e5KyfzJ4g_I2h%8P2h%PP4g%hRfh%BQQh%BQDmBQHnIQ3p%jPEp%jPto%pLto%pLjvwLaxtJRxnJuwQGUv^2GEh%2Gtk%jPtk%jPEh^2G3l%2GUn%jPUn%jP3l^QGqq%vITrqHhstFYtwDCvfBNw%4BuwWC$uuEmt2GIrQGqq^HMWqrSgtNSiu8TjvNS8wrSZwPR_vbR$uPPLtsOusBMjr" /><g i="102" p="#^hJFshJbwnJ2y%JHDyPHkuPHFs%IDFs%PCTs%1C5s%PH5s%PHvj5E5raxJu%3xkuwDXpXGQh%aBQhVzQhQy7i%Yxfh%PHfhPHBeJHtb%fKFc%hJrd%hJfh%WPfh%hRTf%dTQh%fKQhtNXpQT_r%QTnsZRusFRytpM8qMJQh%hJQh%hJ5s%bM5s%nNWq%8PFs" /><g i="103" p="#^JPsp%JP$vJPRxGNxyANlx9Kuw%9K$vtNowVNewmO5wmOCv%mOsp%qHsp9Gsp4FLp%cESo%mOSomORlfOGk%vQRl%JPpm%JPSo%TQSo%3SHn%QTsp^CHeqnJprVJ8ssKTslKttfK2uCJAu_I6vHICtoI5skHqq^XKld9KdetJcf%PPcf%IQje%9SNf%hRggDPqiiOEjZMRkxKkm6IOnuEto%uEbo$H6n_KWkZNJiPPNf%3JNfBIngcISgnJyhYJ8iyKJirKmjlK_jPJnkhJMk4JLjUIJi$H9hJGJiHEnk%uE3kJGyhXHvfaJrdRJtb%VLYc^sxng%Lx9gVzEhrAqiZAcjTAXjNAGkeA9lHzDliz7kVyCisxng^fCrylCNvlCUnmB3p_zNqDyuslymt%NwTrzxvraz5qNAGolC0nlCdefCTb%nE1d%BDWdBDMsBD8uBDvvIDFx" /><g i="104" p="#^vM5sPP2uXQgv3SuwqRyxOQDyiQIxPPNwqP5wEC3xfB2y%bAUvmBIvCDptSF5rCHho%tAhodzho7yAo%gxHn%VHHn%VH$i%wD$ifC$iaBhj%iAqi%VHqi%VHweBEIetAVe%tAqeNE7e_IodbNFcEONb%cQxd1PxdnJje%nJqi%9Oqi%qP9h%hR$i%nJ$i%nJHn%jQHn%FRkm%DTho%VHho%GJLp%BI1qnEruYB$v%8PvvfOdubMns" /><g i="105" p="#^Hz7m%pzXlzBXh1CKd%iEVeqDifEClh%JHlh%JHdeJH1dCHAb%9KLc%aJrd%aJlh%SNlh%eP_f%bRXh%aJXh_IMkHIVm%DPVm%bRll%kTvn%MJvnPLTrEO_tuR5wJTow%JTNwTR3xuR7yePTwUMeuyKBrhJvn%BIvnvH_rWErulCTwLxly%zx2ytBowID8uXFTr7Hvn%4BvnOzvnKyOn%RxVm%dHVmCHnkJHXh%rCXh4BzkHz7m" /><g i="106" p="#^eLhk9KLoTI5rCHrtYF$uiEzwlCzx%8CgxuECvRFLtdHTr8IEp3JpnRJ_j%yG_jXFllnFpmQGpnmHboVHZogHOpEGDqlGip2GZn9FPmiEnoPCXp%xCEpcEpndFekfG2hrGnf%4Fnf%$DBf%7DPe%3KPe%7LKd%OMnf%$HnfJHtgJGoj%MJoj%yKqi%bMHj^sObosO9pxObs%4NTsbNEpbNAo%bN6jbNrh4N4g%eP2h%sOQh^TQzgTQVeOQZb%XS1d%9SEd%9S5wgSFxcQly5Q3xbNuw%hN$vJPowiQewTQ5wTQ6v^iAlyoA6voALt%oAHjryJmgxZn%ZwOn7zakbA9hfB7eLBHb%VDSc%7DldzB2h4Bdi%rCPi%FBvj%FBXtFBCvLBFx" /><g i="107" p="%^zFLoCHjqEGJq#LBzwDy7yryRx#aBvvWC6t#HEJqzFLo^yKmpKK3p#tNPqGPJs#TRDueRuw#BQlyYPTw#jPpv2Ozt#OMIryKmp^wDPdwDJmZNJmZNPd^jPRk#jPkmqPhoZNSoZNinwDinwDLoYBmp#8Cpm8CIi#8C$e1CfcBDfdLNfdsOac5QldjP7e" /><g i="108" p="#^4F$i4FfhiEjgwDnfYBnfNAnfYz0g7zFg7zEh7zdiszCiOz$iOzojOzUjyz8kjznkQynkeynkUx1kzxHjzxVizxSg0zNftAIe8CIeuEIeBFTfJG2hJGPiJG_jbG9lFFkmuEpnFB8q8ARrDyytly8u%5E8u_E8uzFst9GMslGpr%XGpr%lGCv%gxCv%gxkuLxrtTy4s$zJqSBSowDbniEKl4Fhk4F$i" /><g i="109" p="#^7yrt%7y3tAAmt6BmtFBmtFBMs%FBwe%bAweVyweRxPe%ZwWd%VDWd%4FLc%JGwe%WCwe%WCmtWCduxCCu8C$uTACvHA8u7yrt^qHTsvHjqvHYmvHBjqHFg%UIrh%1LrhwLnfJLEd%tJEdcIEd7HWd%fG1d%IQ1d%ZRNb%JTEd%GNEdUMqeJLrh%5Qrh%bRng%ySJh%FRki%FRhoFRXpMRTr%pQAs%pQ1i%NI1i%NI_r^9OYk%nNDlhNPqvMTsJLWuYJbwcIsxHExy%BE7yNIow8KAuwLMsMLUp0M0nVLHj^ANMsnRxufSpv8ThwNSsxrSDyIRvx_Qow$Pmv1PkunN3t" /><g i="110" p="#^wDpmwDNjqDvi%TEojvI$itLhisOyhjPSg%5RPi5QJi7LojeLslDLBn%JPBn%_Qkm%RSbo%JLboHMTrfOEtPPpvuR$v%yS5s%XSbsLS8uLSwvLSTwhTOxQTKy_QCx9OuwyMYtXKprfKbo%TEbo%TEru%RKTr%1LbsNENviEZw%7DvvwD$uwDXt^TEUj%TEBn%9KBnRJKlGJBj^Cz7e%mB5f%UI5fNIjeoIxd$HLcdHNb%qHtbMJzcbKodDKdeRJ5f%PP5f%bRKd%8THf%aBHfaBnkaBMmaB9poA8sCz6vaxly%Tw2ylyvv0zQsHz8qHz3lHz_fCz7e^$Hku9K6vNKIvpLhwmLSwkLsxUKUxsKlyVJdxnJ5wPHDu" /><g i="111" p="#^0zZo0zTr2Avt4B6vxC6v$D6vNE2uzFZszF1qzF4oKE0nVDXlKCXlFBXlJAzmOzbn0zZo^PCYk9FYkbGwmdH4odH1qdHZsOFnunENvxCNvVzNvxyOtaxOraxZnaxvjPy6htAIejDIeHEIewFuflGgglGSglGrh5GKhSF1igF1iNE1ixEOhiEyhiE2hiESgkEGgnEtgnEggnETf5EDfPDnf1DnfmBnfbAVg0zqi0zvnCzemDABlFBYkPCYk" /><g i="112" p="%^1Cll1CpnEGpnEGll^1CZn1CeqEGeqEGZn^1CPq1CXtEG9tEGPq^RKHn#eL3pVLrq#BMOrnNFs#9OvrNOeq#qPZoWPHn^gxMkWPMkuRcjDTllVHllVHTsKKhsRKFsVHytVHLxEGxyEGXt#aBjv$zLv#QybwDyzwsxJu#QyxuHAduHAlljzll2yyl^hI6nPP6nBQ7m9SvnhRZn#PPjr9Oyt#JP$uUQBv#3SbwJThwJTGw#9STwMRRx#IQlxCPww#xOIvnNru#pLowcIeyVHYx#KK$vHMFt#PLhsgLTq#KKsplKHn3JUn^qDfdqDnfZNnfZNfd^qD_fqD7iZN7iZN_f^YBTbqDFcLNFcsOAb5QLcjPrd#jPdiqPcjZNUjZNJiqDJiqDvjYB_j#1C7i1CXf#1CKdYBTb" /><g i="113" p="#^IDFtXGRpEGNjEGnfyGxd%$Hwe3KdeEMBdePYc5Qac%uR1e%vQWd7LPeVH$e%VHHj%BQHj%MRvi%rThk%mOhkmOBrsO8u%ZMQu4Nhs4Nhk%VHhkcIxqVDXt^dztc%pzfcaBldYB4eKCPeDCsfxC4gXBzgmB2hZAyfAA1edztc^8CZs1DRtBENu9GIv7JOv6MUvOOOvuRIv$Tvv%$TUvZRowZRlxtNlxxKfxCHax_FxwnEUv9DJuYBytFBptmBgtnAlupzpvly3x%ZwNvVyruTAZs%TAzk%5AzkQyzkLxRk%Tw_j%AA_j%FBVi%1Dhk%8CRk" /><g i="114" p="%^2G7i2GnopLnopL7i^dD4cwDNb#SFfdoG1e#XGPeNGyf#EGgg5GCg#zFXg7Fnf#HEPddD4c^HEnoHE7irC7i#aB7i5Aqidzyh3Kyh#iM1dvMHbsO1dANrdyKyhJPyh_QggRS7iOM7iOMnocQnoMRPmWTZoOMZo#OMpvUMRxkLry#pLCvpLZo2GZo#tFbwRxxyFxey#cEpvHEZoNAZo#wzZoryfpzxno" /><g i="115" p="#^Lx7e%PP7e%hRFc%kTIe%HIIe%HINjxOylCPJmIQUncQ6pJPjqlOtoZMDmHIhk%HIduHIhwNIFx%7HlydHJudHmt%dHIe%ZAIeHzIeDy$e" /><g i="116" p="#^zBflzB2htBBe%IDHf%WCgg%WCRk%PHcjPHxdJHHb%YJFc%aJld%aJPi%XOFg%xPnf%hRtg%vQfhjQwmSPJoqPWqZMpr4NeqlKsp%lK3pbMfp4NfpZNfppOCoROZn8Plh%aJvj%aJ8qaJprhJFs%JHrtPHIrPHqq%PHUj%WCyl%WCruPC5wBE$v%5Q$vIQ$v5RdvuRruFRJq%9SJq9SFtlSxuySpvxTIvLSaxbRax%IDaxzBaxzBdv%zBXl%dzJm%xybn%sxDm" /><g i="117" p="#^VLYc%XKxdfK5fzJFg%5RFg%ZRHf%kTXg%ySEhmSTsWRHuuRuwBQdxJPYxsOry3OZwRK5w%RKCvSNbw4P1wjQUvEQ3t_QeqbRfh%nJfhCHtkMFpm%nFemdHvjiIAgnJEdzJHb^GJBjVLRkKMXlAN0nKM5oVL9pwLIn7LemnJUj^qP9pGNqqZK8shIRtkH6v%SFgtdHTswJOrPLJqePLo^ECIr%QG8q%1HDqjDns9Bvt0zDuxyjv%3xmtHzFsfB5s%fBHj%VyHj%2yUj%gx6j%fB6jfBEdaBNb%wDYc%ECKd%EC6j%ID6j%NE1i%lGHj%ECHj" /><g i="118" p="#^CHxyJHDuJHhoPDWulxzx%gxaxdDLtEG6n%iA6n0z6nYxpn%3xwm%JHwm%JHtg%8CtgTAtgOzMg%VyTf%JHTfJHKdCHob%9Kzc%aJfd%aJTf%8PTf%vQwe%rStg%aJtg%aJwm%XKwmbNHjfOSg%jQqi%jPJinN3lwLwm%jQwm%MR3l%QT6n%9K6ntNmtWT$u%WTpv9SpvMRzw6MytGJ6n%aJ6naJUvhJLx^zBfhcECiQEojtFakNEpl5EDmvD0lWCojfByh" /></glyphs></font><font id="40" name="ArialBold"><glyphs><g i="0" p="%^Vx$vVxfewBfewB_svK_svK$v" /><g i="1" p="#^lA_m%expmMxyk2zEjkAKiSCKi8FKigGhjoHQjRHGkjIvljIKn%gIKrgIrtrIfuCI3v2J$v%FF$vxFFvkF_ufFGucFAukErvkDSvkChwbBhwbzhw1ycvUw6uUwssUwmrpxvqXxDpTyapQzJoCBno0EWnXExn%XEbnXEcmsENlZDmlCCmlHBmlaBJlGA4mlA_m^XEMphE_pRCiqqBBq_AUqjAmrjA5sjAPsRAltoBTtdCTt8DTt_DgtCEOsPE7sXEHrXEsq" /><g i="2" p="#^Ex$v%Ex5e%4B5e%4BykFCKiQEKicHKiLIskiKamiKnpiKIsJIvu8HhwTEhwMDhwHCKvCBavQA5u%QA$v^2Bep2BfrHBcsACAt2EAtbFAt_FCsNGErNGxpNGknZFlm9FmlWDmlHCmlSBkm2Bhn2Bep" /><g i="3" p="%^nC$v_v5eVz5eqElrPI5eEM5eeG$v" /><g i="4" p="%^Ix$vIx5ejB5ejB$v" /><g i="5" p="%^Px$vPx5e4L5e4L7hqB7hqB5lpK5lpK6oqB6oqB_spL_spL$v" /><g i="6" p="%^lA$v4w5eNz5etCoqLF5e2K5ebNBqWP5ezT5edP$voL$vQHCigE$v" /><g i="7" p="#^Xwfr%fARqpA6s5BNsOBrtOCrtSDrtAEEsjFRrjFtqjFbpCEroWDGnVCGnfCGnlBWn%JB7l6DalRDxkAEUjAEQiAEWh1EohvDRgCCRgKBRg5BshtA3ilAej%bxIiwx4hay6gRy8f1ABeeB1eIC1eeF1eMGEf0IXg0ICi0IZkrFnm_GImVHSnQI$oQIDqQI_s5HEunFiwPCiwoAiwNyVubxvtXwfr" /><g i="8" p="" /><g i="9" p="#^4x9n4xqkUxzivychzz7gDA1fTBveyDOdKFOdHJOd3MfgrOIirO3nrOpr4MStJJiwNFiwOBiwrzSt4xqr4x9n^OA1nOA4qbCErBDctMFctXHctjJFrIK5qIK_mIKVjlJoi$HTgMFTgxDTg9CpiOAXjOA1n" /><g i="10" p="#^jG$v%jG2uCF5vsEHviDhw0ChwJAhwGzJvEy8vay6uJx3tJxer%Jx1j%8B1j%8B_o8BJrkBlswBYs0CjtwCGtiDGtaEGtSEbtzFIsPF$r4Ghr4Gvo%4G1j%vJ1j%vJ$v" /><g i="11" p="#^KD1j%KDMl%oBMl%oB_qoBAssBRswB5tLBgt$BrtlCrtPCrtJD6t%0EMvPChwiBhwnAhwDzZvUyFvxyavbyGu3yQtYxetYxqr%YxMl%nwMl%nw1j%Yx1j%Yxsg%oBse%oB1j" /><g i="12" p="#^Hx1j%UA1j%UAXkwBYjACljEDKiWEKibHKiLIwkkKhmkKrpkKHsKIuu9HhwVEhwQDhwYCSv4Crv7Bou%7BWA%HxWA^4Bip4BtrXBwsPCzt3EztfFzt2GCsRGErRGtpRGqn0GrmcFsl$DslLCslVBqm4Bon4Bip" /><g i="13" p="%^QF$vpC$vpC3j#wAQkZxGlZxyi#jz6iUAUg#tCFf2D1eQF1e" /><g i="14" p="#^SC1esF1eWGTfFI4iFIanFIfsVGtusFiwSCiweAiwEyiu2xhs2x7n2x4iOySffA1eSC1e^SCTgeCTgKBghfBFh_AHiDA0kDAanDAjqXAurfBFsKB2teCrtSCrttDrtYD2tsEFsJEEr4Fjq4Fan4F0kLERirEFhYDghtDTgSCTg" /><g i="15" p="#^6xor%wA1rGAcsoBTs6Cyt2Dyt7EytSEHsCFPrCF2qCFpoTEAn8ELmYCLmtBLmiA3o%wxFn%hzle%lIle%lIyh%TByh%lBBkuC0kHD0kZF0kyHHl8Jln8J_p8JcsSHWt6Giw0DiwxAiwZyZupxEt6xor" /><g i="16" p="%^ND$vNDosswosswopdE1e5H1e5HnpkJnpkJos5Hos5H$v^NDnpNDgjGznp" /><g i="17" p="#^EIPs%EI$v%Cw$vPwbuNxAsMyYqEBhoZD6muEllcFhkcFfjcF5iAEuhZDTgTCTgOBTg9BwhxA9irAFj%0xkjkxugXygfyA1eZC1eCF1e7HsfEITgEI$iEIdkcIjlMHomQGBncGooAETpZCmrxCSr5ClsQBPs" /><g i="18" p="%^sysmsy1jTB1jTBsm^sy$vsyzsTBzsTB$v" /><g i="19" p="#^GIui%mFRieFPhJEkhcERgoDRgiCRgyBQhOAOiCAUlUBnkODnkXFnktH0m$IEn$Ieq$I_soHEuNFiwfDiwyAiwOycu2x5s2xhn2xniSycgHA1eBD1eEF1eZGafjIjgGIui^VAZpVAErGBysrCrtqDrtnErt$EIsEFZrEFgqEFwoYEInhEUmfDUmgCUmABGnVAsoVAZp" /><g i="20" p="#^2xxh%2xle%NIle%NIQgkHgiQFXkkECnxDDqLCDtMC$v%sz$vyzhs_AqorCzkSExh" /></glyphs></font><font id="50" name="Arial"><glyphs><g i="0" p="%^jF$v6D$v6D_h#jCLi0Bwj#KzgkJyEkJyvi#zAFhXBqg#jDbfUD1ejF1e" /><g i="1" p="%^$viwbBOdXCOdMxiw" /><g i="2" p="#^AITt%AI$v%Lw$vJwcv$wtusxgtsy5sszWqkBnpfE_mgFBliGbkiGXiiGEhmFLgqERfWCRflBRfoAOgrzLhqzrj%axcjoxGgVymfqA1eZC1eyF1e2HsfyITgyI_iyI3k6I6lGH8mFGinEFrogDrqiB5sKAHsaAhtOzTt" /><g i="3" p="#^2xgr%ezZqDzRsxAGtrBuuLCuuiEuumFqtqGlsqGLqqGeprFgosEhnWChniChnnBwn%DBBlRBClZBClnDClvEUkDF9kDFDiDFqhOEDg_DQfHCQfpBQfyAEgHzrhsz2j%gxFiGxsg5zffwA1eEC1e6E1elFFeAGhfdHngTHshTHGiTHQjfHNkEGKlqFim$GGmTHQnMIZoMIIqMI2t2HHulFjwKCjwnAjwPyVugxvt2xgr" /><g i="4" p="%^4E$v4EIrjwIrjwHptE5egG5egGHpHIHpHIIrgGIrgG$v^4EHp4EDhtyHp" /><g i="5" p="%^Pyyr7y3i7y5eSA5eSA3ieAyr^ey$veyutMAutMA$v" /><g i="6" p="#^1xjr%lz5rBzOsxAEttBuuNCuumEuusFitzG5szG7qzGeovF9nsE3mLC3mHB3mQAymZz1nuzOn%qxxn%9zle%2Ile%2Irg%VArg%YzflzB7kkD7kGF7khHLlUInnUIWpUImsuH7uMFiwNCiwlAiwOyXufxzt1xjr" /><g i="7" p="#^1D$v%6w5e%Gy5e%jD5rTDFsfE1uGEzsdF5r%3K5e%tM5e%tF$v" /><g i="8" p="%^ky$vky5eHA5eHA$v" /><g i="9" p="#^1xan1x$jHx3ily7gDz4fVA1eSC1ejE1eoFCeuGbfbHhgUHnhiIXiIIvkIIanIIjq2IfspHbu6GfvQEiwSCiwhAiwOyru1xcs1xan^hzanhzArjA1tlBuuSCuunEuupF1trGzrrGanrGLipFihnERfRCRfkBRfqA7hhzMihzan" /><g i="10" p="#^cxhncxQiBzjg_BNdMFNdfINdeKZeeM8ggNgijOokjO3njOOpdNYr7M5u6Kcv5IiwMFiweDiweB4vfzStdyLrcxDpcxhn^EzjnEzyqnBps7DguLFguqIgu8KosTLwqTL3nTLTk7LfjoKChZIJgyHPfNFPfgDPfsByhEzgjEzjn" /><g i="11" p="#^8G$v%8G5uDEhw0ChwTAhwTzRvUypvpyLuWx4uJx6tBxtsBx3r%Bx1j%Nz1j%NzdqNzXrWzxs7AptOAVttBoutCousDoujEUtbFntyFwsVFErVFZp%VF1j%6I1j%6I$v" /><g i="12" p="#^rC1u%LCZvQB9w5B9wVz9wezNvAypvjyOu2yau2ycs%2yKk%rwKk%rw1j%2y1j%2yPf%eAve%eA1j%rC1j%rCKk%eAKk%eAjseAgtlAxtsAOtJAYt_A6utB6uRB6urC1u" /><g i="13" p="#^ExYA%Ex1j%Ez1j%EzJklAJjeBej7CKipDKi3FKikGBjBHrkeI$lUIznUIppUIpraI$stHBu6GrvLEhwfDhw8ChwgBQvpAmvRzFu%RzYA^DzApDz5sEAitFBuu5DuuzEuuCFftFG$rFGppFGWmDFHlCEskbDskOBskIAMlDz4nDzAp" /><g i="14" p="#^rIui%fGFiXFmhqFMgxEQfdDQfaCQfnBqglAahKzDi8z3k7zMmVzzl2B_kcCoktDokFFokcH0mLIDnLIbqLISr0IjtiHMu0GxvLEiw8DiwpAiwGyhuXwfsXwDnXwriRy4gwA1emD1etF1ePGdf9IogrIui^szbqszkrXznsqApthBYt9Cuu6DuuvEuuvFntvGfsvGjqvGsowFonxEkm1DkmxBkmuAonszsoszbq" /><g i="15" p="#^axrg%axke%MIke%MI1g2HShmFTkHDUnNC4r7CjtXB$v%Gz$vJzTtvAUqiBVnNC7lgEliXFrg" /><g i="16" p="#^pAhm2zNlnySkJxXjJxEiJxHg7zmfxA1eSC1ecF1eDGof3ILg3IIi3IXjpHSkMGNlqFhm4HQmXH1oOIdpOITqOIataHKuyFiwVCiwfAiwDyKu$w9t$wPq$w4pUxVnNyJmpAhm^ZzziZzQjNAEkCBslVCslbEsl$EFkPFRjPFHiPFuhZEFg8EQfUCQfDBQfOAEgZzrhZzzi^gzQqgzMrIzFs9Axt1B0uVBuuWCuuvEuuwFutyGtsyGVqyGjpuFhorEenSCeniBenhAgogzipgzQq" /><g i="17" p="#^lxSr%tzFrKz8tuAPtfBuurCuusDuudE1u_EztsFOsXF0sgGIqCGnpCG0oCGSnBGznXFDoOEhpFDWpkCWp6AWpzyjo1xIm1x3k1xlhDyHfeA1eFC1epE1eRFZeiHVf2IEhOInjOIGmOI6q2I8sjHauQFevmEiwoCiwiAiwYy8vDxZtlxSr^mGYjmG3ilFYglERfWCRftBRfnA2hhzeihz8khzRljAVmlBZnSCZnnEZnmFVmmGRlmGYj" /><g i="18" p="" /></glyphs></font><font id="60" name="SimSunBoldItalic Charset134"><glyphs><g i="0" p="%^sQFe#2RVcsRobNTxcJSndhSFeSVFeLXpdQYJfWRJfpRehQTehAV5gCWii2RiioQckyUckqWZivXgl2Kgl#jJgl2IyltHckzOckcPiifNii#wMiifLAiHKehzPeh5QJfIMJf#ZLJfIK$f7KFe^4LLnBKbpmRbpRRLn^dKfqEJZrqQZr$Qfq^SJXl9LIm7SIm4TQlsUdnyTVnWQDv#mQzxpNiy#RN$wsLqwKLCv#BNHvpOLv#dPOvlP6v3Q1thJ1tJHDxCFoy#NGgvVHWr#2JAoSJXl^TFxcxG9c#0IndjIae#CIYe8IJf#GHugGGZg#HFrh$F0g#kGBeTFxc^XAKjwEKjGFMi5HgkZF2lbDcttH2qPHzq#ZDTtsBzwqAPu#1B8ugBstcENkvDNk#MCNkvB4l" /><g i="1" p="#^0SAp%WPLvePLxvMuyPMhxKJqw%2KwvnNUvKNNv6OGvcOmv%aQAp%DJApqIAp9HSp%AGwo%xQwosRPlRRpk%4ULl%4Tum%nSwo%aTwo%PUnn%2WAp^JJSpcL4rvLSrPLDstLit8LYt7Kyu6J7vjJAtwJ0s3Jdq^hRFdiQtetP1f%lV1f%CWae%IXVf%yWwgeUBiwSPjOQ0lTNumYKXnQGDo%4HVn1LPmDOHkeSziRU5g%BO5gWNGgDNRguOohUO0iiPEiXOnjBO6kJNykRM_k_MVj7NPiXMrhpLUiAIBk%oI2kxLrhnNsfePtdJQob%wS8d^LCmg%pD$fbFvhtFkiLF9jmFZj_EMk5EjlcDRliDikoDKiLCmg^jBoymCyvWE2oXDbp5COqgApsxzpt%eyGrgz8rjBMpnDnokFRmdIke$INb%9L6d%2K7e7FBsFEZtbElvxDwx" /><g i="2" p="#^LFjl_FFkwGMi%YI7k%JHYk%9Epv%sIpv%6OLe%wILejHLe2G2f%tFId%OVId%QXgc%fZLe%YPLe%yNQl%TRQl%NTvk%8VUm%bNUm%hKpv%MPpv%XRTt%pTtw%GAtwtztwcyMw%Dxpv%jCpv" /><g i="3" p="%^SPwf#nOVg1N$hUNAiXQAiOTwf^bRobYSYcTRnd#dR_dDQtebUteuVvdGWAf#4VIfVRAiaVAieWDhyXUiCWHjwSIv#3SlxtPby#PPVwFNqwXNCv#hQOvyQIv#PQBvYQaveSoroPorvNXwBLJxKNorMKor#OJrt3Idv#kG_wDDoynDYx#UF$vpH1u#WI3sdKmo#xLEkiMoi#gLAjJJBkhJdk#qLiisN4g#vPRdbRob^DNEjEMvmpPvmnQEj^1SEj2RvmVTvmTUEj^hMznfLlq5Olq2Pzn^HQznLPlqBSlqyTzn^IEXlyCfs0FfsaHXl^nztw#BA9tBChn#eBcpdzDqVyeq#3DUlCGJfhGJf#4FJfPD$feDFehKFe1Mvd2NJfzIJf#HGsiTETkzHTkCI0kSJqlSI6m#6HgreG5uaELuFEjtbCjtlBPv" /><g i="4" p="#^GMYg%fOmi%rNNizOgkVP9lfR2mKSwmeU_m$Win%MW0oiVdouUopqSOobR7oZPrnFOkmlNclDMfjCKWkaHVmLDTo1zlq%7zAp9CmoYEImLH1lxJFjkLhiGMYg^dFLn%BNLn%6PIm%aQPo%NHPo2HPoNF5p^WAoyJBjwpCgu6DdsODYp%fFPq%tOPq%SPSp%YQAr%TPesvOfw9Oxx%$Lby%uMMw%pDMw%4DKx^4FTr%NDIv%RMIv%9OTr^YK8daKtdyIRe%BMRe%7OOd%bPVf%fJVfTJ3ggKRgGKDhdKjiNJ_iWImj3IJjcIYilIbirImhyIwgnIVf%MHVfUGDgFFMhqEUiPBvk%DBYj$DQhNFOfAHLdZIBb^GTRc9TlduSXdQRxegRRe%4WRe%BXOd%FYVf%6TVf4U8gBUTg7VBhMUkiqU2jxTxjFS0kGS7jHSdiESxhCSRg9SVf%vQVfsPUgSN6i%hNNhLO2gUPue2RWcURvb" /><g i="5" p="#^kNobpP6cKPQc4Qxd4Pue5OqfUNeeHN1dXM$b^GTzh%7VPf%WMPf%RNtg%OM$g%eLci%NTci%HVSg%2Xfj%FRfjNP$klOLlNQemYRRm7TsnGSCodSMpiRdpnQFoqP3ouOsnZMUm0J5prBAp%JBKo4IYnDLnmWJ1maGvlFH1kLIfj%xEfj%uDsj%_Cci%wJcirLegRLPf%NGPflG6hlFLhlEoiDDShVCjhaEzgsFOfEGOd%tHOd%8HLe%xVLe%PWOd%1YPfhXPfrWjgCVOg7UWh^tKfjFJ_jxIQkoK_kUMmlgOokEPfj^MGoy2IUu8JHrhE9wAw5y%HwkxhD4vIHor%nBor%8ABr%Ezlq%BJlqTJyplKRn%LM$o%ELLp%rLlq%HRlq%JTVo%8Vor%RLorXN2vYTrv%HTew4SxwiRDxYLMvZKor%4LorEJDv5Jxx" /><g i="6" p="#^rPHb%rRdd%rQFdBPvesOwf%LVwf%pXme%DYAg%HNAgmLNi0Jpk%AI1kwK7idM8gXN9erPHb^cOnmzPmi0QMg%iS1i%aRMi%3Q1m%qT6l%nUck%RVnl%WU5msUunPTcpbTWqDSOr4SGs3QjttQ6sqOEr%IOPqCQ$q$QXqoRSqQROphSKoaT7m%JP1n_N8sDNut%mLsumMPrSNnn%9L4o%4J9utIIvDJCv%uQCvIRCveSquMSetzTVq%xUVq5UdsLTCtpT$ubUkvPS8xWQ8x%BI8x8G8xaHGu%iJqo%iINo%sHhp%tGho%DJqnCKzk0L3j%eNck%dMYk%vL4n^dGSggHMdYHvb%hKSc%aJBd%3ISg%FISg%1KUf%8LWh%IHWh%gG7m%hJZk%qJAl%RFmn%1DFvrCmxTz5yhAUw6ydw%oypvOzwvxACvgBIvpB0v%KD8odBwprA9q%Jz7oXASneEHm%SFWh%qEWh%_C6i%uCSg" /><g i="7" p="#^iGFe%LHwf%qMwf6NtdFNBb%7QRc%UOGd%gOwf%PTwf%0Vte%rWYf%jVKgZSCnMSxo%BQbp%UQko%ELkotLuqNLTrqO7qsQeo%ORfq%CQwqpO0sbMbt9Oqv3RUv%UTTr%DU1snTluXSBvwSRwDSCxLSoy0R5yhPPxmNQwsLSvrK4uwHvvEEgwNB2xjxDx%rxPwUAbwZDfv2HiuVJOsvJFqRJko%XEko%EEcp%uCSprDjnrEmksFohiGFe^dLljTL6h3MAg%AHAg%EGlj^VNAgHNbh2Nlj%ASlj%xTAg^RKpk%hGpk%iFgn%3KgntKxlRKpk^HMpkdMOlTLgn%fRgn%dSpk" /><g i="8" p="#^zDrkVEjkTFJjSG7jJIGhBKcgiMte%tHtegGte$ELe%qEpd%kVpd%sXZb%SYte%MOteDL0h5KcizInj_FHkLLpkMR2kNQJiOOGg%lP5gfTei3U1jUUQjSUxkRUdl$TfmaThnOSumqSGl4S_kMOml_Mxl%ALGp%PPGp%_R8o%fTJq%dLJq%AJwv%XPwv%kSTt%zTzw%mAzw8zzwTxSw%jxwv%FHwv%hJJq%KEJqxDJqgC0r%HBGp%EJGp%$KFllIXlEGjmYEHmYD5n" /><g i="9" p="#^kCtg%xVtg%zX1f%ZYxh%aNxhxMajrLgl%jRgl%HSik%UT1m%HSImgP_toOnvxNMwtMkxpLUxyJiyGJHwgHwv%HHKufKwvZKzvILCvaMhvEMYuHNYsLOYqVQjm%XKjmwGAubxby%6xtxpHys9Lxh%nFxhaExhVCPh^gNNbGPNcZPLdgQIe3PNfTNSgKNkfCNNdKMlc" /><g i="10" p="#^pL5h4M5fWMmc%nOdd%WWdd%zY3c%OZhe%cOhe%lIwv%OQwv%zSgu%STzw%YHzw%UGqx%KF2w%yGmv^kN2h%zU2h%4W$f%eX6i%XS6i%FRQl%XSQl%kUTk%qVUm%iRUm%KPur%BRur%eTlq%sUys%JLys%hKKs%NJur%VNur%tPUm%WNUm%TM5n%nMQl%QPQl%5R6i%UO6i%RNii^NDTshDmubCQx%Xzuy1CBsXD_mWBkqtyWs%0yzssC0opFoi%uDoi%rCAi%XBkh%SFkhFG$eNHob%9KEc%0Jud%HHkh%BIkh%6Khg%gLoi%lHoi%FGokcIclEI$l5JOm3I2o2HhpOGRnzGpmkGml" /><g i="11" p="#^JA1vrBou6CvtpBvt3BatKAQsMAhsOAKr3BerlBKq9Cfq_CMpUD_pPEbqRE3rTEWr1EbtcDruMBBvkALwkzRwlyYwazjw$zGvJA1v" /><g i="12" p="%^_Koi3J1oQN1oLPoi^PJccuKHb#uMbdMM0e#2NReCMGf#bMugkLTg#uKfhzKFf#EK2ePJcc^dH1o8JoibHoi#_FoiJEHi8EkhSOkh#qS6daTBb_UddSTLdLPkhtUkheW5gxXoiBRoiGP1oFS1oQUvmiW5pjP5p#dNgvtMKxdKoy#lLmvtN5pHI5p#JF7w6xuy_wRx#nE0vSG5phD5p#3C5pOAopeA1o" /><g i="13" p="%^sHUkQFGpSPGpuRUk^RCss#JDbquEVn#gFCl2G3jDHQjrLQj#xNGdaOvbxQwcrPtdMOqfEUqfqWaeCXugpOuggNQjORQjbTSiiUzkaTkl#GRMpaRvr0P9svPJqtFJq6FOr^sCrsfDrs#gBxw6Amx#Zybyeyyx#vxWwEy9w#OzovpARu#0BhusCrs^uF9t1GEs#MHguOHkv#RHowzGex#iF5yAFDw#SF9vuF9t^AK4t8Lys#KMZtYM4v#bNawUL7x#BK5yRKow#5LHuAK4t^SPNspQfs#4SFtBSYu#6TewNRjx#tQoyzQHw#FQ$uSPNs" /><g i="14" p="%^RAHu2C9r#DCsp6DLnrF5piEWpzC1vPH1vAKUmlDUm#9CUmUAbnjAQlXKQlpMxhVGxh#IFxhrEPhSDtgMMtg#NNtdmOvbMQYcwPNdCOtgbUtgQVkf2XxhfOxhNMQl4UQlSVBk8XUmqMUmFJ1vOO1vUPQr#EQEpbRLnwT5pnSWpNQBu#cQlwWPrxMN5yrO5w4C5w3BSwPztv" /><g i="15" p="#^_Nrh%aNQj%PSQj%DTrh^uKjmhLfkeMrhcNDeVNgc%hP7d%0V7d%4W9c%nXsd%uW8eCUDjbUal%5SXl%sSUk%PMUk%yMFl^XGUm%DTUm%pVEl%HWYn%CPYn%DOPq%DRPq%8TMp%iUTr%gOTr%4NnvBP_v9Upv%TTcwZRNwCRPx8MJxzKrw_I9vqIEsOF5wNBoy%BBQxKDawKFTtLHzr5Jeo%3LKp%4KgqzJ4r5JTr$J1uuLXu%SNYn%_JYnNIYnvHeo^5Pbe%lOng%_Tng%JUbe^_xdvKzqvuAtveBwvpBJu%GD2ozCNokBvp%oAfq%Jz8o3BMnaEBm%OFPh%gEPh%WC0i%qCMg%9GMgcHGdRHvb%7KLc%_IAd%VHMg%HIMg%cKIf%nLPh%xHPh%8GXl%LJpk%VJ$k%HFgn%ZCgvkC9xDz$x3AZwIx0w" /><g i="16" p="#^TMVb%xNoblQ0d3Q0eNP$eLOEfKNhgHN_eENGdTMVb^$CCf%8VCf%jX4e%NYGg%YFGgREGgADYg^zJMg%$KEi%NJ1jhESmCA2o%DAqnGDJl7GQjAIWhzJMg^uPLh%2Q2h6TCisUNjOVXkGUpmyTSn6TGmHStlYRrkdRojuPLh^oRPl%9QsmZMxqsKosdNUv5UCv%STiw3SZwvR$x4L1x7Jvt6ERwVwiy%0xvxIDDvxImstHDpGHMk%vIBkSIQoVJirwMRojPck" /><g i="17" p="#^kFzqhGZqhG0siG3tIF3u6F2v8EAvbD5w7C5w4B5wxAgv_zqugArtyArshBFr1CSqbDvqmE8qkFzq^_BFuFC7vDDCuBE5uTE8t9FastEKrODirTCPrYBksEBftkBau_BFu" /></glyphs></font><font id="70" name="ArialBoldItalic"><glyphs><g i="0" p="#^ayZoayonFyDlhzgjyAyhQBPfMDPeIFOdbIOdvLOdyNSfBPWhBPklBP9ogOOqXMrtFKTunIjwuFjw_CjwhBbvBz2uTynsayHqayZo^PBVoPBLqXC$r3EetUFetnHetLIfs7Kgr0LhpWLhnWLolWLgjNK4iFJTgUHTgcFTgvDojPBUlPBVo" /><g i="1" p="#^Gz1j%bD1j%ABIqiB5siBqsiB_sIBot7COtMCOteDOtHDDt8ErtCE4t5FJstFgsRFOraG1rpGtqGGcp%ZH1j%tL1j%MI$v%uF$v%SFduIDiwbBiwAziwFyovLxtuLxWsLxfsayfq" /><g i="2" p="#^TxDl%py1j%7A1j%yAXg%zExe%DD1j%MF1j%dFDl%4DDl%XB3rDBxsDBLsDB8tTBnt8CBtPCBt2DBtZDwt%qD6wwCiwABiwJziwTyBv1yTu1yBt1y$suyRq%zzDl" /><g i="3" p="#^Bz1j%VC1j%ECmkHDujCE6jyFJiCGJiFIJiUJ7k7Lxl7Ljo7LPr$Idu9HiwFEiw4CiwMAcu%mzXA%SvXA^IBtqIBZrrCPsbDFtbEFt2FFtRF1tFGosbHXqJHtpJHeoJHNm0H$lkGdlfFdlfEdlqDXlCCFm9C2oIBqpIBtq" /></glyphs></font><font id="80" name="Times New RomanBoldItalic"><glyphs><g i="0" p="#^MD3f%3EzfmCtgLBahmBFhmB4imBvi_B5jDCGjRC6k$Cpk$CPk$CDlpCdmQBOmYAOm6AOmxzamYyylYyzkYy2jTzRh6BfgMD3f^9J3f%sJBfJHwg9HahNGEhNG6iNGyisH9joI$joIQkoIDlOHemcHRmpGRmAFRmYEbmkEwlkEykkE2jmFLhFG5g9J3f" /><g i="1" p="#^fzQm%YyjmHAoleBKkDBhkDBPjDBmjYALi0AVh0A5h0AggCAGfcB3f0C3fPC3frDKf4Eog4Elh4ERi3D8kMBNlfzQm^EERm%mElm2GslFGKk2Hgk2HQj2HpjqGQiOFeiAFPhqFvhqF5hqFgg$FHfBG5frH5fhI5fTIKftJmgtJlhtJSixI2kiHFlEERm" /></glyphs></font><font id="90" name="SimSun"><glyphs><g i="0" p="" /><g i="1" p="#^iEuf%iEVe%PHVe%PHuf%qHuf1HufHGNflG4g9GSg%8CCv%zBCv%YxSgRx9gBxQflxufTwuf%owuf%owVe%AAVe%AAuf%bAufHzufyzNfpz4gwzzg%fC_r%rC_r%nFSgzF9gmFQf9FufBEuf" /><g i="2" p="#^lyuf%lyVe%9GVe%9Guf%VDufwDufgDHf1DTf1Dgg%1Ddu1DDugDPuwD$uVD$u%9G$u%9GCv%lyCv%ly$u%AA$u4B$ugBPutBDutBdu%tBggtBTfgBHf4BufAAuf" /></glyphs></font></bwFonts>