<?xml version="1.0" encoding="utf-8"?><bwFrame xmlns:xsi="http://www.w3.org/2001/XMLSchema-instance" xmlns:xsd="http://www.w3.org/2001/XMLSchema" default_layout="prevnextnosubmit1111000111" textdirection="ltr" device="false"><layouts><layout name="noprevnonextsubmit1111000111" font="SimSun" controllayout="noprevnonextsubmit1111000111" colorscheme="prevnextnosubmit1111000111" string_table="prevnextnosubmit1111000111" /><layout name="prevnextnosubmit1111000111" font="SimSun" controllayout="prevnextnosubmit1111000111" colorscheme="prevnextnosubmit1111000111" string_table="prevnextnosubmit1111000111" /><layout name="noprevnextnosubmit1111000111" font="SimSun" controllayout="noprevnextnosubmit1111000111" colorscheme="prevnextnosubmit1111000111" string_table="prevnextnosubmit1111000111" /><layout name="noprevnonextnosubmit1111000111" font="SimSun" controllayout="noprevnonextnosubmit1111000111" colorscheme="prevnextnosubmit1111000111" string_table="prevnextnosubmit1111000111" /></layouts><control_options><optiongroups><optiongroup name="sidebaroptions"><options><option name="title_enabled" value="true"><options><option name="title_text" value="LabVIEW核心教程（一）模块3 " /></options></option><option name="logo_enabled" value="false"><options><option name="logo_url" value="" /></options></option><option name="sidebar_enabled" value="false"><options><option name="sidebarpos" value="left" /></options></option><optionlist name="tabs"><listitems><listitem name="resources" value="false" group="linkright" /><listitem name="transcript" value="false" group="linkright" /><listitem name="glossary" value="false" group="linkright" /><listitem name="outline" value="true" group="linkright" /></listitems></optionlist><option name="time_enabled" value="false"><options><option name="time_format" value="" /></options></option></options></optiongroup><optiongroup name="menuoptions"><options><option name="flow" value="free" /><option name="wraplistitems" value="false" /><option name="tooltips" value="true" /><option name="autocollapse" value="true" /><option name="autonumber" value="false" /></options></optiongroup><optiongroup name="controls"><options><option name="volume" value="true" /><option name="seekbar" value="true" /><option name="search" value="true" /></options></optiongroup><optiongroup name="bottombaroptions"><options><option name="bottombar_enabled" value="true" /></options></optiongroup></optiongroups></control_options><control_layouts><control_layout name="noprevnonextsubmit1111000111"><control name="volume" enabled="true" /><control name="seekbar" enabled="true" /><control name="replay" enabled="true" /><control name="pauseplay" enabled="true" /><control name="previous" enabled="false" /><control name="next" enabled="false" /><control name="submit" enabled="true" /><control name="resources" enabled="false" /><control name="glossary" enabled="false" /><control name="transcript" enabled="false" /><control name="outline" enabled="true"><controls><control name="search" enabled="true" /></controls></control></control_layout><control_layout name="prevnextnosubmit1111000111"><control name="volume" enabled="true" /><control name="seekbar" enabled="true" /><control name="replay" enabled="true" /><control name="pauseplay" enabled="true" /><control name="previous" enabled="true" /><control name="next" enabled="true" /><control name="submit" enabled="false" /><control name="resources" enabled="false" /><control name="glossary" enabled="false" /><control name="transcript" enabled="false" /><control name="outline" enabled="true"><controls><control name="search" enabled="true" /></controls></control></control_layout><control_layout name="noprevnextnosubmit1111000111"><control name="volume" enabled="true" /><control name="seekbar" enabled="true" /><control name="replay" enabled="true" /><control name="pauseplay" enabled="true" /><control name="previous" enabled="false" /><control name="next" enabled="true" /><control name="submit" enabled="false" /><control name="resources" enabled="false" /><control name="glossary" enabled="false" /><control name="transcript" enabled="false" /><control name="outline" enabled="true"><controls><control name="search" enabled="true" /></controls></control></control_layout><control_layout name="noprevnonextnosubmit1111000111"><control name="volume" enabled="true" /><control name="seekbar" enabled="true" /><control name="replay" enabled="true" /><control name="pauseplay" enabled="true" /><control name="previous" enabled="false" /><control name="next" enabled="false" /><control name="submit" enabled="false" /><control name="resources" enabled="false" /><control name="glossary" enabled="false" /><control name="transcript" enabled="false" /><control name="outline" enabled="true"><controls><control name="search" enabled="true" /></controls></control></control_layout></control_layouts><colorschemes><colorscheme name="prevnextnosubmit1111000111"><color_group name="timer"><group_colors><color name="duration"><fill type="linear" rotation="90"><colors><color rgb="0x00D7FF" alpha="100" stop="0" /><color rgb="0x00ABFF" alpha="100" stop="255" /></colors></fill></color><color name="elapsed"><fill type="linear" rotation="90"><colors><color rgb="0xFEE347" alpha="100" stop="0" /><color rgb="0xFCCC2A" alpha="100" stop="255" /></colors></fill></color><color name="stroke"><fill type="linear" rotation="90"><colors><color rgb="0xC7C7C7" alpha="100" stop="0" /></colors></fill></color><color name="inner"><fill type="linear" rotation="90"><colors><color rgb="0xFFFFFF" alpha="100" stop="0" /></colors></fill></color><color name="text"><fill type="linear" rotation="90"><colors><color rgb="0xFFFFFF" alpha="100" stop="0" /></colors></fill></color></group_colors></color_group><color_group name="window"><group_colors><color name="text"><fill type="linear" rotation="90"><colors><color rgb="0x000000" alpha="100" stop="0" /></colors></fill></color><color name="inner"><fill type="linear" rotation="90"><colors><color rgb="0x0D0D0D" alpha="100" stop="0" /><color rgb="0xCFCFCF" alpha="100" stop="255" /></colors></fill></color><color name="bg"><fill type="linear" rotation="90"><colors><color rgb="0x808080" alpha="100" stop="0" /></colors></fill></color><color name="diva"><fill type="linear" rotation="90"><colors><color rgb="0x000000" alpha="100" stop="0" /></colors></fill></color><color name="divb"><fill type="linear" rotation="90"><colors><color rgb="0x000000" alpha="100" stop="0" /></colors></fill></color><color name="shadow"><fill type="linear" rotation="90"><colors><color rgb="0x000000" alpha="20" stop="0" /></colors></fill></color></group_colors></color_group><color_group name="editor"><group_colors><color name="slide_text"><fill type="linear" rotation="90"><colors><color rgb="0x000000" alpha="100" stop="0" /></colors></fill></color><color name="html_text"><fill type="linear" rotation="90"><colors><color rgb="0xFFFFFF" alpha="100" stop="0" /></colors></fill></color><color name="btn_bg"><fill type="linear" rotation="90"><colors><color rgb="0xA6A6A6" alpha="100" stop="0" /><color rgb="0x808080" alpha="100" stop="255" /></colors></fill></color><color name="btn_hover"><fill type="linear" rotation="90"><colors><color rgb="0xF2F2F2" alpha="100" stop="0" /><color rgb="0xAFAFAF" alpha="100" stop="255" /></colors></fill></color><color name="btn_down"><fill type="linear" rotation="90"><colors><color rgb="0xC7C7C7" alpha="100" stop="0" /><color rgb="0xF4F4F4" alpha="100" stop="255" /></colors></fill></color><color name="btn_border"><fill type="linear" rotation="90"><colors><color rgb="0xB1B1B1" alpha="100" stop="0" /></colors></fill></color><color name="btn_text"><fill type="linear" rotation="90"><colors><color rgb="0x000000" alpha="100" stop="0" /></colors></fill></color><color name="btn_text_shadow"><fill type="linear" rotation="90"><colors><color rgb="0xF0F0F0" alpha="100" stop="0" /></colors></fill></color></group_colors></color_group><color_group name="listitem"><group_colors><color name="selected_text"><fill type="linear" rotation="90"><colors><color rgb="0xFFFFFF" alpha="100" stop="0" /></colors></fill></color><color name="lines"><fill type="linear" rotation="90"><colors><color rgb="0xDFDFDF" alpha="100" stop="0" /></colors></fill></color><color name="hover"><fill type="linear" rotation="90"><colors><color rgb="0x005595" alpha="100" stop="0" /></colors></fill></color><color name="viewed"><fill type="linear" rotation="90"><colors><color rgb="0xBFBFBF" alpha="100" stop="0" /></colors></fill></color><color name="text"><fill type="linear" rotation="90"><colors><color rgb="0xFFFFFF" alpha="100" stop="0" /></colors></fill></color><color name="selected"><fill type="linear" rotation="90"><colors><color rgb="0x005595" alpha="100" stop="0" /></colors></fill></color><color name="shadow"><fill type="linear" rotation="90"><colors><color rgb="0xFFFFFF" alpha="100" stop="0" /></colors></fill></color></group_colors></color_group><color_group name="base"><group_colors><color name="text"><fill type="linear" rotation="90"><colors><color rgb="0xFFFFFF" alpha="100" stop="0" /></colors></fill></color><color name="diva"><fill type="linear" rotation="90"><colors><color rgb="0xFFFFFF" alpha="100" stop="0" /></colors></fill></color><color name="divb"><fill type="linear" rotation="90"><colors><color rgb="0xF7F7F7" alpha="100" stop="0" /></colors></fill></color><color name="bg"><fill type="linear" rotation="90"><colors><color rgb="0x055FA3" alpha="100" stop="0" /><color rgb="0x055FA3" alpha="100" stop="255" /></colors></fill></color><color name="border"><fill type="linear" rotation="90"><colors><color rgb="0x055FA3" alpha="100" stop="0" /><color rgb="0x055FA3" alpha="100" stop="255" /></colors></fill></color><color name="menu_shade"><fill type="linear" rotation="90"><colors><color rgb="0xFFFFFF" alpha="100" stop="0" /><color rgb="0x111111" alpha="100" stop="255" /></colors></fill></color><color name="slide_bg"><fill type="linear" rotation="90"><colors><color rgb="0xE9E9E9" alpha="100" stop="0" /><color rgb="0xCFCFCF" alpha="100" stop="255" /></colors></fill></color></group_colors></color_group><color_group name="button"><group_colors><color name="btn_bg"><fill type="linear" rotation="90"><colors><color rgb="0x111111" alpha="100" stop="0" /><color rgb="0x111111" alpha="100" stop="255" /></colors></fill></color><color name="btn_hover"><fill type="linear" rotation="90"><colors><color rgb="0xFFBB00" alpha="100" stop="0" /><color rgb="0xFFBB00" alpha="100" stop="255" /></colors></fill></color><color name="btn_down"><fill type="linear" rotation="90"><colors><color rgb="0x000000" alpha="100" stop="0" /><color rgb="0x808080" alpha="100" stop="255" /></colors></fill></color><color name="btn_border"><fill type="linear" rotation="90"><colors><color rgb="0x111111" alpha="100" stop="0" /></colors></fill></color><color name="btn_text"><fill type="linear" rotation="90"><colors><color rgb="0xFFFFFF" alpha="100" stop="0" /></colors></fill></color><color name="btn_text_shadow"><fill type="linear" rotation="90"><colors><color rgb="0xF0F0F0" alpha="0" stop="0" /></colors></fill></color><color name="btn_icon_color"><fill type="linear" rotation="90"><colors><color rgb="0xFFFFFF" alpha="100" stop="0" /></colors></fill></color><color name="btn_glow"><fill type="linear" rotation="90"><colors><color rgb="0xCFCFCF" alpha="100" stop="0" /></colors></fill></color></group_colors></color_group><color_group name="checkbox"><group_colors><color name="border"><fill type="linear" rotation="90"><colors><color rgb="0xB8B8B8" alpha="100" stop="0" /></colors></fill></color><color name="bg"><fill type="linear" rotation="90"><colors><color rgb="0xFFFFFF" alpha="100" stop="0" /></colors></fill></color><color name="check"><fill type="linear" rotation="90"><colors><color rgb="0x33CC00" alpha="100" stop="0" /></colors></fill></color><color name="text"><fill type="linear" rotation="90"><colors><color rgb="0x111111" alpha="100" stop="0" /></colors></fill></color><color name="hover"><fill type="linear" rotation="90"><colors><color rgb="0x6BF8FF" alpha="100" stop="0" /></colors></fill></color></group_colors></color_group><color_group name="logo"><group_colors><color name="bg"><fill type="linear" rotation="90"><colors><color rgb="0xFFFFFF" alpha="100" stop="0" /></colors></fill></color><color name="shadow"><fill type="linear" rotation="90"><colors><color rgb="0xB8B8B8" alpha="100" stop="0" /></colors></fill></color></group_colors></color_group><color_group name="menu"><group_colors><color name="bg"><fill type="linear" rotation="90"><colors><color rgb="0x111111" alpha="100" stop="0" /></colors></fill></color><color name="shadow"><fill type="linear" rotation="90"><colors><color rgb="0xFFBB00" alpha="100" stop="0" /></colors></fill></color></group_colors></color_group><color_group name="scrollarea"><group_colors><color name="bg"><fill type="linear" rotation="0"><colors><color rgb="0xDEDEDE" alpha="100" stop="0" /><color rgb="0xE8E8E8" alpha="100" stop="128" /></colors></fill></color><color name="border"><fill type="linear" rotation="90"><colors><color rgb="0xF6F6F6" alpha="100" stop="0" /><color rgb="0xF3F3F3" alpha="100" stop="255" /></colors></fill></color><color name="button_bg"><fill type="linear" rotation="90"><colors><color rgb="0xC4C4C4" alpha="100" stop="0" /><color rgb="0xB2B2B2" alpha="100" stop="255" /></colors></fill></color><color name="button_inner"><fill type="linear" rotation="90"><colors><color rgb="0xCBCBCB" alpha="100" stop="0" /><color rgb="0xBABABA" alpha="100" stop="255" /></colors></fill></color><color name="button_border"><fill type="linear" rotation="90"><colors><color rgb="0xB8B8B8" alpha="100" stop="0" /></colors></fill></color><color name="icons"><fill type="linear" rotation="90"><colors><color rgb="0x555555" alpha="100" stop="0" /></colors></fill></color><color name="shadow"><fill type="linear" rotation="90"><colors><color rgb="0xD9D9D9" alpha="100" stop="0" /></colors></fill></color><color name="detaila"><fill type="linear" rotation="90"><colors><color rgb="0xA7A7A7" alpha="100" stop="0" /></colors></fill></color><color name="detailb"><fill type="linear" rotation="90"><colors><color rgb="0xCFCFCF" alpha="100" stop="0" /></colors></fill></color></group_colors></color_group><color_group name="searchinput"><group_colors><color name="bg"><fill type="linear" rotation="90"><colors><color rgb="0xDFDFDF" alpha="100" stop="0" /></colors></fill></color><color name="border"><fill type="linear" rotation="90"><colors><color rgb="0xADADAD" alpha="100" stop="0" /><color rgb="0xFAFAFA" alpha="100" stop="255" /></colors></fill></color><color name="icon"><fill type="linear" rotation="90"><colors><color rgb="0x8A8A8A" alpha="100" stop="0" /></colors></fill></color><color name="button_hover"><fill type="linear" rotation="90"><colors><color rgb="0xF5F5F5" alpha="100" stop="0" /><color rgb="0xC7C7C7" alpha="100" stop="255" /></colors></fill></color><color name="hover_glow"><fill type="linear" rotation="90"><colors><color rgb="0x6BF8FF" alpha="100" stop="0" /></colors></fill></color><color name="search_text"><fill type="linear" rotation="90"><colors><color rgb="0x808080" alpha="100" stop="0" /></colors></fill></color><color name="bg_active"><fill type="linear" rotation="90"><colors><color rgb="0xFAFAFA" alpha="100" stop="0" /></colors></fill></color><color name="text_active"><fill type="linear" rotation="90"><colors><color rgb="0x0D0D0D" alpha="100" stop="0" /></colors></fill></color></group_colors></color_group><color_group name="seekcontrol"><group_colors><color name="bg"><fill type="linear" rotation="90"><colors><color rgb="0x111111" alpha="100" stop="0" /><color rgb="0x111111" alpha="100" stop="255" /></colors></fill></color><color name="border"><fill type="linear" rotation="90"><colors><color rgb="0xB1B1B1" alpha="100" stop="0" /></colors></fill></color><color name="text_color"><fill type="linear" rotation="90"><colors><color rgb="0x808080" alpha="100" stop="0" /></colors></fill></color><color name="seek_border"><fill type="linear" rotation="90"><colors><color rgb="0xB8B8B8" alpha="100" stop="0" /><color rgb="0xEEEEEE" alpha="100" stop="255" /></colors></fill></color><color name="seek_bg"><fill type="linear" rotation="90"><colors><color rgb="0x808080" alpha="100" stop="0" /></colors></fill></color><color name="seek_position"><fill type="linear" rotation="90"><colors><color rgb="0xFFFFFF" alpha="100" stop="0" /></colors></fill></color><color name="btn_icon_color"><fill type="linear" rotation="90"><colors><color rgb="0xFFFFFF" alpha="100" stop="0" /></colors></fill></color><color name="btn_icon_hover"><fill type="linear" rotation="90"><colors><color rgb="0xFFBB00" alpha="100" stop="0" /></colors></fill></color><color name="btn_icon_shadow"><fill type="linear" rotation="90"><colors><color rgb="0xF0F0F0" alpha="0" stop="0" /></colors></fill></color></group_colors></color_group><color_group name="tabs"><group_colors><color name="bg"><fill type="linear" rotation="90"><colors><color rgb="0xF3F3F3" alpha="100" stop="0" /></colors></fill></color><color name="text"><fill type="linear" rotation="90"><colors><color rgb="0xFFFFFF" alpha="100" stop="0" /></colors></fill></color><color name="selected"><fill type="linear" rotation="90"><colors><color rgb="0xFFFFFF" alpha="100" stop="0" /></colors></fill></color><color name="hover"><fill type="linear" rotation="90"><colors><color rgb="0xFFBB00" alpha="100" stop="0" /></colors></fill></color><color name="shadow"><fill type="linear" rotation="90"><colors><color rgb="0xF0F0F0" alpha="100" stop="0" /></colors></fill></color></group_colors></color_group><color_group name="transcript"><group_colors><color name="div"><fill type="linear" rotation="90"><colors><color rgb="0xE1E1E1" alpha="100" stop="0" /></colors></fill></color><color name="heading_text"><fill type="linear" rotation="90"><colors><color rgb="0xFFFFFF" alpha="100" stop="0" /></colors></fill></color></group_colors></color_group><color_group name="outline"><group_colors><color name="diva"><fill type="linear" rotation="90"><colors><color rgb="0xC6C6C6" alpha="100" stop="0" /></colors></fill></color><color name="divb"><fill type="linear" rotation="90"><colors><color rgb="0xF9F9F9" alpha="100" stop="0" /></colors></fill></color><color name="divc"><fill type="linear" rotation="90"><colors><color rgb="0xE1E1E1" alpha="100" stop="0" /></colors></fill></color><color name="icon_color"><fill type="linear" rotation="90"><colors><color rgb="0xFF0000" alpha="100" stop="0" /></colors></fill></color><color name="search_text"><fill type="linear" rotation="90"><colors><color rgb="0x808080" alpha="100" stop="0" /></colors></fill></color><color name="search_hover"><fill type="linear" rotation="90"><colors><color rgb="0x0000EE" alpha="100" stop="0" /></colors></fill></color></group_colors></color_group><color_group name="resource"><group_colors><color name="separator"><fill type="linear" rotation="90"><colors><color rgb="0x808080" alpha="100" stop="0" /></colors></fill></color></group_colors></color_group><color_group name="glossary"><group_colors><color name="selected_text"><fill type="linear" rotation="90"><colors><color rgb="0xFFFFFF" alpha="100" stop="0" /></colors></fill></color><color name="selected"><fill type="linear" rotation="90"><colors><color rgb="0x7B7B7B" alpha="100" stop="0" /></colors></fill></color><color name="text"><fill type="linear" rotation="90"><colors><color rgb="0xFFFFFF" alpha="100" stop="0" /></colors></fill></color><color name="hover"><fill type="linear" rotation="90"><colors><color rgb="0xFFBB00" alpha="100" stop="0" /></colors></fill></color><color name="diva"><fill type="linear" rotation="90"><colors><color rgb="0xE2E2E2" alpha="100" stop="0" /></colors></fill></color><color name="divb"><fill type="linear" rotation="90"><colors><color rgb="0xE2E2E2" alpha="100" stop="0" /></colors></fill></color><color name="divc"><fill type="linear" rotation="90"><colors><color rgb="0xFAFAFA" alpha="100" stop="0" /></colors></fill></color><color name="bg"><fill type="linear" rotation="90"><colors><color rgb="0x111111" alpha="100" stop="0" /></colors></fill></color><color name="heading_text"><fill type="linear" rotation="90"><colors><color rgb="0xFFFFFF" alpha="100" stop="0" /></colors></fill></color></group_colors></color_group><color_group name="volume"><group_colors><color name="thumb_border"><fill type="linear" rotation="90"><colors><color rgb="0xA5A5A5" alpha="100" stop="0" /></colors></fill></color><color name="thumb_inner"><fill type="linear" rotation="90"><colors><color rgb="0xD4D4D4" alpha="100" stop="0" /></colors></fill></color><color name="thumb_bg"><fill type="linear" rotation="90"><colors><color rgb="0xC8C8C8" alpha="100" stop="0" /></colors></fill></color><color name="slider_border"><fill type="linear" rotation="90"><colors><color rgb="0xF2F2F2" alpha="100" stop="0" /></colors></fill></color><color name="slider_bg"><fill type="linear" rotation="90"><colors><color rgb="0x111111" alpha="100" stop="0" /><color rgb="0x111111" alpha="100" stop="128" /><color rgb="0xC3C3C3" alpha="100" stop="255" /></colors></fill></color></group_colors></color_group><color_group name="HTML"><group_colors><color name="htmlpage_bg_color"><fill type="linear" rotation="90"><colors><color rgb="0xFFFFFF" alpha="100" stop="0" /></colors></fill></color></group_colors></color_group></colorscheme></colorschemes><string_tables><string_table name="prevnextnosubmit1111000111"><string id="prev">上一个</string><string id="next">下一页</string><string id="submit">提交</string><string id="outline">菜单</string><string id="resources">资源</string><string id="glossary">词汇表</string><string id="transcript">注释</string><string id="clear">清晰返回菜单</string><string id="search_results">搜索结果</string><string id="filter">过滤器</string><string id="slide_text_chk">幻灯片文本</string><string id="transcript_chk">注释</string><string id="search_in">搜索：</string><string id="check_include">检查包括</string><string id="search">搜索...</string><string id="terms">条款</string><string id="definition">定义</string><string id="acc_definition">定义</string><string id="acc_resources">资源</string><string id="acc_search_input">搜索</string><string id="acc_pause">暂停</string><string id="acc_play">播放</string><string id="acc_replay">重播</string><string id="acc_submit">提交</string><string id="acc_next">下一步</string><string id="acc_previous">上一页</string><string id="acc_volume">量</string></string_table></string_tables><sounds enabled="false" /><nav_data><outline><links><slidelink slideid="_player.6kSMbuiAvPF" displaytext="NI核心教程（一）模块3" expand="true"><links><slidelink slideid="_player.6kSMbuiAvPF.5rKSZ4Cw3yj" displaytext="学习目标" expand="true" /><slidelink slideid="_player.6kSMbuiAvPF.6VEzm4zJS4e" displaytext="移位寄存器概述" expand="true" /><slidelink slideid="_player.6kSMbuiAvPF.6WEvwXJKQNb" displaytext="未初始化的移位寄存器 " expand="true" /><slidelink slideid="_player.6kSMbuiAvPF.5u3E9mK1PEd" displaytext="知识点检查1" expand="true" /><slidelink slideid="_player.6kSMbuiAvPF.6gMobvJA4Xz" displaytext="知识点检查2" expand="true" /><slidelink slideid="_player.6kSMbuiAvPF.6THNGabCxzk" displaytext="初始化的移位寄存器 " expand="true" /><slidelink slideid="_player.6kSMbuiAvPF.64SKqtxiQDv" displaytext="知识点检查3" expand="true" /><slidelink slideid="_player.6kSMbuiAvPF.6jFtvPBDs5s" displaytext="知识点检查4" expand="true" /><slidelink slideid="_player.6kSMbuiAvPF.6qTO1vQXzZS" displaytext="多个移位寄存器 " expand="true" /><slidelink slideid="_player.6kSMbuiAvPF.6lZrWR2HS8o" displaytext="层叠移位寄存器 " expand="true" /><slidelink slideid="_player.6kSMbuiAvPF.6CquW2Z1A0g" displaytext="知识点检查5" expand="true" /><slidelink slideid="_player.6kSMbuiAvPF.6UXmC7WrBOq" displaytext="总结" expand="true" /></links></slidelink></links></outline><search><slidetext slideid="6kSMbuiAvPF.5rKSZ4Cw3yj" slidebank="false">开始 复习移位寄存器存储和传递数据的方法 预测移位寄存器在不同循环次数上存储的值 如何使用未初始化、初始化、多个移位寄存器和层叠移位寄存器 labview核心教程（一）模块3 学习目标 使用移位寄存器 + 1/12 </slidetext><slidetext slideid="6kSMbuiAvPF.6VEzm4zJS4e" slidebank="false">移位寄存器概述 移位寄存器保留之前循环的值 移位寄存器可存储 数值 + 布尔 字符串 其他 1/12 2/12 </slidetext><slidetext slideid="6kSMbuiAvPF.6WEvwXJKQNb" slidebank="false">第一次循环 第一次运行 第二次运行 第二次循环 未初始化的移位寄存器 1/12 2/12 3/12 </slidetext><slidetext slideid="6kSMbuiAvPF.5u3E9mK1PEd" slidebank="false">请查看下列程序框图，并判断vi运行结束时，output显示控件将显示何值。 10 15 30 45 1/12 2/12 3/12 4/12  正确！ 继续 循环:1 循环:2 循环:3 循环:4 循环:5  错误! 正确值为15。 继续 循环:1 循环:2 循环:3 循环:4 循环:5 </slidetext><slidetext slideid="6kSMbuiAvPF.6gMobvJA4Xz" slidebank="false">第二次运行该vi结束后，又会显示何值？ 10 15 30 45 1/12 2/12 3/12 4/12 5/12  错误!vi第二次运行结束后，输出值为30。  继续 循环:1 循环:2 循环:3 循环:4 循环:5  正确！vi第二次运行结束后，输出值为30。  继续 循环:1 循环:2 循环:3 循环:4 循环:5 </slidetext><slidetext slideid="6kSMbuiAvPF.6THNGabCxzk" slidebank="false">移位寄存器被初始化，在循环第一次运行时以值1开始 vi结束运行时，output显示控件中的值为5 初始化的移位寄存器 1/12 2/12 3/12 4/12 5/12 6/12 </slidetext><slidetext slideid="6kSMbuiAvPF.64SKqtxiQDv" slidebank="false">请查看下列程序框图，并判断vi第一次运行结束后，output显示控件将显示何值。 4 6 7 16 1/12 2/12 3/12 4/12 5/12 6/12 7/12  错误! 正确值为7。  继续 循环:1 循环:2 循环:3 循环:4 循环:5  正确！正确值为7。  继续 循环:1 循环:2 循环:3 循环:4 循环:5 </slidetext><slidetext slideid="6kSMbuiAvPF.6jFtvPBDs5s" slidebank="false">第二次运行该vi后，output显示控件又会显示何值？ 7 11 15 16 1/12 2/12 3/12 4/12 5/12 6/12 7/12 8/12  正确！ 正确值为7。   	 因为左侧的移位寄存器被初始化了，初始化值为3，每次vi运行时都重置至该值开始。  继续 循环:1 循环:2 循环:3 循环:4 循环:5  错误!  正确值为7。   因为左侧的移位寄存器被初始化了，初始化值为3，每次vi运行时都重置至该值开始。 继续 循环:1 循环:2 循环:3 循环:4 循环:5 </slidetext><slidetext slideid="6kSMbuiAvPF.6qTO1vQXzZS" slidebank="false">同一循环可包含一个以上的移位寄存器 每对移位寄存器位于循环两侧正相对的位置 多个移位寄存器 1/12 2/12 3/12 4/12 5/12 6/12 7/12 8/12 9/12 </slidetext><slidetext slideid="6kSMbuiAvPF.6lZrWR2HS8o" slidebank="false">层叠移位寄存器可保留多个之前循环的值 这次循环过后，原本在第二个移位寄存器中的值将丢失，因为本例只存储2个之前循环的值 1/12 2/12 3/12 4/12 5/12 6/12 7/12 8/12 9/12 10/12 </slidetext><slidetext slideid="6kSMbuiAvPF.6CquW2Z1A0g" slidebank="false">请查看下列程序框图，并判断3次循环后，左侧移位寄存器和output显示控件中的值分别是什么？ 顶层18，底层11，output 6 顶层11，底层6，output 17 顶层6，底层4，output 11 顶层4，底层6，output 11 1/12 2/12 3/12 4/12 5/12 6/12 7/12 8/12 9/12 10/12 11/12  正确！  层叠移位寄存器可存储多个之前循环的值，顶层的移位寄存器存储最近一次循环的值。 继续  错误!  层叠移位寄存器可存储多个之前循环的值，顶层的移位寄存器存储最近一次循环的值。 继续 </slidetext><slidetext slideid="6kSMbuiAvPF.6UXmC7WrBOq" slidebank="false">移位寄存器如何存储一次循环的值并传递至下一次循环。 移位寄存器可以初始化，也可以不初始化。初始化的移位寄存器在循环每次运行时均以相同的值开始。 循环可包含多个移位寄存器来保留多个值。 层叠移位寄存器可保留多个之前循环的值。 如何预测移位寄存器在不同循环次数上存储的值。  总结 1/12 2/12 3/12 4/12 5/12 6/12 7/12 8/12 9/12 10/12 11/12 12/12 </slidetext></search></nav_data><resource_data description="" /><transcript_data><slidetranscripts><slidetranscript slideid="6kSMbuiAvPF.5rKSZ4Cw3yj" slidebank="false">&lt;html&gt;&lt;p dir='LTR' align='left'&gt;&lt;textformat leading='1' tabstops='[48, 96]' leftmargin='0' indent='0'&gt;&lt;font face='Microsoft Sans Serif' size='10.9933pt' color='#ffffff'&gt;&lt;/font&gt;&lt;/textformat&gt;&lt;/p&gt;&lt;/html&gt;</slidetranscript><slidetranscript slideid="6kSMbuiAvPF.6VEzm4zJS4e" slidebank="false">&lt;html&gt;&lt;p dir='LTR' align='left'&gt;&lt;textformat leading='1' tabstops='[48, 96]' leftmargin='0' indent='0'&gt;&lt;font face='SimSun' size='11.64pt' color='#ffffff'&gt;在使用循环的程序中，有时需访问并使用上一循环采集的数据。例如，要得到几个温度读数的平均值，则需要使用前几个循环采集到的值。&lt;br&gt;LabVIEW使用移位寄存器来存储及传递任意数据类型，如数值、布尔和字符串等。 &lt;br&gt;移位寄存器以一对接线端的形式出现，分别位于循环两侧的边框上，位置相对。&lt;br&gt;&lt;/font&gt;&lt;/textformat&gt;&lt;/p&gt;&lt;p dir='LTR' align='left'&gt;&lt;textformat leading='1' tabstops='[48, 96]' leftmargin='0' indent='0'&gt;&lt;font face='SimSun' size='11.64pt' color='#ffffff'&gt;完成一次循环后，右侧边框的移位寄存器将数据传递至左侧边框的移位寄存器，以供下一次循环使用。&lt;/font&gt;&lt;font face='Times New Roman' size='11.64pt' color='#000000'&gt;&lt;/font&gt;&lt;/textformat&gt;&lt;/p&gt;&lt;/html&gt;</slidetranscript><slidetranscript slideid="6kSMbuiAvPF.6WEvwXJKQNb" slidebank="false">&lt;html&gt;&lt;p dir='LTR' align='left'&gt;&lt;textformat leading='1' tabstops='[48, 96]' leftmargin='0' indent='0'&gt;&lt;font face='SimSun' size='11.64pt' color='#ffffff'&gt;以下是在For循环中使用移位寄存器的范例。 &lt;br&gt;本例中的For循环运行两次，每次对移位寄存器传递过来的值加3。&lt;br&gt;由于左侧的移位寄存器没有初始化，因此VI首次运行时它的值为0。第一次循环中，VI计算0加3之和。然后3被传递至移位寄存器，并在第二次循环中使用，这次计算3加3。VI运行结束，Output（输出）显示控件显示6。 &lt;br&gt;由于移位寄存器未初始化，第二次运行VI时，右侧的移位寄存器存储了上一次循环的运行结果，即6，并将它传递至左侧的移位寄存器。因此，第二次运行的VI完成两次循环后，Output显示控件中的值为12。 &lt;br&gt;&lt;/font&gt;&lt;/textformat&gt;&lt;/p&gt;&lt;p dir='LTR' align='left'&gt;&lt;textformat leading='1' tabstops='[48, 96]' leftmargin='0' indent='0'&gt;&lt;font face='SimSun' size='11.64pt' color='#ffffff'&gt;对于数值型数据，未初始化的移位寄存器默认值是0。对于字符串型，默认值为空，而对于布尔型，默认值则为假。&lt;/font&gt;&lt;font face='Times New Roman' size='11.64pt' color='#000000'&gt;&lt;/font&gt;&lt;/textformat&gt;&lt;/p&gt;&lt;/html&gt;</slidetranscript><slidetranscript slideid="6kSMbuiAvPF.6THNGabCxzk" slidebank="false">&lt;html&gt;&lt;p dir='LTR' align='left'&gt;&lt;textformat leading='1' tabstops='[48, 96]' leftmargin='0' indent='0'&gt;&lt;font face='SimSun' size='11.64pt' color='#ffffff'&gt;如希望VI每次运行时都以同一个值开始循环，可使用输入控件或常量对移位寄存器进行&lt;u&gt;初始化&lt;/u&gt;，以设置第一次循环的值。本例中，移位寄存器被初始化，在循环第一次运行时以值1开始。 &lt;br&gt;&lt;/font&gt;&lt;/textformat&gt;&lt;/p&gt;&lt;p dir='LTR' align='left'&gt;&lt;textformat leading='1' tabstops='[48, 96]' leftmargin='0' indent='0'&gt;&lt;font face='SimSun' size='11.64pt' color='#ffffff'&gt;这意味着，VI结束运行时，Output显示控件中的值为5。&lt;/font&gt;&lt;font face='Times New Roman' size='11.64pt' color='#000000'&gt;&lt;/font&gt;&lt;/textformat&gt;&lt;/p&gt;&lt;/html&gt;</slidetranscript><slidetranscript slideid="6kSMbuiAvPF.6qTO1vQXzZS" slidebank="false">&lt;html&gt;&lt;p dir='LTR' align='left'&gt;&lt;textformat leading='1' tabstops='[48, 96]' leftmargin='0' indent='0'&gt;&lt;font face='SimSun' size='11.64pt' color='#ffffff'&gt;同一循环可包含一个以上的移位寄存器。如循环中的多个操作都需使用之前循环的值，可使用多个移位寄存器来存储不同操作的数据值。&lt;br&gt;注意，每对移位寄存器位于循环两侧正相对的位置。移位寄存器存储值后，会将其传递至正对面的移位寄存器。&lt;br&gt;&lt;/font&gt;&lt;/textformat&gt;&lt;/p&gt;&lt;p dir='LTR' align='left'&gt;&lt;textformat leading='1' tabstops='[48, 96]' leftmargin='0' indent='0'&gt;&lt;font face='SimSun' size='11.64pt' color='#ffffff'&gt;本例存储的是加和乘操作的值。第一此循环后，两个移位寄存器都存储了值2，并将其传递至下一循环。 &lt;/font&gt;&lt;font face='Times New Roman' size='11.64pt' color='#000000'&gt;&lt;/font&gt;&lt;/textformat&gt;&lt;/p&gt;&lt;/html&gt;</slidetranscript><slidetranscript slideid="6kSMbuiAvPF.6lZrWR2HS8o" slidebank="false">&lt;html&gt;&lt;p dir='LTR' align='left'&gt;&lt;textformat leading='1' tabstops='[48, 96]' leftmargin='0' indent='0'&gt;&lt;font face='SimSun' size='14.2267pt' color='#ffffff'&gt;循环还可包含“层叠”移位寄存器，来保留多个之前循环的值。顶层的移位寄存器存储最近一次循环的值，随着循环继续运行产生新值，上一次循环得到值被传递至下一层的移位寄存器中。 &lt;/font&gt;&lt;font face='Times New Roman' size='11.64pt' color='#ffffff'&gt;&lt;br&gt;&lt;/font&gt;&lt;font face='SimSun' size='11.64pt' color='#ffffff'&gt;本例中，移位寄存器分别被初始化为2和1。第一次循环后，右侧移位寄存器存储的值为1加2之和，即3。下一次循环中，3被传递至左侧顶层的移位寄存器，而当前顶层移位寄存器存储的值2被传递至下一层移位寄存器。这次循环过后，原本在第二个移位寄存器中的值将丢失，因为本例只存储2个之前循环的值。&lt;br&gt;&lt;/font&gt;&lt;/textformat&gt;&lt;/p&gt;&lt;p dir='LTR' align='left'&gt;&lt;textformat leading='1' tabstops='[48, 96]' leftmargin='0' indent='0'&gt;&lt;font face='SimSun' size='11.64pt' color='#ffffff'&gt;在第三次循环中，5被存储在顶层移位寄存器中，3则被移至下面的移位寄存器。第三次循环的结果为8。&lt;/font&gt;&lt;font face='Times New Roman' size='11.64pt' color='#000000'&gt;&lt;/font&gt;&lt;/textformat&gt;&lt;/p&gt;&lt;/html&gt;</slidetranscript><slidetranscript slideid="6kSMbuiAvPF.6UXmC7WrBOq" slidebank="false">&lt;html&gt;&lt;p dir='LTR' align='left'&gt;&lt;textformat leading='1' tabstops='[48, 96]' leftmargin='0' indent='0'&gt;&lt;font face='SimSun' size='11.64pt' color='#ffffff'&gt;您已经完成本模块，以下是所学内容的总结。 &lt;/font&gt;&lt;font face='Times New Roman' size='11.64pt' color='#000000'&gt;&lt;/font&gt;&lt;/textformat&gt;&lt;/p&gt;&lt;/html&gt;</slidetranscript></slidetranscripts></transcript_data><glossary_data /></bwFrame>