<?xml version="1.0" encoding="utf-8"?><bwFrame xmlns:xsi="http://www.w3.org/2001/XMLSchema-instance" xmlns:xsd="http://www.w3.org/2001/XMLSchema" default_layout="prevnextnosubmit1111000111" textdirection="ltr" device="false"><layouts><layout name="noprevnonextsubmit1111000111" font="Arial" controllayout="noprevnonextsubmit1111000111" colorscheme="prevnextnosubmit1111000111" string_table="prevnextnosubmit1111000111" /><layout name="prevnextnosubmit1111000111" font="Arial" controllayout="prevnextnosubmit1111000111" colorscheme="prevnextnosubmit1111000111" string_table="prevnextnosubmit1111000111" /><layout name="noprevnextnosubmit1111000111" font="Arial" controllayout="noprevnextnosubmit1111000111" colorscheme="prevnextnosubmit1111000111" string_table="prevnextnosubmit1111000111" /><layout name="noprevnonextnosubmit1111000111" font="Arial" controllayout="noprevnonextnosubmit1111000111" colorscheme="prevnextnosubmit1111000111" string_table="prevnextnosubmit1111000111" /></layouts><control_options><optiongroups><optiongroup name="sidebaroptions"><options><option name="title_enabled" value="true"><options><option name="title_text" value="LabVIEW核心教程（一） 模块1" /></options></option><option name="logo_enabled" value="false"><options><option name="logo_url" value="" /></options></option><option name="sidebar_enabled" value="false"><options><option name="sidebarpos" value="left" /></options></option><optionlist name="tabs"><listitems><listitem name="resources" value="false" group="linkright" /><listitem name="transcript" value="false" group="linkright" /><listitem name="glossary" value="false" group="linkright" /><listitem name="outline" value="true" group="linkright" /></listitems></optionlist><option name="time_enabled" value="false"><options><option name="time_format" value="" /></options></option></options></optiongroup><optiongroup name="menuoptions"><options><option name="flow" value="free" /><option name="wraplistitems" value="false" /><option name="tooltips" value="true" /><option name="autocollapse" value="true" /><option name="autonumber" value="false" /></options></optiongroup><optiongroup name="controls"><options><option name="volume" value="true" /><option name="seekbar" value="true" /><option name="search" value="true" /></options></optiongroup><optiongroup name="bottombaroptions"><options><option name="bottombar_enabled" value="true" /></options></optiongroup></optiongroups></control_options><control_layouts><control_layout name="noprevnonextsubmit1111000111"><control name="volume" enabled="true" /><control name="seekbar" enabled="true" /><control name="replay" enabled="true" /><control name="pauseplay" enabled="true" /><control name="previous" enabled="false" /><control name="next" enabled="false" /><control name="submit" enabled="true" /><control name="resources" enabled="false" /><control name="glossary" enabled="false" /><control name="transcript" enabled="false" /><control name="outline" enabled="true"><controls><control name="search" enabled="true" /></controls></control></control_layout><control_layout name="prevnextnosubmit1111000111"><control name="volume" enabled="true" /><control name="seekbar" enabled="true" /><control name="replay" enabled="true" /><control name="pauseplay" enabled="true" /><control name="previous" enabled="true" /><control name="next" enabled="true" /><control name="submit" enabled="false" /><control name="resources" enabled="false" /><control name="glossary" enabled="false" /><control name="transcript" enabled="false" /><control name="outline" enabled="true"><controls><control name="search" enabled="true" /></controls></control></control_layout><control_layout name="noprevnextnosubmit1111000111"><control name="volume" enabled="true" /><control name="seekbar" enabled="true" /><control name="replay" enabled="true" /><control name="pauseplay" enabled="true" /><control name="previous" enabled="false" /><control name="next" enabled="true" /><control name="submit" enabled="false" /><control name="resources" enabled="false" /><control name="glossary" enabled="false" /><control name="transcript" enabled="false" /><control name="outline" enabled="true"><controls><control name="search" enabled="true" /></controls></control></control_layout><control_layout name="noprevnonextnosubmit1111000111"><control name="volume" enabled="true" /><control name="seekbar" enabled="true" /><control name="replay" enabled="true" /><control name="pauseplay" enabled="true" /><control name="previous" enabled="false" /><control name="next" enabled="false" /><control name="submit" enabled="false" /><control name="resources" enabled="false" /><control name="glossary" enabled="false" /><control name="transcript" enabled="false" /><control name="outline" enabled="true"><controls><control name="search" enabled="true" /></controls></control></control_layout></control_layouts><colorschemes><colorscheme name="prevnextnosubmit1111000111"><color_group name="timer"><group_colors><color name="duration"><fill type="linear" rotation="90"><colors><color rgb="0x00D7FF" alpha="100" stop="0" /><color rgb="0x00ABFF" alpha="100" stop="255" /></colors></fill></color><color name="elapsed"><fill type="linear" rotation="90"><colors><color rgb="0xFEE347" alpha="100" stop="0" /><color rgb="0xFCCC2A" alpha="100" stop="255" /></colors></fill></color><color name="stroke"><fill type="linear" rotation="90"><colors><color rgb="0xC7C7C7" alpha="100" stop="0" /></colors></fill></color><color name="inner"><fill type="linear" rotation="90"><colors><color rgb="0xFFFFFF" alpha="100" stop="0" /></colors></fill></color><color name="text"><fill type="linear" rotation="90"><colors><color rgb="0xFFFFFF" alpha="100" stop="0" /></colors></fill></color></group_colors></color_group><color_group name="window"><group_colors><color name="text"><fill type="linear" rotation="90"><colors><color rgb="0x000000" alpha="100" stop="0" /></colors></fill></color><color name="inner"><fill type="linear" rotation="90"><colors><color rgb="0x0D0D0D" alpha="100" stop="0" /><color rgb="0xCFCFCF" alpha="100" stop="255" /></colors></fill></color><color name="bg"><fill type="linear" rotation="90"><colors><color rgb="0x808080" alpha="100" stop="0" /></colors></fill></color><color name="diva"><fill type="linear" rotation="90"><colors><color rgb="0x000000" alpha="100" stop="0" /></colors></fill></color><color name="divb"><fill type="linear" rotation="90"><colors><color rgb="0x000000" alpha="100" stop="0" /></colors></fill></color><color name="shadow"><fill type="linear" rotation="90"><colors><color rgb="0x000000" alpha="20" stop="0" /></colors></fill></color></group_colors></color_group><color_group name="editor"><group_colors><color name="slide_text"><fill type="linear" rotation="90"><colors><color rgb="0x000000" alpha="100" stop="0" /></colors></fill></color><color name="html_text"><fill type="linear" rotation="90"><colors><color rgb="0xFFFFFF" alpha="100" stop="0" /></colors></fill></color><color name="btn_bg"><fill type="linear" rotation="90"><colors><color rgb="0xA6A6A6" alpha="100" stop="0" /><color rgb="0x808080" alpha="100" stop="255" /></colors></fill></color><color name="btn_hover"><fill type="linear" rotation="90"><colors><color rgb="0xF2F2F2" alpha="100" stop="0" /><color rgb="0xAFAFAF" alpha="100" stop="255" /></colors></fill></color><color name="btn_down"><fill type="linear" rotation="90"><colors><color rgb="0xC7C7C7" alpha="100" stop="0" /><color rgb="0xF4F4F4" alpha="100" stop="255" /></colors></fill></color><color name="btn_border"><fill type="linear" rotation="90"><colors><color rgb="0xB1B1B1" alpha="100" stop="0" /></colors></fill></color><color name="btn_text"><fill type="linear" rotation="90"><colors><color rgb="0x000000" alpha="100" stop="0" /></colors></fill></color><color name="btn_text_shadow"><fill type="linear" rotation="90"><colors><color rgb="0xF0F0F0" alpha="100" stop="0" /></colors></fill></color></group_colors></color_group><color_group name="listitem"><group_colors><color name="selected_text"><fill type="linear" rotation="90"><colors><color rgb="0xFFFFFF" alpha="100" stop="0" /></colors></fill></color><color name="lines"><fill type="linear" rotation="90"><colors><color rgb="0xDFDFDF" alpha="100" stop="0" /></colors></fill></color><color name="hover"><fill type="linear" rotation="90"><colors><color rgb="0x005595" alpha="100" stop="0" /></colors></fill></color><color name="viewed"><fill type="linear" rotation="90"><colors><color rgb="0xBFBFBF" alpha="100" stop="0" /></colors></fill></color><color name="text"><fill type="linear" rotation="90"><colors><color rgb="0xFFFFFF" alpha="100" stop="0" /></colors></fill></color><color name="selected"><fill type="linear" rotation="90"><colors><color rgb="0x005595" alpha="100" stop="0" /></colors></fill></color><color name="shadow"><fill type="linear" rotation="90"><colors><color rgb="0xFFFFFF" alpha="100" stop="0" /></colors></fill></color></group_colors></color_group><color_group name="base"><group_colors><color name="text"><fill type="linear" rotation="90"><colors><color rgb="0xFFFFFF" alpha="100" stop="0" /></colors></fill></color><color name="diva"><fill type="linear" rotation="90"><colors><color rgb="0xFFFFFF" alpha="100" stop="0" /></colors></fill></color><color name="divb"><fill type="linear" rotation="90"><colors><color rgb="0xF7F7F7" alpha="100" stop="0" /></colors></fill></color><color name="bg"><fill type="linear" rotation="90"><colors><color rgb="0x055FA3" alpha="100" stop="0" /><color rgb="0x055FA3" alpha="100" stop="255" /></colors></fill></color><color name="border"><fill type="linear" rotation="90"><colors><color rgb="0x055FA3" alpha="100" stop="0" /><color rgb="0x055FA3" alpha="100" stop="255" /></colors></fill></color><color name="menu_shade"><fill type="linear" rotation="90"><colors><color rgb="0xFFFFFF" alpha="100" stop="0" /><color rgb="0x111111" alpha="100" stop="255" /></colors></fill></color><color name="slide_bg"><fill type="linear" rotation="90"><colors><color rgb="0xE9E9E9" alpha="100" stop="0" /><color rgb="0xCFCFCF" alpha="100" stop="255" /></colors></fill></color></group_colors></color_group><color_group name="button"><group_colors><color name="btn_bg"><fill type="linear" rotation="90"><colors><color rgb="0x111111" alpha="100" stop="0" /><color rgb="0x111111" alpha="100" stop="255" /></colors></fill></color><color name="btn_hover"><fill type="linear" rotation="90"><colors><color rgb="0xFFBB00" alpha="100" stop="0" /><color rgb="0xFFBB00" alpha="100" stop="255" /></colors></fill></color><color name="btn_down"><fill type="linear" rotation="90"><colors><color rgb="0x000000" alpha="100" stop="0" /><color rgb="0x808080" alpha="100" stop="255" /></colors></fill></color><color name="btn_border"><fill type="linear" rotation="90"><colors><color rgb="0x111111" alpha="100" stop="0" /></colors></fill></color><color name="btn_text"><fill type="linear" rotation="90"><colors><color rgb="0xFFFFFF" alpha="100" stop="0" /></colors></fill></color><color name="btn_text_shadow"><fill type="linear" rotation="90"><colors><color rgb="0xF0F0F0" alpha="0" stop="0" /></colors></fill></color><color name="btn_icon_color"><fill type="linear" rotation="90"><colors><color rgb="0xFFFFFF" alpha="100" stop="0" /></colors></fill></color><color name="btn_glow"><fill type="linear" rotation="90"><colors><color rgb="0xCFCFCF" alpha="100" stop="0" /></colors></fill></color></group_colors></color_group><color_group name="checkbox"><group_colors><color name="border"><fill type="linear" rotation="90"><colors><color rgb="0xB8B8B8" alpha="100" stop="0" /></colors></fill></color><color name="bg"><fill type="linear" rotation="90"><colors><color rgb="0xFFFFFF" alpha="100" stop="0" /></colors></fill></color><color name="check"><fill type="linear" rotation="90"><colors><color rgb="0x33CC00" alpha="100" stop="0" /></colors></fill></color><color name="text"><fill type="linear" rotation="90"><colors><color rgb="0x111111" alpha="100" stop="0" /></colors></fill></color><color name="hover"><fill type="linear" rotation="90"><colors><color rgb="0x6BF8FF" alpha="100" stop="0" /></colors></fill></color></group_colors></color_group><color_group name="logo"><group_colors><color name="bg"><fill type="linear" rotation="90"><colors><color rgb="0xFFFFFF" alpha="100" stop="0" /></colors></fill></color><color name="shadow"><fill type="linear" rotation="90"><colors><color rgb="0xB8B8B8" alpha="100" stop="0" /></colors></fill></color></group_colors></color_group><color_group name="menu"><group_colors><color name="bg"><fill type="linear" rotation="90"><colors><color rgb="0x111111" alpha="100" stop="0" /></colors></fill></color><color name="shadow"><fill type="linear" rotation="90"><colors><color rgb="0xFFBB00" alpha="100" stop="0" /></colors></fill></color></group_colors></color_group><color_group name="scrollarea"><group_colors><color name="bg"><fill type="linear" rotation="0"><colors><color rgb="0xDEDEDE" alpha="100" stop="0" /><color rgb="0xE8E8E8" alpha="100" stop="128" /></colors></fill></color><color name="border"><fill type="linear" rotation="90"><colors><color rgb="0xF6F6F6" alpha="100" stop="0" /><color rgb="0xF3F3F3" alpha="100" stop="255" /></colors></fill></color><color name="button_bg"><fill type="linear" rotation="90"><colors><color rgb="0xC4C4C4" alpha="100" stop="0" /><color rgb="0xB2B2B2" alpha="100" stop="255" /></colors></fill></color><color name="button_inner"><fill type="linear" rotation="90"><colors><color rgb="0xCBCBCB" alpha="100" stop="0" /><color rgb="0xBABABA" alpha="100" stop="255" /></colors></fill></color><color name="button_border"><fill type="linear" rotation="90"><colors><color rgb="0xB8B8B8" alpha="100" stop="0" /></colors></fill></color><color name="icons"><fill type="linear" rotation="90"><colors><color rgb="0x555555" alpha="100" stop="0" /></colors></fill></color><color name="shadow"><fill type="linear" rotation="90"><colors><color rgb="0xD9D9D9" alpha="100" stop="0" /></colors></fill></color><color name="detaila"><fill type="linear" rotation="90"><colors><color rgb="0xA7A7A7" alpha="100" stop="0" /></colors></fill></color><color name="detailb"><fill type="linear" rotation="90"><colors><color rgb="0xCFCFCF" alpha="100" stop="0" /></colors></fill></color></group_colors></color_group><color_group name="searchinput"><group_colors><color name="bg"><fill type="linear" rotation="90"><colors><color rgb="0xDFDFDF" alpha="100" stop="0" /></colors></fill></color><color name="border"><fill type="linear" rotation="90"><colors><color rgb="0xADADAD" alpha="100" stop="0" /><color rgb="0xFAFAFA" alpha="100" stop="255" /></colors></fill></color><color name="icon"><fill type="linear" rotation="90"><colors><color rgb="0x8A8A8A" alpha="100" stop="0" /></colors></fill></color><color name="button_hover"><fill type="linear" rotation="90"><colors><color rgb="0xF5F5F5" alpha="100" stop="0" /><color rgb="0xC7C7C7" alpha="100" stop="255" /></colors></fill></color><color name="hover_glow"><fill type="linear" rotation="90"><colors><color rgb="0x6BF8FF" alpha="100" stop="0" /></colors></fill></color><color name="search_text"><fill type="linear" rotation="90"><colors><color rgb="0x808080" alpha="100" stop="0" /></colors></fill></color><color name="bg_active"><fill type="linear" rotation="90"><colors><color rgb="0xFAFAFA" alpha="100" stop="0" /></colors></fill></color><color name="text_active"><fill type="linear" rotation="90"><colors><color rgb="0x0D0D0D" alpha="100" stop="0" /></colors></fill></color></group_colors></color_group><color_group name="seekcontrol"><group_colors><color name="bg"><fill type="linear" rotation="90"><colors><color rgb="0x111111" alpha="100" stop="0" /><color rgb="0x111111" alpha="100" stop="255" /></colors></fill></color><color name="border"><fill type="linear" rotation="90"><colors><color rgb="0xB1B1B1" alpha="100" stop="0" /></colors></fill></color><color name="text_color"><fill type="linear" rotation="90"><colors><color rgb="0x808080" alpha="100" stop="0" /></colors></fill></color><color name="seek_border"><fill type="linear" rotation="90"><colors><color rgb="0xB8B8B8" alpha="100" stop="0" /><color rgb="0xEEEEEE" alpha="100" stop="255" /></colors></fill></color><color name="seek_bg"><fill type="linear" rotation="90"><colors><color rgb="0x808080" alpha="100" stop="0" /></colors></fill></color><color name="seek_position"><fill type="linear" rotation="90"><colors><color rgb="0xFFFFFF" alpha="100" stop="0" /></colors></fill></color><color name="btn_icon_color"><fill type="linear" rotation="90"><colors><color rgb="0xFFFFFF" alpha="100" stop="0" /></colors></fill></color><color name="btn_icon_hover"><fill type="linear" rotation="90"><colors><color rgb="0xFFBB00" alpha="100" stop="0" /></colors></fill></color><color name="btn_icon_shadow"><fill type="linear" rotation="90"><colors><color rgb="0xF0F0F0" alpha="0" stop="0" /></colors></fill></color></group_colors></color_group><color_group name="tabs"><group_colors><color name="bg"><fill type="linear" rotation="90"><colors><color rgb="0xF3F3F3" alpha="100" stop="0" /></colors></fill></color><color name="text"><fill type="linear" rotation="90"><colors><color rgb="0xFFFFFF" alpha="100" stop="0" /></colors></fill></color><color name="selected"><fill type="linear" rotation="90"><colors><color rgb="0xFFFFFF" alpha="100" stop="0" /></colors></fill></color><color name="hover"><fill type="linear" rotation="90"><colors><color rgb="0xFFBB00" alpha="100" stop="0" /></colors></fill></color><color name="shadow"><fill type="linear" rotation="90"><colors><color rgb="0xF0F0F0" alpha="100" stop="0" /></colors></fill></color></group_colors></color_group><color_group name="transcript"><group_colors><color name="div"><fill type="linear" rotation="90"><colors><color rgb="0xE1E1E1" alpha="100" stop="0" /></colors></fill></color><color name="heading_text"><fill type="linear" rotation="90"><colors><color rgb="0xFFFFFF" alpha="100" stop="0" /></colors></fill></color></group_colors></color_group><color_group name="outline"><group_colors><color name="diva"><fill type="linear" rotation="90"><colors><color rgb="0xC6C6C6" alpha="100" stop="0" /></colors></fill></color><color name="divb"><fill type="linear" rotation="90"><colors><color rgb="0xF9F9F9" alpha="100" stop="0" /></colors></fill></color><color name="divc"><fill type="linear" rotation="90"><colors><color rgb="0xE1E1E1" alpha="100" stop="0" /></colors></fill></color><color name="icon_color"><fill type="linear" rotation="90"><colors><color rgb="0xFF0000" alpha="100" stop="0" /></colors></fill></color><color name="search_text"><fill type="linear" rotation="90"><colors><color rgb="0x808080" alpha="100" stop="0" /></colors></fill></color><color name="search_hover"><fill type="linear" rotation="90"><colors><color rgb="0x0000EE" alpha="100" stop="0" /></colors></fill></color></group_colors></color_group><color_group name="resource"><group_colors><color name="separator"><fill type="linear" rotation="90"><colors><color rgb="0x808080" alpha="100" stop="0" /></colors></fill></color></group_colors></color_group><color_group name="glossary"><group_colors><color name="selected_text"><fill type="linear" rotation="90"><colors><color rgb="0xFFFFFF" alpha="100" stop="0" /></colors></fill></color><color name="selected"><fill type="linear" rotation="90"><colors><color rgb="0x7B7B7B" alpha="100" stop="0" /></colors></fill></color><color name="text"><fill type="linear" rotation="90"><colors><color rgb="0xFFFFFF" alpha="100" stop="0" /></colors></fill></color><color name="hover"><fill type="linear" rotation="90"><colors><color rgb="0xFFBB00" alpha="100" stop="0" /></colors></fill></color><color name="diva"><fill type="linear" rotation="90"><colors><color rgb="0xE2E2E2" alpha="100" stop="0" /></colors></fill></color><color name="divb"><fill type="linear" rotation="90"><colors><color rgb="0xE2E2E2" alpha="100" stop="0" /></colors></fill></color><color name="divc"><fill type="linear" rotation="90"><colors><color rgb="0xFAFAFA" alpha="100" stop="0" /></colors></fill></color><color name="bg"><fill type="linear" rotation="90"><colors><color rgb="0x111111" alpha="100" stop="0" /></colors></fill></color><color name="heading_text"><fill type="linear" rotation="90"><colors><color rgb="0xFFFFFF" alpha="100" stop="0" /></colors></fill></color></group_colors></color_group><color_group name="volume"><group_colors><color name="thumb_border"><fill type="linear" rotation="90"><colors><color rgb="0xA5A5A5" alpha="100" stop="0" /></colors></fill></color><color name="thumb_inner"><fill type="linear" rotation="90"><colors><color rgb="0xD4D4D4" alpha="100" stop="0" /></colors></fill></color><color name="thumb_bg"><fill type="linear" rotation="90"><colors><color rgb="0xC8C8C8" alpha="100" stop="0" /></colors></fill></color><color name="slider_border"><fill type="linear" rotation="90"><colors><color rgb="0xF2F2F2" alpha="100" stop="0" /></colors></fill></color><color name="slider_bg"><fill type="linear" rotation="90"><colors><color rgb="0x111111" alpha="100" stop="0" /><color rgb="0x111111" alpha="100" stop="128" /><color rgb="0xC3C3C3" alpha="100" stop="255" /></colors></fill></color></group_colors></color_group><color_group name="HTML"><group_colors><color name="htmlpage_bg_color"><fill type="linear" rotation="90"><colors><color rgb="0xFFFFFF" alpha="100" stop="0" /></colors></fill></color></group_colors></color_group></colorscheme></colorschemes><string_tables><string_table name="prevnextnosubmit1111000111"><string id="prev">上一个</string><string id="next">下一页</string><string id="submit">提交</string><string id="outline">菜单</string><string id="resources">资源</string><string id="glossary">词汇表</string><string id="transcript">注释</string><string id="clear">清晰返回菜单</string><string id="search_results">搜索结果</string><string id="filter">过滤器</string><string id="slide_text_chk">幻灯片文本</string><string id="transcript_chk">注释</string><string id="search_in">搜索：</string><string id="check_include">检查包括</string><string id="search">搜索...</string><string id="terms">条款</string><string id="definition">定义</string><string id="acc_definition">定义</string><string id="acc_resources">资源</string><string id="acc_search_input">搜索</string><string id="acc_pause">暂停</string><string id="acc_play">播放</string><string id="acc_replay">重播</string><string id="acc_submit">提交</string><string id="acc_next">下一步</string><string id="acc_previous">上一页</string><string id="acc_volume">量</string></string_table></string_tables><sounds enabled="false" /><nav_data><outline><links><slidelink slideid="_player.6kSMbuiAvPF" displaytext="LabVIEW核心教程（一） 模块1" expand="true"><links><slidelink slideid="_player.6kSMbuiAvPF.5rKSZ4Cw3yj" displaytext="学习目标" expand="true" /><slidelink slideid="_player.6kSMbuiAvPF.6VEzm4zJS4e" displaytext="生活中常见的布尔控件表现形式" expand="true" /><slidelink slideid="_player.6kSMbuiAvPF.6WKG0b5maN3" displaytext="布尔控件类型" expand="true" /><slidelink slideid="_player.6kSMbuiAvPF.6Lu1ZrqWbve" displaytext="布尔控件机械动作" expand="true" /><slidelink slideid="_player.6kSMbuiAvPF.6JfIpZb3zuA" displaytext="机械动作" expand="true" /><slidelink slideid="_player.6kSMbuiAvPF.66gKZus0Hje" displaytext="知识点检查 1" expand="true" /><slidelink slideid="_player.6kSMbuiAvPF.6KzIOoN74S0" displaytext="知识点检查 2" expand="true" /><slidelink slideid="_player.6kSMbuiAvPF.6cMVOCfQ6MY" displaytext="知识点检查 3" expand="true" /><slidelink slideid="_player.6kSMbuiAvPF.6Mij7Jr2bMT" displaytext="知识点检查 4" expand="true" /><slidelink slideid="_player.6kSMbuiAvPF.6UXmC7WrBOq" displaytext="总结" expand="true" /></links></slidelink></links></outline><search><slidetext slideid="6kSMbuiAvPF.5rKSZ4Cw3yj" slidebank="false">在应用程序中使用布尔控件，并选择合适的机械动作 + labview核心教程（一） 模块1 学习目标 布尔控件的机械动作 开始 1/10 </slidetext><slidetext slideid="6kSMbuiAvPF.6VEzm4zJS4e" slidebank="false">生活中常见的布尔控件表现形式 note: pictures or video can be used and faded/edited together 1/10 2/10 </slidetext><slidetext slideid="6kSMbuiAvPF.6WKG0b5maN3" slidebank="false">note: pictures to fade in 银色 经典 新式 布尔控件类型 将鼠标悬停在各个布尔控件类型上，查看各种类型下可用的布尔控件。 1/10 2/10 3/10    </slidetext><slidetext slideid="6kSMbuiAvPF.6Lu1ZrqWbve" slidebank="false">开关 事件发生时改变值 卡锁 事件发生时改变值，并保持直到值被labview读取 单击时转换 释放时转换 保持转换直到释放 单击时触发 释放时触发 保持触发直到释放 1/10 2/10 3/10 4/10 布尔控件机械动作 </slidetext><slidetext slideid="6kSMbuiAvPF.6JfIpZb3zuA" slidebank="false">机械动作 单击各个机械动作了解详细信息。 1/10 2/10 3/10 4/10 5/10  单击时转换 + 鼠标按下时控件的值改变 +  保持值直到再次按下鼠标    释放时转换 + 鼠标按下并释放后，控件的值改变 + 保持值直到再次按下和释放鼠标   保持转换直到释放 + 鼠标按下时控件的值改变 + 保持值直到鼠标释放  单击时触发 + 鼠标按下时控件的值改变 + 保持直到labview读取控件的值  释放时触发 + 鼠标按下时控件的值改变，并保持    到鼠标释放 + 保持直到labview读取控件的值  保持触发直到释放 + 鼠标按下时控件的值改变 + 控件的值保持到鼠标释放 labview读取控件的值 </slidetext><slidetext slideid="6kSMbuiAvPF.66gKZus0Hje" slidebank="false">您希望每次单击布尔控件时，vi都读取布尔值，然后布尔值重置。   您希望单击布尔控件并释放鼠标时，vi读取布尔控件值一次。  您希望单击布尔控件的同时，布尔控件的值即发生改变。   您希望单击布尔控件时改变布尔控件的值， 保持值直到用户释放鼠标按钮。 您希望布尔控件的值在单击布尔控件并释放鼠标按钮之后改变。 您希望单击布尔控件时改变布尔控件的值， 保持值直到用户释放鼠标按钮并且值被读取。 请为下列情境选择最适合的机械动作： 单击时转换 释放时转换 保持转换直到释放 单击时触发 释放时触发 保持触发直到释放 1/10 2/10 3/10 4/10 5/10 6/10  很好！您已正确识别了功能及其对应的描述。 继续 单击时转换 释放时转换 单击时触发 释放时触发 保持触发直到释放 保持转换直到释放 您希望单击布尔控件时改变布尔控件的值，保持值直到用户释放鼠标按钮。 您希望布尔控件的值在单击布尔控件并释放鼠标按钮之后改变。 您希望每次单击布尔控件时，vi都读取布尔值，然后布尔值重置。   您希望单击布尔控件并释放鼠标时，vi读取布尔控件值一次。  您希望单击布尔控件的同时，布尔控件的值即发生改变。    抱歉，至少一个匹配不正确。正确的机械动作选择如下： 继续 保持触发直到释放 保持转换直到释放 单击时转换 您希望单击布尔控件的同时，布尔控件的值即发生改变。   释放时转换 您希望布尔控件的值在单击布尔控件并释放鼠标按钮之后改变。 单击时触发 您希望每次单击布尔控件时，vi都读取布尔值，然后布尔值重置。   释放时触发 您希望单击布尔控件并释放鼠标时，vi读取布尔控件值一次。  您希望单击布尔控件时改变布尔控件的值，保持值直到用户释放鼠标按钮。 </slidetext><slidetext slideid="6kSMbuiAvPF.6KzIOoN74S0" slidebank="false">哪一个机械动作与对话框按钮和系统按钮的动作相似？ 单击时转换 释放时转换 保持转换直到释放 单击时触发 释放时触发 保持触发直到释放 1/10 2/10 3/10 4/10 5/10 6/10 7/10  很好！您选择了正确的对话框按钮和系统按钮机械动作。  继续 释放时触发  释放时触发 抱歉，不正确。正确答案如下。 继续 </slidetext><slidetext slideid="6kSMbuiAvPF.6cMVOCfQ6MY" slidebank="false">您将前面板上布尔控件配置为“保持转换直到释放”。用户单击这个控件然后放开鼠标按钮，控件的值显示为多少？ 在正确答案上单击。 1 2 3 提示 hint 1/10 2/10 3/10 4/10 5/10 6/10 7/10 8/10  正确！按下按钮后，状态改变；释放鼠标后，状态再次改变 继续 2  3 抱歉，不正确。正确答案如下。按下按钮后，状态改变；释放鼠标后，状态再次改变  继续 2 0 1  请仔细观察按钮状态 </slidetext><slidetext slideid="6kSMbuiAvPF.6Mij7Jr2bMT" slidebank="false">您将前面板上布尔控件配置为“释放时触发”。用户单击这个控件然后放开鼠标按钮，控件的值显示为多少？ 在正确答案上单击。 0 1 2 3 提示 hint 1/10 2/10 3/10 4/10 5/10 6/10 7/10 8/10 9/10  正确！释放按钮后，状态改变；vi读取按钮的值，状态再次改变 继续 2  3 抱歉，不正确。正确答案如下。释放按钮后，状态改变；vi读取按钮的值，状态再次改变 继续 2 0 1  请仔细观察按钮状态 </slidetext><slidetext slideid="6kSMbuiAvPF.6UXmC7WrBOq" slidebank="false">保持类机械动作在鼠标按钮按下并且/或者labview读取控件值时改变控件的值。 labview中的布尔控件具有多种机械动作可选。 触发类机械动作在鼠标按钮按下或释放时改变控件的值。 总结 1/10 2/10 3/10 4/10 5/10 6/10 7/10 8/10 9/10 10/10 </slidetext></search></nav_data><resource_data description="" /><transcript_data><slidetranscripts><slidetranscript slideid="6kSMbuiAvPF.5rKSZ4Cw3yj" slidebank="false">&lt;html&gt;&lt;p dir='LTR' align='left'&gt;&lt;textformat leading='1' tabstops='[48, 96]' leftmargin='0' indent='0'&gt;&lt;font face='SimSun' size='11.64pt' color='#ffffff'&gt;此处为课程笔记。通常将文字记录复制到这里供复习使用。 &lt;/font&gt;&lt;/textformat&gt;&lt;/p&gt;&lt;/html&gt;</slidetranscript></slidetranscripts></transcript_data><glossary_data /></bwFrame>