﻿<?xml version="1.0" encoding="utf-8"?><bwFonts xmlns:xsi="http://www.w3.org/2001/XMLSchema-instance" xmlns:xsd="http://www.w3.org/2001/XMLSchema"><font id="00" name="SimSunBold Charset1"><glyphs><g i="0" p="#^DE9h%DExj%tMxj%tM9h^ICTb%xEKc%pMKc%mNNb%aPhd%iO3eiOmjpOZk%tMRl%tMBk%DEBk%DEnl%IC1mOCojOC3hOCJeICTb^DENd%DE5g%tM5g%tMNd^DxCm%uPCm%0Ral%hTFn%CJFn%CJrq%eOrq%APbp%FRur%CJur%CJ$u7LqviOtvtRwvMTdv%MT8w0SxwPRJxULwxwJNw8H3wCFUu5EJtbDfswBdwHx$x%kxqxzBbuFCFn%cF7pzEIpiE8q2EAqGDvrcFltMHyu%MHFn%1BFnPzFnFyYn" /><g i="1" p="%^wJ6hwJQk#wJ0mCJinuHYn#GHDkGHijGHug#VF5jtDLk#1BpmTxtnJxJm#IA6l9D1j#DFXgAHnewBne#BAneqzFeoyjdhPjdQQTb5TneSJne#_IffLIufbKog^qKYg#FRujqSDk#bTMlPSJm#sSFnvRGm#zQHlSOsk#9NdjgKIh^1Coy#7Cyv7C_s#7Cpq1CznTDqoGNqoPOtnvQ3pKPKpKPXt#KPqvRPlxON5yONUv3EUv3EDx^3Eup3ERuONRuONup" /><g i="2" p="#^KGne%KGMg%3KMg%3Kne^8CPh%8CTk%$ETk%$EPh^KGPh%KGTk%3KTk%3KPh^PLPh%PLTk%GOTk%GOPh^$xjd%oPjd%1RTb%bTne%PLne%PLMg%BOMg%kPIf%aR5h%pQThpQNkvQdm%GO_m%GOXl%8CXl%8CDm%iAhnoAcloAyjoAThiA$f%8CMg%$EMg%$Ene%7BnebAne1zFe^2GMpsFDqfE7sdGmsmJQsBKArCLMp^LFEl%aI2n%kHCnSGfomGIo%NPIo%wRgn%MTMp%ENMpEMMr8LjtIO4uaQOuERvvHRXwLRoyaQdxBO3waKzuwIHvRFBwbDwxux5y%kxhxlF$vrIYtcFjt1CTsLCMr7EMp%_zMpfzMp4y3q%2xIo%wEIoiFlnLFEl" /><g i="3" p="#^VETdxEPj9EBlhGfndHloaIrpaIpqaImrpHYrFGys0GFqoFMoWDwm_CMqkBctHzDvMxkx%exQwnz5utAErzBapdCClUC1iUCNb%NF0d^MMYdAMnhhNRk$NioKPvruRIu2UNv%2UywbSKwWRxxSPIvNOxtJNlr$MXohMwmcMNi5MGnQKEqzJBttHsvoFixbDoy%ICQxBEqw5GQuCHetsIlrjJspNJmngKflvKpiKKyfEKHb%EN0d" /><g i="4" p="#^xCJf%xCup%BAfqHAUnHA4m%HAJhbzXjwxal%8xDkPyAi8AmgtB8ejCob%KEPc%UDmdaDxexCJf^AOOi%JPhg%GHhgbGdicEWj%FDyjyGWfZHBb%tK5d%rJLd%aIef%LPef%CQge%PSlgfRtgiPZi^lHAi%qJ7ksIFkdHUl$F6nFDVo%gDlo_FzllHAi^xNljjQRk7RFlXRtmURhnRR5oiRBoMQ5pZPznbP1m8NNj^mKzmmKsigKMg%ZMVh%cMFi%cM3noMqpKJ9qxJ2pJGao%JGnnQIznBJCnmKFnmKzm^RA$q%FB$qzBtu1BnvvAgwGzmwRytwhyZvJxtvTyuu2AvtRA$q^kGvp%KG5pEIbqvJVqnKDrjKssgKhtGJKt4JauxIZs_HLrkGvp^nOWq%VOxqgRWr7SHs$Sst$Sgu$S3vpSJvPRnw9RUuwQotnOWq^zDfvzDErtDSp%aG6r%oFRr%oF2viFawkG4w%2M4w9N4whNtuqNSsqNTr%hOTroOktzOjuLOhvRPJvMOJx7MDx%JFDxmDDxzDfv" /><g i="5" p="#^2GWb%dGibJIObBJDctKrdqJme%3Qme%wR7d%ATqf%LAqfxzqfmyJf%kxme%fIme_HSdxHgd4HGc2GWb^WEKs%pLEswKPriJPq%EJeqMMxrxNqsiOjtLNtudNCvLMWuiMeuVLBtNHUtgG7uMEmuPDXu%ICysCDystENrkF0rrGAp%bBApbBywhBKx%lzoyrz_urzXsrzTqlzFn%$Awo%QGwovHpnSHOm%aDOm%wCzn%TAim%sBBlsBjjmBIf%ZDKg%cDGh%cDKl%CNKlCNUjwNOf%dQYg%mPOhsPmmsPbn%CNSn%CNOm%FIOm%bKqnZIgozIwo%KPwo%uQzn%kS3p%zRKp%zRivLRzxYOiyYO$w_Ljw%_LwvZOIvoPIvPPIvPPtv%PPAp%8IApuGIrWEKs^LIxhYJygTKqf%oM8hnLphVJciQLWilMDjTMjkvMjl7MjmgLhlqKfkTIfjAGGkFDFl%tD$k3GGjSHsizGOheEFg%pE$fRGGgLIxh" /><g i="6" p="%^TFLeTFsljLsljLLe^fNwmfNKt#fNDvlNsxdL5y#jL_ujLZsjLwmTFwm#NFtq0Eft#gC1wWxiyqxJx#EAAveC2t#RDvqXDwmsAwm#fzwm4yOm2xslXDslXDLeOBLe#BALeqz2foyIdVOIdsQgcISLefNLefNslYPslBRWjYTwm" /><g i="7" p="#^OAxh%OAan%hFan%hFxh^OAeo%OAsu%hFsu%hFeo^1H_h1Hct7HFw%hFxx%hFwv%OAwv%OA1x%ZyVx3zat3zJo3zgkZyCf%IAtg%qBtgjCpdrCvb%0FUc$DydrCtg%eFtg%iGwf%_Heh^iLBb%QN4d$MJdrLMg%fQMg%pRIf%5Tph%dSai1SitHRQulRmwGQZw0QBxnO5yRNww7LKv%7LRuNNjvJOjvFPjvTPOt6QgsiQPh%7LPhsJwknHwm%PG8mRIViOJxgLK9eiLBb^HJZkfMNmOM1olNgpnMkqpLor1LppFKqniJwl" /><g i="8" p="#^FMGpaPYplPUpxPQpxPqp%xPHi%AMXjAMcqGMRs%KKBtQK$pQKvk%mIAl%mIIumICvmJCv%EQCvtRrvBRcuKRYsKRVq%HSVqOS1tZSWt9TPu2UfvbTexBRex%UIexDGexDGOu%DG1m%TEMm%dEhn%_Cxm%DG2l%DGMhDGxgxGze%1JPf%mIxg%mIBk%QKwj%QK5fQKndKKBb%rNJc%AMFd%AMZi%kPGh%dQGg%2S1i%gRWi%gR5qgRMqNQlrjQWr4PmsZOerFMtq^rCEs%cGir%mG9snzavkynw%YwguiyUtBA5t%BAUk%sAUkfzUk4yal%2xQj%BAQj%BAFfBAlevA9c%cDpd%rCee%rCQj%1DQj%bEMi%3GUk%rCUk" /><g i="9" p="#^2xtg%fQtg%NR1f%2Uxh%fIxhaIajOHgl%FNgl%JOik%vQ1m%xPImBO_tbOnvONMwWMkx2MUxkKiyVJHw5Hwv%gHKu4KwvPKzvzLCvWLhviMYuFMYs1NYqCNjm%FHjm1GAuXxby%DxtxeGyseGxh%sAxhfzxh4yPh^oGNb8JNcLJLdnKIeyJNfJISg3IkfpHNd2Glc" /><g i="10" p="%^eJhneJnpwNnpwNhn^mBBr#sB2psBYm#sBRkmBoi6D9juH9juHrhCBrh#oArhezJhbynguHnguHze#MCLeiAReiA$d#bFId$I5d#QMtcpOHb1QUd#EONdnNXd#7M4eeJleeJngcPngLQ1fPSrheJrheJ9jxN9jhOci1QAjgPnk#gPnomPQqwNBrwNrqeJrqeJys2OysoPirnRBteJBteJ_v2Q_vIRsuST2xsA2x#fz2x4ykx2x_vuH_vuHBtRCBt#EBBttAUtrzysuHysuHrqiDrqiDXq^iDdkiDdmuHdmuHdk^iDhniDnpuHnpuHhn^eJdkeJdmwNdmwNdk" /><g i="11" p="#^vQml%vQXtvQxvCQDx%GOoyMO3tMOml%cMmloMqrAK9uNITw7Goy%MFPxJH4wLIluOJCs7KuqsKlosK6lsKThmKvd%_LmeRPrddRgc%5TtexRtehQFe2PRecMif%cMik%xQik%UR3j%YTml^mA$fSBWgDCMhoDCixCLjHBUkkBDj_AliQzmg^yF8qCHfrnI2s8JRspI1uGHdv9HTtEGwsbFHq^pASp%DChr%NBPrIz8vBxSw%2xuw4zPtpASp^6Adv5CwvACwv4Dwv4D_u%4Dbp%Wzbp%Xyop%$x8o%4D8o%4Dgl%yAgllzglayyl%8xck%cEckbFIhzF5g%jB5g6A5gXyng%Vx1f%aD1f4D0eQB5c%eCHbaEIcHExdcFlelE1f%nG1f%EHUd%CJ5g%gG5g%UHYg8HohxGhiWFaj6Fck%fHck%vI3j%tKgl%QEgl%QE8o%GG8o%WH_m%VJbp%QEbp%QEFvQEgxvC$xvCNw6A0w" /><g i="12" p="#^hK5p%hKXu%6QXu%6Q5p^vLob%0O$c%5NEd8KZi1JWj4LPjTQFjYPcihOkg%NOOfSSuigTEjGTNkQSKl_RHmGRVlmR6l8RBkeNTkcLjlbJKleIqm%VG1k1IBjcJrhnKhfvLob^XRlpXRZv2S8x%6QVx%6Q$v%hK$v%hKsx%lI5yrIpwrIQsrIfplIan%5K1o%1Q1o%MQ4n%ISzo^aCuixBDkXzSpvBmqJCVq2ERnUEui^lESc%sDCd4DQekCrh%WErh%GFzg%vH3i%JGMiGFsolExr4GpsBG5t7HNtPG4vwGnwxF5vzEOtGDWsoBjwBxiy%exJxEAXudCcsZz$qbylqlzjmoAui%sAuifzui4yNi%2xrh%yArhsBwdHBBb" /><g i="13" p="#^6GblkEMm1EYpUCIpUCYnUCbmhEykHFViSFXh2GZglFZfEEYeFD$eGC1fYBFffBggaBAg5BTgwB6hYBlhYBXhYBxiEBUilBfjKAfj8AfjKzKilzdiuzdhEzdgBAgfzBieJC2eUDOdZE$d2Gce9HhfgIlg3I_hTHCj6Gbl^yE$quFurxFBsBFHtCEduDDLuKCkuRBUtKBLsEBBrDC3rCDxqyE$q" /><g i="14" p="#^zDwt%zDQkzD9itDOf%gG2h%oFUh%oFysGG$qxIiooKAlMLli8N6fBN1d%7Qwe%dP9fwNwj2LFnBIOroF8uoFsuiGsu%rMsu$MyumNbuJNQtVNAp%SOApZOysbPdtpPTtdQqufPtwUMhw%WFhwFDnwFDXupBgwux8x%kxmwNBMuzDwt^eAfj%4BfjbB3n1ByoTA1qWzDq_ycrlyzqJxWpMyAoQzeneAfj^5Fyc%DF9cMIfezJkfnKog$JihDJbi0JfiqIiiSHOgjHif5Fyc^AO5k%8PKj_RBmASGnbTKoWSBpGSsqYRNqeR6rPQgppQpnAO5k" /><g i="15" p="#^tFwo%pHDqzGxqYDSsmBbvGxzw%kxZvuA1uwC$rzEYptFwo^QD9c%NF4e1FUdcDQfoBMhHxJj%kx9jVzchpBwfWCPdQD9c^BEDh%yGEjEFEjpDTlaB5oNxAp%qx_obA2n_B3lND4jBEDh^oHQsuH5quHOmuHvjoHng%2J8h%TK8hjLFejLUd%_IUd3IUdUGbe%SFQc%sQQc%VRBb%MTUd%vNUdXMJeVL8h%pQ8h%9Rbg%VSAh%8Smi%8S5o8SNpeSAr%oQss%oQci%eJci%eJSr^vOBk%ENqlENVqUMNs9MFukK_vwIjxzEoy%eELxVILv9K4uqLpsFLDpULRmILlj^oNTryR0uzSUuATMv6TaxESAyNRqxWQhw0Qiv7Piu1Nrs" /><g i="16" p="#^NAlj%ELlj%VMci%TOpk%5EpkOCpkPBHk^iynn%JOnn%fQXl%wSqo%eLqo%eLzu8LOvJMOv%gQOv0RJvaR$ulRgusRcr%jScrqSWsyS6uHSivMTJvUSxxDQqx%fMqxpJxxpJ4v%pJqo%qGqo9GVqwFTsTERucD4wxBjxixuy%8xJxPBXv0D_teE1swEqo%HAqo%dzDo^rG$b%PGBbFIpctJgdhK6ekJlfoIAg_H7fBHFdrG$b^rPPi%oQGg%$AGgnBXhJAEi4Alj1zej$x6jxyki4zyhpzJgKzUfYzte%TAte%ZACf%kQCf%bRFe%bTIgERXg1Q9j" /><g i="17" p="#^MM3cZOgdHPYdpQDefQmf5Q5gkPxgAOYgfORfWNJegMAc^DR7v%MS$q%AT9rbTjubTfvbTawFTax8UbysRgxMOlwvMptIJrwQF$x%GFhxzJJuvL5sBJEo1J0i%XB0i%SB7m%UF7m%SGal%zIMm%HHynpHetUGcunG9vGEOvmEou1Cwt%1CKs9E1tKE7tkFctvFpsGFBrSFbn%RBbnzB$uxxiy%8xMxEz8uQzNo0ApjQz5g%SBYg%WIYgEI7erINb%rLUc%MKRdMKifWKYg%SPYg%jRCf%tT0i%YK0iwL0oKMrqgNpp0ODnMOQlEPlj%2S9l%7RMlxPEpQN$rLPduDR7v" /><g i="18" p="#^KzOf%DCnh%MB5i%MBlx%Kz5yQzKtQz5oQzsiKzOf^7LRuvN1vqO7vlPdvlPBu%lPef%jKef5JefXHwf%VGae%mPae%cQ1d%8SCe%gRuf%gR_unRAxnO5ynOkw7LFv^NBHbSDOcJEOdBFNeFE6gJDrhcDXfICqegB2c^aG4l%aGeq%XKeq%XK4l^MMqpMMrqTM4s%XKKs%XKir%aGir%aGts%eE7tkE$pkEMnkEwleE3j%_F0k%YK0k%HLZi%xNlk%MM8l" /><g i="19" p="#^FBbe%FBtg%GFtg%GFbe^FBxh%FBKj%GFKj%GFxh^pHeepHCivHUk%GFFl%GFNk%FBNk%FBil%QzRlWzojWz0hWzDeQzmc%tB7d%BF7d%lG9c%4Iyd^IA2sHBhtUCgu%UCtn%7BtnWztnLyLn%Jxpm%hGpm%yHgl%kJtn%DEtn%DElq%5Glq%gHhp%XIor%DEor%DEKumGwvYKzvzPCvMT7v%MTWvXRBwXRwxxJDx2H8xAEFw5DQvDB_ulAWskzfwxxby%YwRx5yGvJyZslzfqszXn%SBap3BCpIA2s^XRamXR0n2Sip%cQ3q%cQDh%8LDh%8Ltp%iJlqpJ4opJalpJgiiJOf%YKzg%YLzghMlfnMhe%tLhegKhe5Jze%3Idd%xQdd%OR3c%AThe%nOhe3OLeTMzg%7Qzg%TQIf%CS_g%XRHh^zMAi%aPQj%pOFkpOBoVNeqpNSrZLftyKDuDHCv%iH$ueKmtiLNrnMcqwMVnFMBlzMAi^INlq%3OMp3SyrxSls$S8tvShu0SqvaR_tlQysINlq" /><g i="20" p="#^lFdvkIIv8JGvZJDvTJDu%TJQjeF$rdxnw%SwNvtEwqrITi%7BTiWzTiLy9j%JxPh%TJPhTJLdNJob%TMLc%PLBd%PLPh%9QPh%HRng%YTTi%PLTi%PLUuPLSxrIAyxI4xbF0w" /><g i="21" p="#^XCob%0FbdSDAdlCefRATgXzkh%JG9hUFUf5FWe%sFmeiHnfdIeg8J5h4JWh1JLijIijBHQjoHdjcHCi_G0iBFciQCui4AMi1zsj%Vx8h$y8hAAcf9CfdXCob^9ziyfz1wfzHqfzkl9zEj%VApk%CFpk%sGrj%aIXk%pHIl%pHnvBHlx0FiyVE_wvCjw%vCwvzEIv6FIvGFIvGFUu%GFNr%5BNr%5Bqx^5Bsl%5Bnn%GFnn%GFsl^5Bqo%5BJq%GFJq%GFqo^aKZjaKid3KZb%MM6d%VL2e%VL2hsOAf2QBd%LRFf%JQOfYNehVLXh%VLBjVLpk5Npk%mQpk4Rkk9RwjfRIifRYg%6SYgdSjioS9jzS_jtTjkPSXlsQXl%rMXlaK1maKZj^TJAvTJ6oNJIm%uMYn%DLNo%DLuryOJpkQnn%8SGp%5RGpZNnrDLss%DLIuDL_vRMUv%zQUvmRPvoRJurRDtyRZr%pSZrwSOtKSDuYSsvMTGvdTpxEQxx%eMxx_JxxTJAv" /><g i="22" p="#^1Jrh%1JQj%GOQj%GOrh^cHjmiHfkiHrhiHDecHgc%SI7d%BO7d%kP9c%4Rsd%pQ8epQDjvQal%GOXl%GOUk%1JUk%1JFl^RDUm%xQUm%UREl%YTYn%TMYn%TMPq%SPPq%0RMp%VSTr%TMTr%TMnvBP_vYTpv%YTcweSNweSPxJMJxIKrwII9vhHEsPF5wBCoy%dCQxODaw0FTtfGzrsGeo%XIKp%8IgqUH4rIHTrkJ1u7LXu%7LYn%fHYn2GYnTEeo^1Jbe%1Jng%GOng%GObe^JxdvxzqviAtv3BwvZAJu%ZA2o6ANo6zvp%ryfq%2x8ogyMnZABm%ZAPh%rzPh%9y0i%exMg%ZAMgZAGdTAvb%ADLc%JCAd%JCMg%wDMg%GEIf%yGPh%JCPh%JCXl%PFpk%aG$k%JCgn%JCgvJC9xiA$xoAZwJx0w" /><g i="23" p="#^2GVb%xGobUJ0dXJ0e$J$ebJEfoIhgUH_epHGd2GVb^qxCf%APCf%dR4e%ATGg%LAGgDzGgsyYg^oEMg%sGEi%nF1jaBSmVx2o%JxqnaAJlZBQjNDWhoEMg^EKLh%ZK2hzOCiiQNj2SXkpRpmNQSnXPGm6Ptl0OrkWMojEKLh^WNPl%VMsm6LxqeJosbNUvYTCv%YTiwoSZwaS$xrL1xhIvtpERwHxiy%xxvxADDviHmshFDpRDMk%DEBkqGQoiIir4KRojLck" /><g i="24" p="#^tDzqAEZqXE0siF3t1F3uNE2v$DAvdD5w9C5w6B5wgAgvrzquozrtlzrsPzFrhASqkBvqnC8qtDzq^xBFumC7v8DCuXD5uUD8tRDas0DKrcCirsBPrIAksIAftIAauxBFu" /><g i="25" p="#^3Btm3BimZATk%5CglBDmj5FLg%7BLgWzLgLy2h%JxIf%mFIflGidGGob%kJNc%kIwd3IkedHIf%hPIf%QQge%5TLg%WGLgZEBk$CFm%$Ckx%3Bby9Bpw9Bav%9B8onz5qdxir%SwKqNz7o3Btm^NJHjNJ1jHJ2h%oMbi%DL1j%DLCm%VOCm%fQml%kSFn%DLFn%DLRu%2QRu%vRvt%GTUv%oGUvbFUv0Ebw%_CRu%NJRu%NJFn%EHFnqGFngFYn%eECm%NJCm" /><g i="26" p="#^Jx_d%AP_d%6Ryc%nT2f%XI2f%XICjAOilHPxmOQLndQ5pFPrqbOBoKMLmXIvk%XI1uXI4w1Jxx%VGiy$Gvu$Gat%$G2f%7B2fWz2fLykf" /><g i="27" p="%^EGurEGdvaKdvaKur^yFPh#fGOfxGbeEAbe#fzbe4yte2x7dlQ7d$RHbYTbe_HbeqJMemIcf#hHKgyGPhyPPhiQSg8SditR0j#tRMrzRrxDPbyDPhwhBhwhBxxlziy#rzIurzup#rzgklz2h5BPh^hBTihBdvUEdvUETi^VLTiVLdvDPdvDPTi^EGTiEG1maK1maKTi^EG5nEGrqaKrqaK5n" /><g i="28" p="#^GHIoGH6oAH7m%SIOm%gM0k%GE0ksD0kiCjk%gBZi%qMZi%ANVh%yP9kMNokwJjn%hKNn%wJvo%wJIo%3QIo%IRnn%STMp%wJMp%wJJvCJEx_GuyAG6xtDkw%tDpvHGOvaHMvGHJvGHgv%GHMp%sAMpfzMp4y3q%2xIo^hJnfnIbg_HUeBHAd8GJb%xGibmJCcMJBdbKzehJnf^pIwf%gJwf%1Qwf%_Qme%bTvg9RRgmPfj%MOVi%$PAg%bBAgnB7iQAUiiAEj5zxjVxpjvyAi5zKhvz$gWzggeAte%3Bte%9Bwf" /><g i="29" p="#^tBir%9IMp%tIxq%tBSstBIvzBjx%DziyKzLvKzjtDyLtgyau%2xZrXxZrKzxr%KzojKzJeDz1d%mBUdpCIdVD8dpFAcwGNb%aIUdOGUdWEhe2DFetBVe%tB$h%tE$h%xF2h%jH3j%tB3j%tBpm%nEpm%rFsl%dHtn%tBtn^WIyc%GKpd%RNpd%IOyc%jQ3e%yPKe%yPriyP9jfQ9j%VQ9jpR3jSRQikSAi2TEjMTHkBRHk%HPHkONHkONcj%ONte%MKteSK8h9K1jtJVkEGwm%8GZl$HpkpI3jQIJhWIag0JCeWIyc^OJ5nmKoo3LGpNLXqkMMrTMXqxNwpcO5oAO5n^jLRsGK1s2KyqqJ2pUI5n%XHhn%$G1m%IO1m%GP3l%nRHm%sQonVPSo4PtqgO3srNYs3PpuKQcvqS$v2U6w%2UXwES1xeS$xQQIxjPMwONRviM4uxKAv7IBwJFCxSCby%ICpxeFGwwHsvOJdujLRs" /><g i="30" p="%^eJ6ieJXnDPXnDP6i^iH2h#iHzdcHob$JDceJzdeJ2hyP2hoQUfkSnhtRfitRIn#tRNozR3qDPJqDP$oeJ$o#eJ4wkJqxcHoy#iHXviH$obB$obB2qfzWq#lzXolzIl#lzsifzbg$A2h^bB6ibBXniHXniH6i" /><g i="31" p="#^IHjm%IHko%aKko%aKjm^IHop%IHur%aKur%aKop^XLNd3J$ihEal%XDAkNGzirIcg5KQd2Lib%lNHc%AMfdmPFh2Uxi%2UkjySrjeSpk9OkiXLNd^YFuy2Gjw2GBr2GSmYFBk%BHgl%5Kgl%RKpk%uMHl%PLnm%PLkwPLXxYJuyDJix3I$w%3IawfJhwIJhwaKhwaKLv%aKys%IHys%IHJx^eNFukN3tkN6qkN9neNsl%yPCm%ZOfn%ZO_t^uQCnuQAmoQvk%PSxl%8Snm%8S5weSLxRPoyKP5xkNDw%kNOvlPUvVPUvuQUvuQmv^EBQlEBCjyB$h%3E8j%oDZj%oDQl%wDQl%BEZk%aGUm%oDUm%oDrq%VFYp%3GLq%oDxroD$vuDQx%yBuyEBduEBZrxyUs4yBt%YwxrjzcrEBMq%EBUm%dzUm%iyzn%2xFlNxplky7kTyRiDzSg%HzSg2zSgUx9h%SwOf%TzOfpAHdYABb%cDTcFCldoCQd7CjezBOf%UDOf%9FLe%QGSg%iBSg%mzQl^3Iii%4Nii%9Okh%RPlj%YKlj%LIZi%4Jij" /><g i="32" p="#^_CAd%1EmcPHEdCIbfpJJgpKTjpL0nVNkqpQDtYTJu%YTwvcSwvgRMwDOSu_MHslLwqkKiojJ4mGIZiAHfn3FNqyCiubxDx%SwWwdButKDEpfGOljHUgAHYfsG9fkFme_CAd" /><g i="33" p="#^_HFe%tKPf%MJugqJvh1Jui%_Lui%_LOe_LzdULHb%NOXc%QNNd%QNui%fQui%vRkh%tTyj%QNyj%QNqo%MPqo%0Rgn%$Sup%QNup%QNwv%DQwv%_Rgu%2Uzw%UIzwGHzwvGSw%tFwv%_Lwv%_Lup%CKupoJupeIMp%cHqo%_Lqo%_Lyj%TIyjSHtm9GDo%zFhoJGxliH0jTHug_HFe^UBuinBfkXzSpgBnqwCVqtDqowEui^SDSc%ZCCdICUe2Crh%DErh%nFtg%7HTh%kGzibFKo3EvrOFcsgGUsKGAtCGEuuGIvuFMuvEQtoDWs6BBwYxuy%qx4yEA1v1CcsJAnrbylqfzkm6Aui9zui_xNi%Ywrh%fArhZAydcBBb" /><g i="34" p="#^2QCgSNLjvLQl9JUn1HVo%bPVo%1QXn%RRrp%4R7q%4REt4R8vaRRw%ePJx%ePhw%aGhw%aGlx%eE$xkEpukEmt%kEDqjBrsqxjt%exEstB2rkE0p%kEXn%BFkoGHRm2KDkqMoi$Nhg%2Ghg0Dlkmzqm%SySl8B5kaDlhdFBegGvb%LIld%CHSdSGZesGef%7Oef%3Pae%aRUf^RD$hhHqjuHlkIHgl0H4mkGUmPFLljFBkmDxi^aGYp%aGdv%ePdv%ePYp" /><g i="35" p="#^MDjlMD_ljDrmSCUmbCUmvBUm2BrmBA_lBAjlBAEk2BbkvBKjbCKjSCKjjDbkMDEkMDjl^MDjuMD_ujDrvSCUvbCUvvBUv2BrvBA_uBAjuBAEt2BbtvBKsbCKsSCKsjDbtMDEtMDju" /></glyphs></font><font id="10" name="SimSun Charset1"><glyphs><g i="0" p="#^iESg%iENj%OMNj%OMSg^PCZb%nESc%BMSc%tNTb%1P8d%9OPd9OhjfORk%OMDl%OMnk%iEnk%iEfl%PCRlWCojWC$gWCBePCZb^iErd%iEgg%OMgg%OMrd^FxVm%JPVm%bRsl%dTvn%nJvn%nJPq%sOPq%JPxp%ARpr%nJpr%nJpv7LUvoOYvFR$vJTIv%JTbwZRzwMRLx0MzxCJQwdH5wIFWucELt1DbsaBhwzx2y%lxLxFBxuKCZn%TEfpiEEp$D8qIDDqjDIr_ELt$H$u%$Hvn%TAvnCzvnxyOn" /><g i="1" p="%^hJXghJRk#hJ1mnJbnJHOn#VHGkVHhjVH9g#FFVidDAk#NAemRxinLxVm#HAlldDcj#MF2hPH1emB1e#oA1ejzjeryrdxPrd_QZb2T1eMJ1e#NI$evIufYJng^DK9h#FRHjoSMk#8TRlRSGm#ySvnIRxm#TQyl7Phk#nN$iyKyh^8Cry#fCNvfC9t#fCxq8CUnIDLoSNLoXOOnpQ9pDPLpDP8u#DPCvJPsx9O7y9OUvIDUvIDLx^IDmpIDjv9Ojv9Omp" /><g i="2" p="%^9Kcf#3JFg$H1ihJPiBMPixOcf^lKtbiMLcpL1d#XKKdsKBesOBejPEd_Qif#xPnfbNPiTQPiARQh2TVimSBjmSUv#rSsxBQey#vQZw9Ouw9O5w#pQhwLQ8w#5R$v5Rpv5RjrGNjrGN3xvMLxvMjr_Ijr#HIytzHjv#rG3xnErycEey#2GowWGlu#PHhsSHuo#VHGkVH7i#QGojMFnktFak#XGqifI7g#zJPdlKtb^aJojaJPmvMPmvMoj^GNojGNPm5RPm5Roj^aJpn3JJqvMJqvMpn^GNpnGNJq5RJq5Rpn^TAKlTAFsVDFsVDKl^Czuw#HzmtHz6n#xy9paxxqZwjq#Hz1maBnfAAnf#jznfeyHflxPenEPeFFEddHnfKCnf#LBdiHA9lPD9luEhkXFsl9F1m#9FjrgF8uVDJuVDgtTAgtTAUv" /><g i="3" p="#^ID3pjDjq7Djr5ETsmFVtEGWuPHjv%PHfl%lCfl4Bfl$zyl%7zGk%mOGk%JPhj%FRfl%aJfl%aJ1q%AN1q%ROLo%IQDq%aJDq%aJIvVLbwyO8wbR5wkTUv%kThwFRzwhRRxbMLxIJcxdHGwIFmvcE2uWCTr1C8uZAzvVzZwLxry%zx7ypzownAxumBFsHBSq1C3p8Cbn%uEno^EGTb%QGHbHIFcnJrd3KdedJbfoI9g8IReVHxdEGTb^8P$i%pQzg%TAzgZAPi8AfjjzHjGyfj2yPi3zTh5AXgtAIe%TAIe%TA_f%cQ_f%hRVe%XSSgARSgqPcj" /></glyphs></font><font id="20" name="SimSun Charset134"><glyphs><g i="0" p="#^dHHj%dHOn%XKOn1LYk1LHj^iMHjiM3lbMOn%5QOn%5QHj^nRUj%nRwmnROnuRZo%5Qsp%5Qno%bMno6Mpr7LFtHMWu1PIvnRuwJTzw%JTZwgSaxTReyGNgxyKDunJUvqHSwtFRxjDxy%7D7ynFgx7H5wUIWuGJLtvIns1Hxp%kHmp_IIr9KMsRKWqXKno%dHno%dHSo%SFspXFUnXF_lXF3kSFki%dH6j%1L6j%1Lgg%CHgglGgggFzg%nEHf%1LHf%1Lje1LldXKAb%ZMtc%iM8d%iMHf%IQHf%TRwe%DTgg%iMgg%iM6j%WP6j%BQdi%3Soj^xCBj%xCLx%aBryfBhwfBDu%fBvjwzkmlxAo%3xnoKy7mlAJiYBif1Dtb%4FLc%iEfdKCFgSBdi%jD$i" /><g i="1" p="%^hJHjhJSoPPSoPPHj^VLCv#sONv7PLv#PPIvPPruPPsphJsp#hJIvnJTwVHzx#$H_r$HspzBsp#TADusxlyax7y#0z6vIz_r#oASooAoj#oAWdiAacLB8dJP8dpQ4cZRfdbR1ebR6v#hRzx1Pey#ROzwVL5w^LBKdLB6j$H6j$HKd^hJKdhJ6jPP6jPPKd^LBHj#FBOnzBSo$HSo$HHj" /><g i="2" p="#^tBQh%tBbs5EJqLF5oqHslCHQh^$zxy5A$v5Aku%5ARk5AEh$zgg%tBfh%CHfhJHweCHtb%9KFc%aJldaJif3Jfh%1Pfh%WP9g%ARrh%IQ7i%IQdvOQsxsOlymONwXK5w%XKIvANUvvOUvqPUvjP8u%jPQh%3JQhUIUjvIslGNnoVNFp9OWqGNIrbNusEMdr6MXpUKxoGJ6nhIXlkHnosF5qBDOrtBFs%tBLx" /><g i="3" p="%^tBrdtBFggFFggFrd^EGrdEGFgsKFgsKrd^JLrdJLFgDPFgDPrd^$z4ctBLcxPLccQTbFRYc5Rxd#5RPe5RKf#5RFgbREhDP7iDPlhtBlhtBQh$zki#5Ang5AIe#5A1d$z4c^qDDuqDNwnNNwnNDu^DyojkHoj#qHkiqHlhGJ7i_IviHIojXOojjQki3S3kBI3k#hI3l$HXlbNXlSNRkxP1mLOVmLONwIQNw9Svv6UsxoAsx#VysxLxLxNwNwYBNwYBOn#YBJmSBflqDXlXGXldH3k8C3k#NA3kCznk^qDDmqDAonNAonNDm^qDfpqDcrnNcrnNfp^qDTrqDXtnNXtnNTr" /><g i="4" p="#^jD1qxCjrSBus7DMsTE9tMFbsEG1q^jzScaB1eIBPefCBfzBwgTArhuA0g5ABe0z1d^JHzc%tJKdHIWd2IIeqHufSF2h%zFSgqHWdJHzc^jDtb%tFtc%HE8d%HEEh%7HEh%cIzg%RJdi%HEdi%HE6jXGBjzH8kcIGkYHIlJHJmXGEl9GzkHEBj%HEDm%wDpn%TEZnnEboBDsp%EGsp%kHAo%NIRp%VHjqXGAs9GrtJHRtfIhuNIJuNIEvNIzwLHLvJGWunFkuYB3xgxYx%axFxFBbwcERtfC9toATsNAhsYB1q%HA1qpz1qlyjq%sxsp%8CspxCtoWC6n%qDin%qDhjNAkmlxZn%axHnNA9lECdi%TAdiCzdixyvi%FxEh%qDEhqD7ejDtb^kLdiPLUnGNIrePnoDPdi^PLtb%3OLchN1dUMWdvMPepLEh%_QEh%9Stg%WTdi%5RdivQspxOZsOQIvQTow%QTNwZR3xTRYxjPbwGNXtsK3xXFxy%MFeyfKbwUMTs1LhoXKPiYJll6IBn%PHpn9KvjPLtb" /><g i="5" p="#^Vz1qBDspnF3p%tFspcERp$BAqOzjrVy_r%RxeqQyXpRzGoTApnPChkmBzkeA0l7zslryRl%zxakxy_j$zJgtBrdLBNb%wDYcECPdIBAfNAlh0zak%1DNj$DXhBE4g%fGfhMFJhhE1kPCkmVz1q^gx$uryQu7B8uPDrtSFMs%2GgtHELtYBZudzbwryTw^HIde%HIBj%XOBj%XOde^HIak%HIEp%XOEp%XOak^HIeq%HIbw%XObw%XOeq^qHqiqHqekHLc%HIEd%ROEd%DPzc%bRPd%jQBe%jQbw%_Qbw%rSQu%6UNw%1HNwMFNwHE3x%PDbw%qHbw" /><g i="6" p="#^VH6n%VHhkVHviPH9h%NIQh%nNwe%rCweaBwe5APe%dzWd%nNWd%EOYc%5QVe1P5fMNHfvMgghJ7i%RJvi%aJ$i%aJDmBMojtNXh%1PHj%3ONj9KwmhJ6nSNsprOrq1PprBOls9Ogt1NwrVLLpaJBn%aJ9taJDudHpv7HduBErt%BE3tXGmtqHgtVH9tVHFs%VHOndDWqlC_r%ZAxq8Ceq8Egp9GhoVH6n^ECqi%WC7i9FvjOFnkrGflIFbm_E6nGEXlnEMkECqi^5Q$v%5Qvn5Qll0Q$i%mS3k%uRRk%uRXtuRCvARzx%5Qly%5Qzw%TAzw%Vzsx%Dybw%pzvv%pzJmpz3ljzCi%FBHj%NAnk%NA$v" /><g i="7" p="#^9FSc%iExdcIcf7Jbg3K9hCJ8iaJ6joIXhCHMgrGOfgFPe$D1eFB7itABj%zBnk%fGnk%7Hvj%vIRk%JHslCHRp9HNqJGIr4FusuE0rWCxq%WC8qNExqjFoqSFeq2GppfGAolGYk%zBYk%zBkumBUvKCUv%PHUvvIUvKImv_IQuaJcr%zJcrGJMsPJXtYJ6vKKCv9KNwdJWwhI3xPH3x%8C3xiA3xiA$u%iA_jQyRlaxbn%ZwVmCzHj3BCgxCxd1DAb^tN7i%tNtotNLpAN5r%6MBrbMfpbMKlbMdi6Mgg%9Olh^bNbw%bNIvWP$vvQUv5RNv5RQu%5Rnf5R7e_Q4c%8T8d%rSPd%rSvvrSgxcQ7yDPTwbNbw" /><g i="8" p="#^BEJmPDprECLt$D$u8GIvhIowpLtwxOzwWT$v%WTowrSZw9SRxjPYxOLUxhIRx_F3xIDhw1CJuAAzwsxly%gx2yHzowmBXtOzIr0zZo%pzLooA5rLBTsKCJqjDkm%iAkm%wzbn%eyXl%jzsl%ECnf%dznf%lyBf%zxPe%ECPe%wDWd%TEif%VDNf%oAKl%jDKl%$DRk%nF7m^BQCiBQRkIQRl%jPwm%jPDl%DLDl%DLno%fOno%jPin%TQZo%DLZo%DLvr%5Qvr%hRjq%XS5s%DL5sDLFtJLvv%fK5wlKRtlK5s%MF5s%TEhs%5Evr%lKvr%lKZo%dHZo%lG9p%zFno%lKno%lKDl%dHDl%lGRl%zF3l%lK3l%lKCi%MFCi%_EPi%cE1i%lK1i%lKHf%kHHf%yGTf%MF5f%lK5flK1dfKAb%vMFc%DLld%DL5f%8P5f%0Qde%nRuf%BQ4g%BQ1i%TQ1i%ZRXg%DTCi^DLHf%DL1i%jP1i%jPHf^DLCi%DL3l%jP3l%jPCi" /><g i="9" p="#^NEkmNEjvTElx%jD7yqDdvqDkmfCAoHAuq7znsgxRt%3xytjz5rNAwofCXlWCHj%CzHj%KyUj%Yx6j%qD6j%qDIe1CVerycf%ryPeLBjeUDGd2G1dCH4c%_IPdlG7eNEwe%NE6j%7H6j%cI1i%MJHj%NEHj%NERlvI0nUI$nhJZoUIEpvIjqVHlpkHnoNEkm^9Sgg9SjrgS8u%OQJu%OQFs%PLFs%PLWu%lKCvsKjrsKumsKEhlKje%PLif%BQif%ARje%XSHf^PLTf%PL5s%OQ5s%OQTf" /><g i="10" p="#^kH1iqHMgqHlfqHWdkHzc%HIld%LNld%EOtc%WPKd%8Pje8PNfePlh%SNQh%SN2h%HI2h%HIEh^HEGoNEVmNEHlNEtkHEJi%2Goj%HIoj%zJvi%KKHj%YJakYJ7m3KOn%NIho%NIpn%2Gpn%2Gbo^pMtovM6nvMElvMakpMJi%GNoj%IQoj%ARvi%RSHj%3Shk3Skm9SOn%TQbo%TQpn%LNpn%LN4o^HIWd%HItg%SNtg%SNWd^2G_j%2GPm%NIPm%NI_j^LN_j%LNPm%TQPm%TQ_j^sKryyKIvyKcr3JmtWG0vNEGwlCzx%8CgxnEbweGou6IAshJPq%MFPquEPqqD5r%xCeq%yKeqyK9psKOn%BMLo%PLmp%PLeq%OQeq%ZR3p%JTPq%vMPq9OTsVP$tFR6vJTvv%JTUvZR$vFRTwPPUvvOrubNZs0MPq%PLPqPLbwVLLx^SBem%iE9l%uEsl%SBbn%SBhwSBYxVzxyVzsxsxGw%sxhw$zGwhAqwAAbwAACv%AAOn7zAo2yxp%ZwZn2yHnAAJm%AA1i%xy1i%Fxdi%Twrh%AArhAAwetAHb%ECLc%SBrd%SBrh%WCrh%VDtg%tF1i%SB1i" /><g i="11" p="%^XKhsXKvv#XKow1LRxtJry#zJvvzJFtzJ2hcI2h#9Gzk$DJmIDwm#XFhjgH9g#BI1d_IobXKFc3K8d#3JcfoItgcQtguRcfkT2hXK2hXKkmePkmvQ3lmSVmXKVmXKIrWPIrbRqq2Ths^rCdu#rCbwxCFxZAry#4Bjv4B3t4BNj#jzwmlxto3xho#Ky1m_zsj#fBSgXBVe#ECYc1Dtb_EFccEfd#ECFgLBvi7DojrC_j" /><g i="12" p="#^YBaciEfdTEWdtFBeaFlfTE4guEag5EggzDYe1DEdLBtc^5Auf%5Azg%PHzgPHScJHAb%MJtc%3J1d%3Jzg%TQzg%TRuf%DTfhgSlhjQUj%0QHj%5R9h%5A9hbAViIzBjdzhkAykkYxnkLxQjzxhjoyIidz7iHzuf^ANZb%ePldsOxdtNsevMnfeLtg%XK9gVL$euM0e4N1dANZb^HE3k%HEPm%iMPm%iM3k^DLrutNQu6OTuLOWuLOdu%LOqq%3Jqq3J$vaJYx%JHryPH5wPHqq%lCqq%lChw%TANwZAQuZAWsZA0rTA9p%rCRp%PHRp%PHpn%HEpn%HEbo%jDAoqD6nqDElqDakjDJi%HEvj%bMvj%4NCi%fONj%ANnkANVmGNOn%iMho%iMpn%3Jpn%3JRp%xORp%qPZo%OQjq%0QWq%0QJu0Qbw3OZwGNCvwLQu" /><g i="13" p="#^LOweLOOnROsp%nNjq%nN7e%BD7e%BDLp%8CDqfCBnfCsjfCif8CFc%PDxd%4Nxd%9Otc%DPWd^7HNf%zJ2h%BIJhvIGk9IgnPHRpNGYrMF2uCDzvtB3xzxxy%lx7yoATwiCpvcEXtgFUrlGRpNGTmdHUj7HNf^lKQulK$vJL$v%BQ$vhR$vwRgvMRxuZRcr%rScrrSytKSxu2TvvJTIvdTGwHSZw9SgxnRgx%KKgx_Igx_I6v%_Ifp_IOnUI7m%7Lpn%lK4o" /><g i="14" p="#^KCNv$zNvoyLtNwIrNwinNwBjuy9hbAIe7DIePDIeuEYe9FcfFFcf2GcfiG6fyG$eJGIe%CH$i%1HcjrGlhsFmguEnfWCnfTAnfLzEhDyUjDybnDyPqBzTsAAWuPCWunEWuvFOtEGFs1HPq%CH5r7H9tOFtuuENvKCNv" /><g i="15" p="#^fCllfCGk8C$i%BEak%BDRk%BDUv%vIUv%vIqe%xCqefBqebAIe%jzPd%PPPd%hRmc%kTqe%RJqe%RJ7m%EO7m%0QMk%ZRJm%RJJm%RJUv%PPUv%nRku%xTuw%HAuwpzuwlyNw%sxUv%fCUv" /><g i="16" p="%^9Kcf#3JFg$H1ihJPiBMPixOcf^lKtbiMLcpL1d#XKKdsKBesOBejPEd_Qif#xPnfbNPiTQPiARQh2TVimSBjmSUv#rSsxBQey#vQZw9Ouw9O5w#pQhwLQ8w#5R$v5Rpv5RjrGNjrGN3xvMLxvMjr_Ijr#HIytzHjv#rG3xnErycEey#2GowWGlu#PHhsSHuo#VHGkVH7i#QGojMFnktFak#XGqifI7g#zJPdlKtb^aJojaJPmvMPmvMoj^GNojGNPm5RPm5Roj^aJpn3JJqvMJqvMpn^GNpnGNJq5RJq5Rpn^TAKlTAFsVDFsVDKl^Czuw#HzmtHz6n#xy9paxxqZwjq#Hz1maBnfAAnf#jznfeyHflxPenEPeFFEddHnfKCnf#LBdiHA9lPD9luEhkXFsl9F1m#9FjrgF8uVDJuVDgtTAgtTAUv" /><g i="17" p="#^KCRrBDjrqERrgFnsgFgtgF8uuEDuID6vSCGu1CduXBitSBnsKCRr^_EjgTElhrEOl$DeqFDeqjDeqQCOllClhiCdgfC5f1DIePDjerEPe4Fif_Ejg" /><g i="18" p="#^qHqiqHfdkHtb%GJzc%UIld%UIqi%5Qqi%FRSg%QT$i%UI$i%UINjRJpnrM3r1PJuJT$v%JTowgSuwARFxmOIv0MhsGJSoHI9lPH5rZE_t8CTwlxry%gx2yHAzw1DkunF5siGapdHemqH$i%Hz$i%lycj%zxqi" /><g i="19" p="#^$Hzg$HxdVHNb%yKYc%tJPd%tJ$utJgx1Hey7H3xVDNv%VDjv2GIv0HIv$HIv$Hku^qDXh%zFvjNEUj8EZkwD1m_B8otAeqYxus%FxbsVyPqbASotBVmiC0l7D6jqDXh^bMqiWPslhRWmFSnoUSvp8TDqsSCrMRAseRZqIQmpnPgn3O9lVLJi" /><g i="20" p="#^TAYciE$euEXfHESg5EBhwDkiZCSgrCnfAAfd^VHtb%yKLc%zJrdhJggUI6j%bR6j%ZRQh%JTcj%RS_j9SMsPRuuuRbwvQ3xxPYx3OlytNGw3K$v%3KvvnN$vsOYvxPUv0QWuvQXtnRHj%NIHjvHRpbEmtTATwsxly%gx2yTAIvCD2slGnodHHj%tBHjbAHj7z_j%ey6j%kH6jVHHfVHtb^3JDmANGocOCpROxqpOBrZNFs_M5r0MxpUI0n" /><g i="21" p="%^_ELt#_ErunFJu#MF$urG$ukH$ukHCvTACvTA$uYB$u#KC$u4DJu#qDruqDLtqDxqTwxqTw1q$DIe_EIe_EXpCHXpCHxq_Exq^jD9hLxXpqDXpqD9h" /><g i="22" p="#^CHxyJHDuJH3t%JHDmJHRkCHqi%YJHj%aJhk%aJ2uaJIvhJzx^MJzc%UI8dwL9hoO9jhR9lWTyl%WTXlmS1mFRbnLODlHMujDKlhBIKdlGEhOD_jfBkm3x4o%ZwHnaBDlXD1iJGqeJHob" /><g i="23" p="#^2yak%xPak%_QJi%2TMk%DLMk%DLduDL5wLNUv%0QUvuRUvJRruZRZs9Sxq%FSxqFSgtRSlu2TpvWTIvXSax5Rax%UMax9Kgx9K$u%9KMk%EGMk9G5r8EOt8Cuwlxry%ax7y8CdvvD5sTEZo4FMk%fBMk$zMkVy3l^TAWd%ANWd%XOzc%TQwe%VDweECweLBPe" /><g i="24" p="#^VD0r%ANjqHMfpwLho%JLZnZN3p1PRp5QDq2Qpr0QbsFPDsjP3tTOhssOvrZNPq%aJpr%aJbwhJYxXGxyQG3xVDuw%VD5wyGhwaHhwPHhwPHCv%PHvrnE_rmDhslCAszBZs%AA5rFBWqCD8qzFmp3JinJGvn0FOnjD4ofCGo%fBVmlCJmzD_lNEflSFak%tAakdzak7ytk%gxBj%PHBj%PHrh%iErh1DrhYBJh%4BSg%PHSg%PHIe%xCIefBIebA$e%jz7e%PH7ePHtcJHtb%3Kmc%aJYc%aJ7e%1P7e%jQYc%3SIe%aJIe%aJSg%hNSg%EONf%cQrh%aJrh%aJBj%IQBj%9Sqi%QTak%EGak%PHRk1H3lCFKlcEpmKC6n%zJPmDKXlwLRk%bNemiMpmhKEnhISoVD0r^VDAs%zF8uBEdufCNvVzlxYx2y%LxLxVzzwpBcvWCRtVDAs^kLTs1PdulQWuFRCvMRkwTR3xxRLxbRry3QZwXOvv7L9t" /><g i="25" p="#^gDWqiEjrEEis_EgtKEbuuE6vLDCv1D5w2C5w4B5wiAjvwzxuszBtpzFsRzXriAcrgBTqfCxqgDWq^fB3vfCCvaD1v5Eru2Ejt$Dbs0DIr1Ccr9BOriAnsiAstiAxufB3v" /><g i="26" p="#^HEak%HEBn%GNBn%GNak^HEbo%HEpr%GNpr%GNbo^fK$vVLhwNMhwGNhwGNpv%GN_r%HE_r%HEzx%dDryjDNwjDKlAAGolxDq%3xjqOzboOBUlPDBjFF4g%iA4g0z4gYxng%3xuf%SFufXG1ddHtb%GJSc%HIfd$HBevHuf%PPuf%uRPd%JT4g%kH4gfG1i4FBj%tNBj%fOCi%WPUj%1Pzk%1P5w1PFxUMryZMgxfKuw" /><g i="27" p="#^1Hde%jPde%IQYc%mSPe%fKPe_IPeVH5f^VHCvyKNvqLNviMNviMDu%iMGk%BIGkkHGkfGYk%nF3k%BQ3k%3SJi%JTGk%GNGk%GN6vLNLxeLeyeLTwVH5w^7DNb%TE8dcEldxCffTA9hly$i%7yJiOz9hdB9fEC8d7DNb^jDVm%jDzx%SBryYBhwYBwmHzSozxjq%lx1qpzZnjBrldDVicEzg%SF1i%_EviIDnkPCsl%VDkm" /><g i="28" p="#^7yde%oIde%GJYc%wLPe%4FPeiE9hwD$i%qH$i%hI1i%YJvj%_I3k$HUnTG2qMFbsIDbuFBbwFx2y%sxLxLBdv2E5slGZoCHBj%jDBjPCzkfCDlNEHnDEMouERpRDhqdDJq3DgpWCOn1C1miAto7yDq%Rxjq5AinmBzkECQhjDPe%mBPe5APe0z5f^0Mrt6M1q6Mkm6MCi0M_f%9OSg%nNEh%nNEpnNjrtNTs^OQzgOQ1dIQTb%XSSc%9SEd%9S6vgSzxJPlyDPGw6M$v%6MCvRONvPPRvOQUvOQDu" /><g i="29" p="#^rApvZAJumBrttArt4A9tHzTsyznspzTrvzsrCz0rbAAqNA8qFBlqxCxqQCjr7D5sKCjtlCxujBFviANwwzTwKyZwjzxwVz5wrApv" /><g i="30" p="#^vHrhvHggqHIe%MJNf%UIzg%UINj%iMNj%ANvi%qPnk%UInkNIDlHIJmwLtoKMEpZNPq3OKr9OFsCNmt4N2uiM8swLeqBIbn$HxplGprHEgtLBru%zB8ucEFsMFnqkH4ovHnk%HEnkqDnklCGk%tBNj%vHNj^Vymc%oAfd%cQfd%_Qfc%rSxd%MR7e%MRkuMRIvTRlx%pQ2y%pQow%oAow%oAzx%Vy7y0zbw0zru%0z9g0zIeVymc^oAPd%oANv%pQNv%pQPd" /><g i="31" p="#^zF9t%RJOr%YJhslyNweysx%3xvvFxpvOzQu%OzVmOzzkHz9h%YBki%4B$i%4Bxu%iEytiE9piEPkiEtg5E4c%rGfd%zFWd%zFzk%vHzk%BIvj%fK9l%zF9l^DKXgDKLcyKtb%UMzc%VLld%VLKlePHjARSg%8TCimSPi6Q4kSNllVLkm%VLDuVLNvZMNv%BQNvARNvPRSu3SXt9S5r%FS5rLS9tUS4u2T$u$TvvkTzwHSMw3SZwFRZw%vMZwDKZwDKpv" /><g i="32" p="%^3O9g#3OldZNTb0QLcqPldqP9gBQ9gARcf2TMgqPMgqPYkbRYkmSNj$TylNIyl#vHylrGRlzFYknJYknJMg#oIMgkH2hrG9gnJ9g#nJfdhJNbkLzcKK8dKK9g^KKMgKKYk3OYk3OMg^_QZo#_Qdv5RsxDP2yDPuwhJuwhJLxPHly#VHvvVHJs#VHXpPH6nnJZnxPZnvQ0nTRno^hJAohJOrDPOrDPAo^hJnshJUvDPUvDPns^lCdvtFytFFRt#rChwFBzxoAhw#ZACvZADuZAspoAsp#7zsp2yLpaxSoZASoZAMk0zMk#lyDlgxPmZwDm#CzJiZA4cdDfd#rCPd2CBe#FBnffBngqDnguEif2GXg4BXg#5AVijzak1Dak5E6jFFMklCMklCSo$DSo4FOnEGsplCsp" /><g i="33" p="%^OzSc5AFc#YBPdrCse#WC5fQCNf#KCtgbCYg#FBrhmBag#4BVeOzSc^lCFtFFDqXFPq#iE3tmDhu#rCvvYBzwHA$u#4Bxu4BFt4B9l$z9l#dz9l7yslgxzkZAzkFBBj7DRklCsl^6IPd6I7ijP7ijPPd^JGUj#QGQhQG4g#QGjeJGtc6IfdePfdPPmchRrdBQ1e#BQ9hIQ$ijPBjjPJi6IJi6Ioj^gFllJPll_Q3kLSXl6MXl#0MOnVLspBQspTRboDT1qHM1q#1PCvJTowJTNw#gSNwMRYx#nN6viM1qPL1q#lKbwwDlyjD2y#nJ$usK1qJG1q#MF1qHEjqPDspyKsp#KKBnKKXlcIXl#dHXl9Gem" /><g i="34" p="#^8CUvzBUvaBvvNA6vNAxuNAXtaBytzB9t8C9tKC9t7DytwDXtwDxuwD6v7DvvKCUv8CUv^xCmp%xCjq%LBjq%LBmpLBJmpB1k4Blh4B4g4BifjBSezBqe8CqePCqe0DVedDnfdD4gdDlhTC1kxCJmxCmp" /><g i="35" p="#^sOPq4N5rtJvr%tJbwzJYxdHrydHgxBEuw%BE5w7HhwFHhwcIhw6Ijv%6IIrnF_r$DnsECMsLBgt%NAprYB5r$D1q2GZoBIpnkHpnwFCnIDOnrCno%zBJmWCwmDEillG3kdHPi%VzPi5AhkOzTkwzslWyBllyKlOxylgxll4ynkVyojpz9h%Oz9h%Vzdi%PHdi%PHnf%8CnfmBnfiAHf%pzPe%PHPe%PHldPHmcJHob%9Kfc%aJSc%aJPe%sOPe%0Qrd%MRnf%aJnf%aJdi%IQdi%uRlh%dT$iTR6jJPyl%qPll%OQPi%qHPi%_IUj6I_jrG6lNEemwDPm%nJJmKKKlPLhk%tNKlBMRl_KVmnJZnCH$oSF1qVD5r%3OjqHMSopLZn%DLHnmOLonPvppQeqBQTqOQvrmQksWP9ttPns1PBrsOPq^kL9tDPxuLQ9vTRNvWRzwZRlxDRNxhReyfQ$wePNveLrt^nE3t%2GDuTEDuWCLvZATwFx2y%sxLxfCpvnE3t" /><g i="36" p="#^PPKd%PPLtPPCvWPFx%mOlysOjvsO9tsO7emOTb%IQ1d^aJweaJqihJNj%PHhk%PHhj%YBhj%ZABn%cIBn%_IDm%DKZn%GJAoaJBrAILt$HUv7HJwfGzxNERxTEuwfCvv%fC6viEvvaFzv2GCvrG7vQGDujHWsPHcrhIbo%ZAbo%iA3p%QyHnCzpn$zXloAtkHAEh%8CJi%PHJi%PHde%rCdeaBde5Awe%dzEd%JHEd%oIFc%YJPd" /><g i="37" p="" /><g i="38" p="%^NwYkNw3kCH3kCHYk^NwXpNw3pCH3pCHXp" /><g i="39" p="#^xCRlxC9gxC2fxCWdrCNb%NESc%$DEd%$DRl%JPRl%nRnk%8Tpm%6IpmRJXpWM4s0QduQTJu%QT6vgS6vuRuwsOpvJLZs_IxqCHpm%$Dpm%$DIvXGruYJ9t%9KFt4FhwjD2y%1CuwxCNvxC$u%xCpm%iApm0zpmYxJm%3xRl^tN4c%jPPd%3OjeHI$i_EMk%NEnkVHdi5K4giMWdtN4c" /><g i="40" p="#^XF4o2G7m2GBj%wDBj%lCNj%zB$i%2G$i2GyhXFNf%6ISg%kHlh%kH$i%OM$iOMlhHMTf%XOSg%3Orh%3O$i%WP$i%bRJh%2TBj%3OBj3Opm9Oin%OMUn%OM0n%kH0n%kHvn^1P8qOMZseLkumOhwxTuw%xTTwZRaxFR7y4NgxlK6vFFLxbAry%5A2ygF3xtJduCHns2GEp%4FEp%cERp%qD3p%GN3p%xObo%0QEp^yGEpoIbsfKytbMIrANEp^kHBj%kHpm%OMpm%OMBj^OzPd%tBPe%aJPe3JdeJIydoISckHAb%CHobRJmclK5dRKPdMJPe%5QPe%uRrd%rTnf%mBnftBfl0BxoAAOrBz8uDyuwaxry%TweyQyQumz7rVzpnYzyj$zHfOzPd" /><g i="41" p="#^CH9h%nJki%HIJisKtk9MplSNkmzPPmhRin$TBn%$TUnFS4ogSfpcQGoKO_nhNinzLbmRJ3lhI$iEGMkSDMm4BLo3xeq%ZwRpwzGoOBZm5EflsFRjQGqiCH9h^xC4o%XK4o%0M0n%ANGo%gFGouEGoqDZo^SBryYBzwYBtuYBnsSBjq%jDcr%UMcr%SNeq%jPIr%sOhssOuwxOFx%4Ney%4NNw%jDNw%jDRx^jDOr%jDbw%4Nbw%4NOr^cEYcBD8dlC$e%QG$e%VHWd%tJBf%qDBfcE9gQEVgtFEhgFei4FPixE9j$DvjVDPiPD7iCDfhqDngWCBf%1CBffBzgqAEhCzJiLxhk%zx_jdzXhlARftBKd1CHb^ZMLcHM1dcMGdJLjeeL$e%vQ$e%ARWd%8TBf%tNBfEOggmPYg5QEh$PhiWPVinPljRONjBOYimO7i2OohLNFgUMBf%XKBf9KFg3JQh%HIEhzJ4gcKteRKSc7LAb" /><g i="42" p="#^rGtbvIac1JPczJrd1JgevI5fYHWdqHLclGNb^8Prh%0Quf%7Huf%hIng%vHMg%fGqi%jPqi%IQ2h%FS$i%hN$iVLRkDKXltNwmNO6n5QHn2QGo0QEp4P6p9OAoXMXnJLinRJJmyGZojzsp%jz3pnFhoBIkmyGRlKCllIDakBE$i%$z$i%7zcj%lyqi%TEqifGggyGuf%TAufTAXgbAxhwz7iKyHhYxfhZyzg$zTftAWd%TAWd%TAVe%WPVe%OQWd%rSufTRuf8R1gpQzgqPEh^XF$igFUjnE3lyGflnJDlyKzkDL$i^PHryVH6vVHBr5Ebwgx7y%axLx1DvvlGjr%Czjr%xyvr%LxJq%VHJqVHEpPHbo%9K9p%hJLp%hJJq%0QJq%uRfp%xTjr%3KjrANvvJTUv%JThwgSzwTRFx6MNvzJjr%hJjrhJNvnJFx" /><g i="43" p="#^iESg%iENj%OMNj%OMSg^PCZb%nESc%BMSc%tNTb%1P8d%9OPd9OhjfORk%OMDl%OMnk%iEnk%iEfl%PCRlWCojWC$gWCBePCZb^iErd%iEgg%OMgg%OMrd^FxVm%JPVm%bRsl%dTvn%nJvn%nJPq%sOPq%JPxp%ARpr%nJpr%nJpv7LUvoOYvFR$vJTIv%JTbwZRzwMRLx0MzxCJQwdH5wIFWucELt1DbsaBhwzx2y%lxLxFBxuKCZn%TEfpiEEp$D8qIDDqjDIr_ELt$H$u%$Hvn%TAvnCzvnxyOn" /><g i="44" p="#^LBTrIDWqBIvn%UIOn4F5rCDns8CFtfBWu%Oz9tiAAsiAvr%iAQhiAVebAYc%EC7e%LBVe^FFjetJXgtJ4itJcjNIXj6IGkFHWidH9hnFBe^SN4c%jQ8d%xPPdqPojaP_lXOAo9ODqpQbsARatLS8uLSavLSbwcSMwFRlx1REvpQXtZN5r6MduQIRvzFsxfB7y%4BLxPDax2GbwhIdveKwtbMOr7NTo3OXlSN4c" /><g i="45" p="#^7DBe%7Drt7DduCDCu5E$u_E$u%XF$u%XFCv%QyCv%Qy$u%Hz$uHA$u7BCuzBduzBrt%zBEhzBfhjB0h4BMgAAMg%QyMg%Qy9g%Hz9gTA9gCBMflCnfKCBe" /><g i="46" p="#^oAfh%oAvn%tFvn%tFfh^oA4o%oAWu%tFWu%tF4o^JGQhJGgtQGNw%tFzx%tFvv%oAvv%oAax%0zYx7zmt7zQo7zhk0zNf%tAFg%tBFgrCldxCAb%HELcIDfd1CFg%gFFg%fGHf%JH9h^wLHb%GNYcUMrdeLXg%vQXg%ARTf%2Tlh%9S1iZRrtDRZuhRuwEQ3x0QFxEO7y9OzwpLNv%pLjvSNNvXONv0QNvfQ8uvQusIQyh%1LyhhJnkkHkm%1H7m3J$i2Kzg1L7ewLHb^MJfl6M0nEMbobNmppMlqDLjrhLmpXKpnzJyl" /><g i="47" p="%^zFqezFKlDLKlDLqe^4Nkm4NXt#4NNvbNzxwL7y#DLdvDL9tDLkmzFkm#tFxqIDjt#YB5wLxlysx2y#HA$vlCmt#$DJq5EkmiAkm#0zkmYxDm3xKl5EKl5EqeFBqe#oAqejzIeryPd8PPdBQmcFSqe4Nqe4NKlcQKlMRakWTkm" /><g i="48" p="#^SBrdgFwe5GifXG4goGlhSFCi4FchiENfFBKd^Cz7ijDvjYDkkBE9l2EkmwDvnHC_lSBtkpzqi^pLYc%sKEdlKSgfK3j9KflRJto%DPto%hRPm%xT3p%MJ3pzJRpaJPq9OTspQ$tFS6vyS$wrSVyKQPw1PJu_IjrkHxuhE5wfBFxsxxy%lx7yzBTwoEQudHMshI3p%HA3ppz3plymp%sxto%oItoNIflQIvhUIKdUIHb" /><g i="49" p="#^LB4oLBllFB$i%7DNj%hJNj%RJVi%pL3k%DKMkDK3pKK8q%nJxq%nJsp%1Dsp%1Dku1DIvSD$vHEhwCHkwyKowhNkw0QhwEQ$vhRIvtRZuFRduMRPq%gSPqmSytESxuXSvvQTNvXS3xzRjxcQzxaNzx9KzxzHvx_EsxmD9xLBTwLBxu^0QFgWPKlPPhoJPPqePFrLOusbN9tUMOrDKcr%DKPqpM5r_M5rAN5r2OIqxOjqEOgg%qDggAAzkgxin%Zw0nwzakgBfh1Dje$DHb%XFScgF8dIDHf%sOHf%qPIe%OQ4g^1Dnk%1DSo%nJSo%nJnk" /><g i="50" p="#^XGXg%dHFg3Kki3Kcj3K3ktJzkUI3lyINjcIviXGXg^SBsl%JLsl%HMtk%fOXl%hNwmiMBnKK8q%tJLp%PL1m%4F1mPD1mKCkm^BD5r%BDNv%4NNv%4N5r^sOvr%sOUvsONwxORx%4Nxy%4Now%BDow%BDYx%8CxyfChwfC4ufCTr8CLp%BDxq%UMxq%SNxp%ePWq^RJSc%UIldwLggrOrhnRCiQTPi%QT6jrShjTRtkfOcj5MshYJHfBIKd4Fyh8Cjjdz3l3xRl%ZwslNAvjFDVgyGje6Itb" /><g i="51" p="#^XG5rXGZszFnucENvLBNv$zNvJyPusxRtsxAssx_rRxyrey5rDy5rdz5rszyrHz_rHzhsHzMsvz6tjzrtjzLtjzku2AJuNA6vFB6vqD6vhE5u9F3t9FWq9F9peE5ojD0nNA0n%NAkmKCkmFDplBEtkBEPiBErhSDpg7DnfzBnfTAnf5AKfjz4gjzSgjzEhvzRhHz1iHzkiHzPivz6jjzojQyojryoj5y6jLxPiLx1iLxzg0zEfiAIeYBIeVDIe4FXffG9hfGvifG_jwF0lNE1mdDwmnFin9GAoXGRpXG5r" /><g i="52" p="#^bAld%xOld%PPac%FRjevQjeHOlfUMngzJJi%sKhj%nJUj%nJKl%5QKl%FRak%QTkm%nJkm%nJIvnJzxQGryQGZwBD5w%BDCvfGUv7HUv$HUvVHxu%VHkm%iAkm0zkmYxDm%3xKl%VHKlVHBjPHyh%aJqi%xOWd%qDWd8CWd4Bde" /><g i="53" p="#^hJFshJbwnJ2y%JHDyPHkuPHFs%IDFs%PCTs%1C5s%PH5s%PHvj5E5raxJu%3xkuwDXpXGQh%aBQhVzQhQy7i%Yxfh%PHfhPHBeJHtb%fKFc%hJrd%hJfh%WPfh%hRTf%dTQh%fKQhtNXpQT_r%QTnsZRusFRytpM8qMJQh%hJQh%hJ5s%bM5s%nNWq%8PFs" /><g i="54" p="#^eLhk9KLoTI5rCHrtYF$uiEzwlCzx%8CgxuECvRFLtdHTr8IEp3JpnRJ_j%yG_jXFllnFpmQGpnmHboVHZogHOpEGDqlGip2GZn9FPmiEnoPCXp%xCEpcEpndFekfG2hrGnf%4Fnf%$DBf%7DPe%3KPe%7LKd%OMnf%$HnfJHtgJGoj%MJoj%yKqi%bMHj^sObosO9pxObs%4NTsbNEpbNAo%bN6jbNrh4N4g%eP2h%sOQh^TQzgTQVeOQZb%XS1d%9SEd%9S5wgSFxcQly5Q3xbNuw%hN$vJPowiQewTQ5wTQ6v^iAlyoA6voALt%oAHjryJmgxZn%ZwOn7zakbA9hfB7eLBHb%VDSc%7DldzB2h4Bdi%rCPi%FBvj%FBXtFBCvLBFx" /><g i="55" p="%^_IQh_Iho0Qho0QQh^vHfh#vHrdqHtbMJzc_Ild_IfhPPfhBQ4ggSlhnR7inROn#nRSouR1q0QDq0QSo_ISo#_Ihw3JzxqHry#vHbwvHSoNASoNA1qjzPq#pz3ppzLl#pzqijzngNAfh^NAQhNAhovHhovHQh" /><g i="56" p="#^xCMuFBFsKyWq%QyDq4B5riCRrwDAs2EatBELtKEKuTEIv8EhwqDTwxCMu" /><g i="57" p="#^4F$i4FfhiEjgwDnfYBnfNAnfYz0g7zFg7zEh7zdiszCiOz$iOzojOzUjyz8kjznkQynkeynkUx1kzxHjzxVizxSg0zNftAIe8CIeuEIeBFTfJG2hJGPiJG_jbG9lFFkmuEpnFB8q8ARrDyytly8u%5E8u_E8uzFst9GMslGpr%XGpr%lGCv%gxCv%gxkuLxrtTy4s$zJqSBSowDbniEKl4Fhk4F$i" /><g i="58" p="#^KCRkBERkMFgmXGHnXG1qXGFsIFduuENvYBNvbANvPyMusxLtsxhssxIrNxgr7yPqKyPqjzPqvzcrHzBrHzTrHzuspzQs7z9t7zyt7zku2AJuZA6v1C6vBD6vqERtgFAsgFeqgFhoxE3nPDRllCRlfBRltAemHzDm0zUn%7yOn%DyVe%EGVe%lGng%jzng%VyPmVzslQA9lLBRkKCRk" /><g i="59" p="#^FFDl%FFJq%7LJq%7LDl^0MCvZNIv8PLvjQNvcQru%cQSg%ZASg%ZAFx%wzlyCzvvCzLt%CzhjCzfhwzif%4Bgg%gFggrGScyGtb%HIzcvHfdXFgg%0Qgg%IQcf%mStg%AR9h%AR$uMRsxqPeyjPzw0M5w^vM1qvMPqBMns%7LZs%7Ljr%FFjr%FFMs%cEmtiEWqiEooiERlcEak%FF3l%1L3l%JL3k%hNll%vM1m" /><g i="60" p="#^lxDl%xPDl%uR3k%DTem%TAemjzemeywm" /><g i="61" p="#^VzXp7DmpSFLo%XF9pIDLpFBDqCzvr0zbs%Fxeqly8qzzToNABnrCMkzBYkuAflpzylDykm%lxzklynkIzch4B1ezBZb%ID8d%PCxdtB_fQyzk%KCak$DEhuE_f%fGlh%zFJhPCDmVzXp^Rx$uDyQuuAfulCFt9Gns%fGMsBDXtHBWuOzUvdzNw^BIem%BIjq%HMjq%HMem^BIWq%BIpv%HMpv%HMWq^0MacROxd_Oge8P$evONfSNzgwNifbN1ePLmc^dHrykHUvkHvjyG3lNEvn%uEin2Gtk7HlhcIdeHItb%XKLc%9KfdGJqeBIXg%pQXg%MRBf%rTyh%ZNyh%ZNDl%0QDl%nRhk%XSem%ZNem%ZNjq%WPjq%hR3p%XSWq%ZNWq%ZNpv%TQpv%gS2u%WT$v%BI$v%BILx^HMyh%BIyh%BIDl%HMDl" /><g i="62" p="%^lK$v#HMhwtNbw#fO5w9O$u9OjrECjrECLxaBry#fB5wfBjvfBjroAjr#7zjr2yBraxJqfBJqfBfl#fB6jaBzgEClhJHlhJH1eLB1e#tA1epzjexyrd1PrdvQZbyS1e_I1e_Ilh3OlhROngpQyhxPdixPJqpQJqTRfpWTjrxPjrxP$v#DPLxnNry#tNlxlKuw^ECXhECXlJHXlJHXh^_IXh_IXl9OXl9OXh^ECwmECJqJHJqJHwm^_Iwm_IJq9OJq9Owm" /><g i="63" p="#^NExd%1Pxd%cQmc%TR7e%DK7e9KggMJJh%pQJh%uRtg%kTki%pMkiXOinWTto%WTSomSZo3SXpSNHnVLki%zJkiqHZnSBPq%FBxqrGPm6Iki%XGkiFFkiBECi%IDJh%hIJhNI_f3J7e%$H7eJG7eFFqe^XFNvPH$vEI2wtJ5wtJ$u%tJSotJPmnJKl%DLVm%KKBn%KKNvRKzxBIeyvITwXFbw^EGXpEGproGWs9GrunFJuBE$uYDGujDkulEptnFusfGRp^0MXpLNpruOAsePLtpOTuAN$vgNiuZMAsJL8q^1P8q%jPRppQDqxRErFSFsLSptRS8u9SZuuRNv1R1uBQhs1P8q^PD4gtB1qgByr4B3t0BAuZA5w0B0x4BYxOzfxxyzwdzGuVzMsmzesQyIrsxjr%sxWq7z5rsz0rOzWqhA5qNAfpqD_f^lx7i$z6jhARjAAzk5AplCzemaz9lKy3kaxqi^VyzcfB8dRBKdrCje$BofzBtgZAlfoAdeQySc" /><g i="64" p="%^SB9h#SBEdLBtb5EzcdDfddD9hJG9hvH9g_Irh6I7i#PHrt1Hcv#fGZwnElx#uE5wFB$uLBxu#HEjvjFZu#XFDuhGDs#EGDqQGJhdDJh#7DYkTCmn#ECLptBus#iAdvgx2yZwLx#dz6veAAs#fB1qyBpn#SBMkSBJhdzJh2yXhgx9h^mSyhmSbs#mSxurSGw5Rgx5RDuVLDuVLaxyKRx#DKQuDKNo#DKJiyKHf0MFgTQFgMRNf2T2h^VLfhVL2u5R2u5Rfh" /><g i="65" p="%^QG7eQG9hxO9hxO7e^QGJhQGflxOflxOJh^9Fmp9FGw$HGw$Hmp^aJmpaJGwVLGwVLmp^4Nmp4NGwWPGwWPmp^tFbn#zFllzFyh#zFKdtFzcQGxdmOxd1PzcvQEdPPde#PP3kWPpmxOVmxORlQGRlQGDmtFbn^PDUn9FLoPPLopQUnTRZobREpbRGwuRGwFSvv6UgxuEgx#dDgx8CzxfBGwVDGwVDeq#VDfpPDUn^iEHf#tBqqdBFr#ZATsWAEu#TAowWA3x#ZALxLzgx#xyNw9zTu#OzZsczqs#DyTraxvrax5r#Vyjrizgr#HzcreAnq#NAxpVDBf^sxXh#5A6jhAUj#tAGkXzpl#pz7m3z5l#Ky3kgx7i^jztc#aB8dVBKd#ECje8Crf#FBzg6Brf#AAje7zFc" /><g i="66" p="#^ID5sPDeqPDAkPDVeIDtc%9Fld%YJld%KKzc%0MPd%eLqe%eLPmeLLokLJq%3Kjr%3KWd%4FWd%4Fvr^QGtg%UIyh%cIdihISodHks9GNvmBly%aBYxBECvFFatJGJqQGsnXGakQGtg^6IhsXKduwLcv6MbwtL3xRKYxfKewGJxuVHAs^tNMsANjrANmp%ANJiANzgtNcf%DPgg%RO2h%ROmpROPqXOhs^_Qpv%_Q9g_QrdTQZb%XSYc%gSEd%gSIvgSNwTRmxuRYxjQlyDPTwnNbw%nNNv0QbwvQ8w_Q5w_Qpv^dDkimB1q0BgrHAusKAfuNA$vQAGwTAlxIzYwxyzw6zAuHzAs6z2sxyvr3x5r%3xJqQyWqfzTqHzPqeA_pNA9pPCdi^sxfhbAVikATjtARkRzlldzRlNynklyVigxyh^7z4cLBxd2CnelCcfIBUf4BzgDAbfbAPdVymc" /><g i="67" p="%^ECDmECGoPHGoPHDm^3JDm3JGo3OGo3ODm^ECfpECcrPHcrPHfp^3Jfp3Jcr3Ocr3Ofp^jPVm#jPJqqP_r3OAs3OOr3JOr3JXtmOXtJPMshRxu3Jxu3JTwBQTw3SvvJTsxAAsx#jzsxeyLxlxTwPHTwPHxuKCxu#tBxuoAQuwzXtPHXtPHOrECOrECnsfBTs#mBWqmB0p#mB6nfBflEC1mZN1mxOfl0Qkm^WCfdWCVeLNVeLNfd^WCufWCfhLNfhLNuf^1Prd#1P2h8PdiLNPiLNQhWCQhWCJizBhj#FBJhFBlf#FBYczBZb1DFcANFc9ONbJPSc^ZwNj_QNjmSvi$TnkHznk#VynkRxGk" /><g i="68" p="#^fG1i%fGYk%yKYk%yK1i^PL1i%PLYk%pQYk%pQ1i^fGyl%fGto%yKto%yKyl^PLyl%PLto%pQto%pQyl^hNMsROTsDPTspQTspQ5s%pQ3p%PL3p%PLrt%yK2u%yK3p%fG3p%fGLt%TEku_EIr_Edn_EJiTEtg%yGrh%KKrhyKTfvIIe%HIqelKIeVLHf%ROld%hIldXGldSFEd%_ELc%XOLc%PPTb%ARKd0QEdbM_fBMSgPLrh%cQrh%TQtg%mSyh%FRdi%FRAsMRduPPWuJPythN9t^QyYc%0zLcoArdcB7e1CPe1Cuf1C9gpBSgNAyhuAegbAVeQyYc^8CTs7D2uKETulGIvyKSvLO$v$Tpv%$TNv3Shw9SzxANzxHKmxPHax$FxwcEUv4DJuYBytsBCtZAFtXzNuVyUvryTw%ZwCvry8uTA3t%TARk%bARkVyRkRx9l%Zwhk%NAhk%mBhj%WCtk%8C9l" /><g i="69" p="%^yGacJGTb#cIzc0Jid#RJ1eOJGe#MJifaJKf#BI9gfIVe#VHEdyGac^PHNjPH7m8P7m8PNj^PHJmPHmp8Pmp8PJm^PHXpPHns8Pns8PXp^YJcjfKSgQGSg#zFSguE9hBDggbMgg#SNldsOtbpQSc#JP8dUOWd#3OIeUMggBQggTR$eDTSgPLSgyKcj1Pcj0QdinRBjpQhkpQGo#pQprvQLt8Pku8PZsPHZsPH2urGDu#yGcryGko#yGslrGqiVHcj^7zfcjzZb#4BScOBBd#xCjeuC5f#rCTfOBdg#aBzgNA9f#oAKd7zfc^8CFs#WCFtqEEu#XFCvgJYv#BMhwQTIvQT5w#gSow3Szx#tNFxrKmx#qH3xPFqw#cENvZCqu#LB3tpB6t#4B9tVzou#KyCvrybwaxQu#QyRtTAAsTAtk5Atk#QytkLxMkTwUjHAUjLBPi7Dak8CRk" /><g i="70" p="#^NA8qTAZnTAclTAqiNA_f%lCSg%VHSg%VH1e%TA1eCz1exyje%Fxrd%WPrd%hR4c%dT1e%hJ1e%hJSg%sOSg%qPTf%TQfh%0QQh0Qvn5Qfp%EOXp%EOSo%3JSoHIbsqHXtMJvvNMYvPPowQT$v%QThw9SNw3SRx9OLxwL6xUIuwJGJunF5wZCZwAARxlxly%gxYxHAaxQC4w_E$uSFXtHETs7Deq%qD1q9FbsrG9tXGhsdHirvHjqJHSo%fCSo%fCxp^fCrh%fCtk%VHtk%VHrh^hJrh%hJtk%EOtk%EOrh^fC3l%fCho%PHhoVH7mVH3l^hJ3lhJpmaJho%EOho%EO3l" /><g i="71" p="#^JGuf%zF9gCHlh2I4ivIPiPHEj7HtkQGljyGdigFng$D9huCXhZAJi0zvj%Qy6jECfh1F8fqH1dhIAb%YJ1d%3Jld%dHVe%LOVe%PPPd%ARBf%vQ_fGNCiCJVkzFbnlybo%eyOn1DVm7H3leLcjLOuf^hJfl%XKPm%YJ6nGJpnoIno%0Qno%_Qpn%FS3p%ARxpHMDuVHhw7DYx7yly%7yYxBDax2IdvvMgt0QZo%VHZouEvrOz9t%CzMsxCjrWECpkHUnhJfl^fGeq$HBrrIwsUIrt2IhudH6v0HLtQGnsXFxq" /><g i="72" p="%^YBrt#YBTw1C2yAAxy#HA$uHARtHAak#Vy0ngxLoZwAo#QyKlhAdi#LBIexCHbBEYcBDxd#1C9hzBqiKC6jYBHj^dHojdHkmLOkmLOoj^dHVmdHRpLORpLOVm^dHqqdHmtLOmtLOqq^dHXtdHTwLOTwLOXt^RJnf#YJ8dRJAb6MFckLfdeLnfDPnfTQ7eLS_feL_f7LPixOPiqPQhTQ6j0QHj0QTwTQTw9SCv$TsxzFsx#iEsxdDLxlCTwXFTwXF1m#XFRkSF1idHPiMJPiRJ_fXG_f#FF_fBEggIDnf" /><g i="73" p="#^3JJi%LOKd%rCKdaBKd5A1e%dz8d%RO8d%WPac%FRjePP7etJ$i%fKBj%hJ_j%hJCvhJzxJGryXGZw1D$v%7DvvtFUvHGUvVHUvPHdu%PHDlPHvjJHXh" /><g i="74" p="#^OzMg%9OMg%xPnf%uRlh%WClhLBlhHAEh^lxku%xPku%hRAs%DTWu%HAWujzWueydv" /><g i="75" p="%^JLif#JLldDLtbSNzc4Nld4NifqPifOQWdLSTf4NTf4NWq0QWqFRfpWTvriAvr#0zvrYxOr3xWqIDWqIDTfzBTf#iATfdz9glyifIDif#IDKdBDAbSFzc4F8d4Fif^4FTf4F$iJL$iJLTf^4FBj4FPmJLPmJLBj^4Fpn4FWqJLWqJLpn^4FOr1Hrt#fGytFDpv#4BgxRxlyFx2y#CzZwYB7v#iEgt4FOr^DKusXKbs#BQQuhRLv#ZRGwxRLx#5RQy0Qpx#XO$vDKus" /><g i="76" p="#^BDif9F4gvFSgSFEhaFeiuEPioEeiiEEh$DVgID9g1Dif%SBif4B4g8AYgdzQhRxJi%Fxki0z2hhAffzBrd8CAb%5EScwD8dfCIe%rGIe%CHxd%hJif^pLHb%nNYcHM8dwLIe%vQIe%FRxd%kTif%4NifmO_fQODgjPfhHO1i3OPiPN7iANrhnNSgbNggvMif%7LiflK9gLJOgaJrhPHvi%vHdinJ9g9KBeXK1dpLHb^oAXpZAbotBDl%WCDm%cIDm%cIHj%PCHj1CHjZA_j%5A6j%EO6j%DP7i%_Qvj%cQ_jcQPmjQHn%XOho%XObn%tJbn%tJeq%BQeq%ARfp%XSDq%3ScrFRFttRuuhRjvXQLvBQbw6QqwDPGwLOTwLOCvbMxu%bM8uLOQuhPNuPPJu3QbujQFtIQPq%tJPq%tJCvtJNwzJ2y%6IxycIGwcI2u%cIWq9GFtjDjvtAZw3x2y%ZwzxCzzwbCWuNEgtyGPq%FBPq%ZAIr%wzxq^tJHj%tJDm%XODm%XOHj^ECbnfChoLBeq%cIeq%cIbn" /><g i="77" p="#^hJ9hsK2hUKEhkLdidLVi7LBjuK4kRJzk0JjkcI3kRHhjvHviRHrhcIngXIsfGJweRKEd0MLcfMScvMYczLNdDKBe8KifGJ_fhJ9h^xO9hJP2h9QEhBQdivQVipQBjMP4k8PzkiOjktN3k7NhjOMvi7NrhtNngcOsfXOwe6QEdhRLcwRScMRYcRQNdWPBeqPifXO_fxO9h" /><g i="78" p="#^0zZo0zTr2Avt4B6vxC6v$D6vNE2uzFZszF1qzF4oKE0nVDXlKCXlFBXlJAzmOzbn0zZo^PCYk9FYkbGwmdH4odH1qdHZsOFnunENvxCNvVzNvxyOtaxOraxZnaxvjPy6htAIejDIeHEIewFuflGgglGSglGrh5GKhSF1igF1iNE1ixEOhiEyhiE2hiESgkEGgnEtgnEggnETf5EDfPDnf1DnfmBnfbAVg0zqi0zvnCzemDABlFBYkPCYk" /><g i="79" p="#^SPdvnRowaRAw_QNwkPFvGNxu8MGsDKPqoKOn9KMkCLni4N_f4Pze5R8d8RodbREdPPMesOTf7NXhPL_jPLcnPLqq4NesmO2uSPdv" /><g i="80" p="#^7FAswDDuBBLvHzTwEzDwCzow0BmvrCkuYD2stFLpgFJm4FHjLDHhrCHf0BweCzldEz6dHzScvB4ejDif3FHhQG3kMGinJGxq7FAs" /><g i="81" p="#^NI9h%NI3k%1P3k%1P9h^qH7mvHhkvHphvHweqHmc%NIfd%ROfd%xPfc%_Qld%jQWdjQBjpQ3l%1PKl%1PGk%NIGk%NIyl^$Dbn%OQbn%3SXl%WTOn%HMOn%HMcr%5Qcr%bR8q%RSOr%HMOr%HMNvJPuwWTUv%WThw9STw9SRxUMLxUKuwUIdvdHAszFbwxCry%lC7yVDzwaFburGOrEGAo%HIRp%VHeqCHjrqH5saJrupLpv%pLOn%dHOnXFOnTE4o^NIPd%NIzg%1Pzg%1PPd^LxIvjzUveAYvaB$v4BWu%4BUnOzGoKysp%ey8q%3xno7y4o4BPm%4Byh%dzyh%2yJh%gxXg%4BXg4BxdZAAb%dDFc%lCld%lCXg%wDXg%BETf%fGyh%lCyh%lCem%FFGk%SFYk%lCbn%lCvvlCgxoA2ytA3xLx5w" /><g i="82" p="#^4Bin%4BBr%tFJq%tFin^JGcrJGCvQGlx%nFeytFvvtFvr0zgteyku%gxnsrybsOzTr%OzPd%0zPd%2y1e%gxfd%rGfd%CH4c%nJPd%JGPd%JGqq%GJRp%MJeq^4BPd%4BXh%tFXh%tFPd^tFvi%4Bvi%4BJm%tFJm^qHHf%JPHf%vQIe%gS4g%nRFgWPPmLN0rjQxuQTvv%QTUvyS5wTR3x1P6v4NbssKUv1H2y%QGLxfKJuiM5rfKKlMJgg%3Jgg%cItg^fKggeL7mZMLpRODlPPgg" /><g i="83" p="%^fGGoROGo0QvnMRfppMfppMNvOQNv3SxuWTowvHow#fGow9FGwiENv1LNv1Lfp6Ifp1Hsp^KKUj#JHPm4FboTEUn#hI9l3K1iJLBj^ZM6jbNPi#5Q_jaRJk#gSsljSem#mS0nSRCn#nRboBQGm#PP9lZM6j^pQ6jhRSgqHSg#qHJhjHgi#dHPiHG2j#9GhjCF2j#4FPiUFRh#JGSg1H5fqH5fqHgghRgg3SifDTSg#rSSgIQhj^MJtcYJac#0M1dKMxd#tN1ekNIe#bNnfKMKf#iM4gRL6f#pL7eMJtc^FFylrCvnrC$v#lCzxAAry#AAlxzxowzx$v#HzownAhw#4Bbw4BQu4Bbo#lyLp2yjqTwAo#2yho4B0n4Byh0zyhRxJh3xXg4BXg#4BrdZAAbqDFcrCrdrCXgdDXgcE_fMFyhrCyhrCwmtF9l" /><g i="84" p="#^wL7iwLqepLtb%LNzc%UMfd%UM7i%WP7i%5RXg%RSJi%UMJi%UMno%_Qno%9Sbn%WTZo%UMZoUMowZMRx%pLxywLLtwLZo%dHZoXFZoTEfp%$Dno%wLno%wLJi%kHJi9GslHEpn%nEbntFYk5GJiJGtg7HPd%aJVe%oIuf$HzgvH7i^4BxyaBvvaBRt%aBvjDyinaxLo%TwtoFxpnGyKlHz3kZAkhfCBedDtb%gFSc%uErdECMg1CQh%jDJi%xCoj%xCytxCjvECFx" /><g i="85" p="%^LNlljDlljD7mSBJm#YB9lYBEh#YB7eSBmcjDfdANfdsOfc0Qxd8P7e#8PhkePRlLNwm^jDJhjDMkLNMkLNJh^jDPdjD9hLN9hLNPd^0zbo#mBEpxCTq#ID5s0Dwt#lCWuLBdt#aBvrQyto^9KNv9KwmpMHnwLnowLku#LO5rvQpnmS3p#nRfpPP3r#fOTswL$uwLNvPPNvhRkukTowNAow#wzowryGwzxNv9FNv#9Fno4FpmqHBnyGboyGNv" /><g i="86" p="#^bAKd%ZNKd%qPfc%nRje%qDje8Cje4BBe^ax3k%vQ3k%ZRCi%WTGk%hJGk%hJpvnJzxJGlyyGGwjDNv%jDpv9GIv_GFvPHCvPHru%PHGk%oAGk7zGk2yYk^jDDm%tF4o%uEtomBgtlx5w%3xNvaBOrjDDm^VLbnDPXp1RirrSFsuSrtySdu3S6vAR$vXQAujQ9t1PprLNEpDLvn" /><g i="87" p="#^qDmtnFDqMFRn9G3l9Gti9GTf2Gxd%qHjezJ1e5MvdEOYcPP4c%hRWdePWdWMgeDKBevHPe%vHPi%ROPi%PPQh%hRhj%pQ_jXObnSNLo5RPqAROr3SMsGRvthRduOQvtjQMsqPLrxOJqhNEpsK9tMFQu%FFruRJhsbM3ptJ0n6I7m%hIRlsKVmOMbomODl1Poj%vHojqHxqBDFt^OzLc%5AtcFBxdlCje1D5fTCNfKCtg8CVgzBlhgBQfZAjeOzLc^rCFtdDkuTE6vyGUvwJ1wvMbw7P1wMRUv$TIv%6U$vgSzw3SFxLNFxWKyx6IsxlGMwBE5wmD7v8C8uOB5utB2uoA7vjzbwxylx%gx5wxydvaBFt%aBYk%iAYk0zYkYxfl%3xnk%ZAnk%YBoj%jDMk%rCll" /><g i="88" p="%^zFvjzFZokLZokLvj^cEIr#iExpiEYm#iEnkcE1iFFVieLViVL1itN6jHMNj#HM9pOMJqkLjrkLxpzFxpzF5r^uRweuROr#uR2uARZwcQzxcQCvTACvTAsxpz2y#wzpvwzon#wznfpzLcTAEd5QEdIQFcgSKd^TAdeTA$ucQ$ucQde" /><g i="89" p="%^cIxy#hIowhI$t#hIBrcILpzJxqiMxqiMDmJHDm#1HytxC2yfCLx#nEWuvFmr#EGOnGG3j#JGjeEGfc6I8d5Q8dTQmcgSEduR7e#uR2hARqicQ$icQQh$HQh#$HHjPH1miM1m#iMakbMqimOojAN_jAN1mOQ1mTRYkxTDmANDmANxq5QxqTQEpgSWquRvr#uRpvARzxcQlycQhwzJhwzJYx^$HKd$HfhcQfhcQKd^zJ5rzJIvcQIvcQ5r^xCpmMFzkXFYkxCvnxCpv#rCaxoAYx#AAZwYxUvYxvv#5AUvDARv#aBNvaB6vaBbo#ry8qlyJqTwZo#sxSoaB0naB1iVy1iLxdiZwrhaBrh#aBrd4BNbjDYcxCEdxCrhBDrhTEnglG1ixC1i" /><g i="90" p="#^BEEdcENjPDKl2GvnZGAoVHEpVHxqVHprjHYrJGus8GDqzFLoIDkmECPqZAgtjzIvzxlx%gx3xpzruxAVrFBmplCIl1D1i1DTb%tFYc^BMKdpMlh7NVkSNtoGPOruR6v$Tbw%$Tzw9SNwZRzxcQNv7PBt3OprkNZoBMwmbMviVLHnEKGqnJFtgHvv9Flx7Dry%PC7yHETwfGdvPHytHIBrzJEp2KvnyKllNKqi1LufXKNb%tNYc" /><g i="91" p="#^JHvjJHYcCHNb%YJSc%3JEd%3J9hXKtg4NffeP1e5Q1d%ARVeOQVeOOHfOMtg3JEh%3Jhj3JzkyKtk%jQtk5RnkhRBjuRPiFRng%3Sng9SXhiSSirSNjkT3kLSyl5Ryl%zJylCHDlJHvj^nRLo%nR6vnRUvuRsx%0Q2y%0Qbw%hJbw%hJzx%PHeyVHCvVHosVH9pPH0n%hJUn%PPUn%vQVm%9S4o^hJto%hJOr%0QOr%0Qto^hJns%hJCv%0QCv%0Qns^FBlhFBrdzBAb%VDLc%1Drd%1Dlh%iElh%tF9g%dHXh%1DXh%1Dpm%lGGk%yGYk%1Dpn%1DIv1DsxZAlyZAax7yhw%7yUviAbwZA8wFB5wFBQu%FBboiA3pQy8q%xyJq%gxZoryAoFB0n%FBXh%AAXhjzXheydi%lxlh" /><g i="92" p="#^ID3pjDjq7Djr5ETsmFVtEGWuPHjv%PHfl%lCfl4Bfl$zyl%7zGk%mOGk%JPhj%FRfl%aJfl%aJ1q%AN1q%ROLo%IQDq%aJDq%aJIvVLbwyO8wbR5wkTUv%kThwFRzwhRRxbMLxIJcxdHGwIFmvcE2uWCTr1C8uZAzvVzZwLxry%zx7ypzownAxumBFsHBSq1C3p8Cbn%uEno^EGTb%QGHbHIFcnJrd3KdedJbfoI9g8IReVHxdEGTb^8P$i%pQzg%TAzgZAPi8AfjjzHjGyfj2yPi3zTh5AXgtAIe%TAIe%TA_f%cQ_f%hRVe%XSSgARSgqPcj" /><g i="93" p="#^3KZo%3Kpv%vQpv%vQZo^JLtb%SNSc%ZMldYJPiNIak7L3khRUjjQ1iEOgg%XO_fRSCieTHjDTMkXSElgSwm0SOlMR3luRnkhNGkaL6l3JylhIem%7HakcINjpJyhDKifJLtb^TRmpTRbwZRgx%vQYx%vQ$v%3K$v%3Kzx%BI7yHIGwHI0tHImpBIvn%3Kno%jQno%_Qpn%FSGo^SBdiaBtkwz8qfBJqKCjrcEZn4Fdi^$DLc%7DldKCBeYBEh%_EEh%FFMg%dH1i%rGCinFto$DOrSFMslGptQG2uAGdvlGowwF7vHERtwDTs4Bowsxly%gx2yHAjvlChsVzWqeyjqpzpmtAdi%iAdi0zdiYxvi%3xEh%AAEhzBrdLBHb" /><g i="94" p="#^JPsp%JP$vJPRxGNxyANlx9Kuw%9K$vtNowVNewmO5wmOCv%mOsp%qHsp9Gsp4FLp%cESo%mOSomORlfOGk%vQRl%JPpm%JPSo%TQSo%3SHn%QTsp^CHeqnJprVJ8ssKTslKttfK2uCJAu_I6vHICtoI5skHqq^XKld9KdetJcf%PPcf%IQje%9SNf%hRggDPqiiOEjZMRkxKkm6IOnuEto%uEbo$H6n_KWkZNJiPPNf%3JNfBIngcISgnJyhYJ8iyKJirKmjlK_jPJnkhJMk4JLjUIJi$H9hJGJiHEnk%uE3kJGyhXHvfaJrdRJtb%VLYc^sxng%Lx9gVzEhrAqiZAcjTAXjNAGkeA9lHzDliz7kVyCisxng^fCrylCNvlCUnmB3p_zNqDyuslymt%NwTrzxvraz5qNAGolC0nlCdefCTb%nE1d%BDWdBDMsBD8uBDvvIDFx" /><g i="95" p="%^HIUnHIBrePBrePUn^dzLt#jzTrjz7q#jznodzDmNAinkHinkH3kSB3kSBMkiAfl#oAvjoAQh#oA9giAweYBnfkHnfkHqe#kHYcdHtbMJLcHIrdHInffOnf1PqeBQHfJPggJPdi#JPvjPPzkmO9lmO3kHI3kHIin1Pin0QkmARHnBQho#BQBrIQZsePrtePbsHIbs#HIGwNILxdHry#kHowkHbsNAbsNA3t^SB_fSBvjkHvjkH_f^HI_fHIvjmOvjmO_f^NAUnNABrkHBrkHUn" /><g i="96" p="#^UITbfK1dTKNdwLweCLcfJLTf_KJgfKyhYJHfGJPdBI4c^OQld1P_fLNXh%5QXh%nRFg%8Tvi%bNvi%bNBn%TQBn%gSkm%$Tbo%ANbomOcr9QvtZRNv$Tuw%$TTwmSTwTRRx0Q5wKOzttN0rbN4oZMvr7LbuhJTwXFey%MFYxBIbw9KEtJL5rPLbo%UIboCHboyGto%FFBn%PLBn%PLvi%MJvivIviqHPi%yGXh%bNXhEO$exPtb%MRYc^nFpr%PHJq%VH5r%nF_rnF$unFLvnFuwtFsx%$Dey5EIv5Eus0zkueyjv%gxmtKy9tjzZs%jzwe0zweYxPe%3xWd%tFWd%EGLc%hIwe%nFwe^AAwe%AAVi%5EVi%5Ewe^AAvj%AABn%5EBn%5Evj^AAFs%5EOr%5Ebo%AAbo" /><g i="97" p="#^fKBr%fKDl%9KHj%wLtk%pQtk%pQBf%UMBfDLBfyKTf%GJ$e%cQ$e%OQ1e%mS$e%FRHfFRnkMRKl%pQkm%pQ3l%wL3l%wL5rkLTsOMMs%TQMsTRFsZRVq3S9p3Sbo%ySboySXpKS3rXSbsQTus2TXtbRRt%pMRt9KXtfKBr^qDTfqD8djDtb%tFtc%HEfd%HETf%fGTf%vHIe%_Itg%HEtg%HEtk%XGtk%6Ihj%MJ3l%iE3l%FFRl%TEwm%TELp%yGLp%PHAo%nJjq%TEjq%TE6vCHhwYLqwjQzwWTbw%WTzw9STw3S7yePeyzLXxVHFx0Fuw8CjvoAAsdzhwlxry%3xeyQy6vfzFrHzboHz0n%SB4omBho6B6pTAXpAA_r8CRtBDDu%BD3l%bA3lpz3llyll%sxtk%qDtk%qDtg%mBtgAAtgwzMg%DyTf" /><g i="98" p="#^CHxyJHDuJHhoPDWulxzx%gxaxdDLtEG6n%iA6n0z6nYxpn%3xwm%JHwm%JHtg%8CtgTAtgOzMg%VyTf%JHTfJHKdCHob%9Kzc%aJfd%aJTf%8PTf%vQwe%rStg%aJtg%aJwm%XKwmbNHjfOSg%jQqi%jPJinN3lwLwm%jQwm%MR3l%QT6n%9K6ntNmtWT$u%WTpv9SpvMRzw6MytGJ6n%aJ6naJUvhJLx^zBfhcECiQEojtFakNEpl5EDmvD0lWCojfByh" /><g i="99" p="#^7Dld%$DtcCHKdoIffaJMgcK_jeLbnPNDqpQ2uWT6v%WTvvgSvvnRNwXOWuhNKsDLxqBKhozJ1mHIJikHbnNEMqfCku3xFx%TwgxfBRtRDUprGXlvHXgPHNfBGVenF1e7Dld" /><g i="100" p="#^kHRkkHLoqHqq%XF0r%XFRp%4BRp%4B0r%CzIrHzspHzjnHz9lCz6j%fBUj%MFUj%EGVi%$Hhk^4Btk%4Bfp%XFfp%XFtk^nNNbJPFclQid_QWdoQPePPHfaPzexOrdbN4c^dTBr2TJueTOvrTTwJTCx$TlyzRgx8PbwHMZszJUvTE2y%HEFxnJ$u0MIrfKtoYJMg%TAMgCzMgxy2h%Fx9g%RJ9gRJ7eMJNb%bMSc%kLEd%kL9g%jQ9g%FRPe%DTMg%pLMgJLHnZMqqLNfpuOmnePslPP$i%3Szk%5R9ljPspLNTreP2uZRNv%RSBr^gxdujz8uMJhs%RJFsVyvveyow" /><g i="101" p="#^FF3l1H6joI9g%rG9gtF9gnEtg%wDBf%BIBfzJrd9Kob%bMLc%eLfd%3KBf%JPBf%bRde%XS9g%RJ9g%1Hyl%RKylRKNjKKJh%bNCi%6Moj%6Myl%LOyl%0Qhk%MR7m%6M7m%6MRp%vQRp%ZRto%JTqq%6Mqq6MMsbMQu%KKpvRKZsRKqq%fGqqnFqqiEJq%qDRp%RKRp%RK7m%1H7m%2G0n%HEsl^QyFc%7ztcTAxdvBge8C$e4CAf1C9gpBLgNAlhrAQf5AjeQyFc^lCTs7DLtHEDufGvvgJIviMUvXOOvARIv$Tpv%$TNv9ShwZRsxANsxKKjxVHax2GrwcEIv6DAu1CrtBBrtaBrt5AJu0z$vQyGw%gxjveyxuZAMs%ZAMk%iAMk0zMkYx3l%3xak%NAak%zBcj%7Dtk%lC9l" /><g i="102" p="#^MFif%5Qif%bRde%RSTf%NITfvHTfEG9g^6IggfKJhBKqiXK6jfKRjzJzkgJlj_I7iPHtg^wLpm%9KZo%bRZo%mSOn%$Txp%WPxpsOFstNRtqPxuNQgv9S$vvSJwRSsxvS_x9SxyhRBxpQGwtP4wxOvvOMJueL5w1J3xQG2y1Dly%1DYx4FFxgHQwtJ$vwLduhJmtEGTsCHcrBIxp%4Fxp%cELp%qDZo%NIZoMJJmlKYk%2GYk%9F9l%nEnk%BMnkZMvjpNqiSNlhfO_f%cQlh%jPyhZNvjbNnk%OQnk%ZRcj%JTYk%yKYk%iM1m^6IAsfKZsbMrttNOrmOxp%YJxp3J0r6IAs^3KAbPLzcrMbd4NPdoMIeJLBfnLqe1LfdMJNb^rCDm%9Fsl%nFKl%rCvn%rCNvrClxtAeyHAax2y5w%2yIvbA5wGA2waB$vaBdv%aBboxyLp7yjq%TwGoDyboaB6n%aBEh%7zEh%YxQh%ax2h%aB2haB1d4Bob%dDtc%rC8d%rC2h%ID2h%NE_f%rGEh%rCEh" /><g i="103" p="#^fGHb%lGobVHZbuIqc3JSc6JsdaJ1eHIwecI$ePHXdqHScfGHb^FxVe%5RVe%gSKd%WTuf%TAufCzufxyNf^HM5w8PowJPrwjQuwjQIv%jQ4o%NA4o%NAzx%pzeywzjvwzqswzxppzDm%NAvn%cQvn%bRwm%ySUn%FRto%FR5wFR3xnRBx5R7y0QxyDPaxHMuw^ECwmKCYkKCvjKC1iECzg%cElh%pMlh%hNtg%xOJh%SNdiSNzkZNRl%BMkm%BMfl%5Efl%5EXl^5EXh%5EGk%BMGk%BMXh^vMPqvM9tBM$u%eLCv%eLdu%nFdu%nF6v%$DNv5E8u5Eus5EPq$D9p%nFRp%1LRp%VLZo%bNeq^nFqq%nFFt%eLFt%eLqq" /><g i="104" p="#^OBctECLtACHuxCCvIB4wTAzw2A4wdzCvazEu7zFt2A9tZAFsOBct^SBlnKCOnKCQoKCRpIBhqHAJqVzbq7zEpazJodzOn5AmnZAVmSBln" /></glyphs></font><font id="30" name="Arial"><glyphs><g i="0" p="%^Qx$vQx5ebA5ebATt$ITt$I$v" /><g i="1" p="#^5GouTErvLDSvDChwkBhwbzhw1yfvUwcuUwAsUwDrkxRqMx2qtyApaz5p2ARoHAHo$BwoFEcoWFMnWFjnWFbnWFRljFiltEykOCykfBykwA5lNzDlqz0n%hxKmzxlleyvkVyFjaAcjsBKi7DKiNEKiPF7jSGwjlH6kQHIk1ICl8Iam8IDn%8Izq8IDthIruqIfvQI$v%yG$vcGjv5Gou^WFupJEZpkCjqZAwqpAMqRz$qxztrezXrezwsezotUz_tzAzuSBzu7Dzu6E$t5FrtzFusWFLrWFiq" /><g i="2" p="#^Gz$v%Dx$v%Dx5e%Qz5e%QzukdBKinDKiAEKiEFdjIGIjoHAk5IsluIHmTIVnTIjpTIEsdHtuAFhwgDhwZAhwGznu^EzppEzLrhANsjBuu4DuuxEuuAFetDGZrDGvpDGYmCFLlCEykbDykKBykHAOlEz2nEzpp" /><g i="3" p="#^1D$v%6w5e%Gy5e%jD5rTDFsfE1uGEzsdF5r%3K5e%tM5e%tF$v" /><g i="4" p="%^ky$vky5eHA5eHA$v" /><g i="5" p="%^Zx$vZx5eVK5eVKcglAcglAHleKHleKOnlAOnlATtkLTtkL$v" /><g i="6" p="#^2B$v%iw5e%Ky5e%sBQpUBGrcCutUCDq0Dbq%qG5e%hJ5e%RL9nOMxqeNutANOr7OBp%WQ5e%jT5e%pO$v%7M$v%lImiTHEgNHfgvHuhgHmi%tD$v" /><g i="7" p="%^jF$v6D$v6D_h#jCLi0Bwj#KzgkJyEkJyvi#zAFhXBqg#jDbfUD1ejF1e" /><g i="8" p="%^$viwbBOdXCOdMxiw" /><g i="9" p="#^AITt%AI$v%Lw$vJwcv$wtusxgtsy5sszWqkBnpfE_mgFBliGbkiGXiiGEhmFLgqERfWCRflBRfoAOgrzLhqzrj%axcjoxGgVymfqA1eZC1eyF1e2HsfyITgyI_iyI3k6I6lGH8mFGinEFrogDrqiB5sKAHsaAhtOzTt" /><g i="10" p="#^2xgr%ezZqDzRsxAGtrBuuLCuuiEuumFqtqGlsqGLqqGeprFgosEhnWChniChnnBwn%DBBlRBClZBClnDClvEUkDF9kDFDiDFqhOEDg_DQfHCQfpBQfyAEgHzrhsz2j%gxFiGxsg5zffwA1eEC1e6E1elFFeAGhfdHngTHshTHGiTHQjfHNkEGKlqFim$GGmTHQnMIZoMIIqMI2t2HHulFjwKCjwnAjwPyVugxvt2xgr" /><g i="11" p="%^4E$v4EIrjwIrjwHptE5egG5egGHpHIHpHIIrgGIrgG$v^4EHp4EDhtyHp" /><g i="12" p="#^Wx$v%Wx5e%4E5eaG5egHmePIIeUJEfjLQg0MHiJMykJMYmJM_oeMzqML8s0LathKcuoJOuvInvfHHv$F$vnE$v^iATt%6ETtTFTtTGytUHdtvIDskJNrOJmqhKXohKVmhK6kmJCirI5h6HAg9Gcg2Ecg%iAcg" /><g i="13" p="#^Yv$v%PC5e%nF5e%IM$v%$J$v%WHAq%rAAq%ty$v^7BEo%bHEo%jFHjtEqh2E_fIDIh4Doj" /><g i="14" p="#^Cx$v%Cx1j%Bz1j%Bz$klACj_AajDBKipCKiwDKiFErj%VDul5D$kiC$kAB$k$ArlqATlaAEmPzPnPzcp%Pz$v" /><g i="15" p="#^yx_A%ixVy0y7zzy7zhz7zJzTyaADysAbyFASx7BywbBnwjB0w%ow1j%My1j%tBxq_BZrpCxtNC1siDAq%4G1j%gI1j%lDdwyCly6C9zwBeAMAKA0AfBYyfBkyfByx_A" /><g i="16" p="#^1xjr%lz5rBzOsxAEttBuuNCuumEuusFitzG5szG7qzGeovF9nsE3mLC3mHB3mQAymZz1nuzOn%qxxn%9zle%2Ile%2Irg%VArg%YzflzB7kkD7kGF7khHLlUInnUIWpUImsuH7uMFiwNCiwlAiwOyXufxzt1xjr" /><g i="17" p="#^rIui%fGFiXFmhqFMgxEQfdDQfaCQfnBqglAahKzDi8z3k7zMmVzzl2B_kcCoktDokFFokcH0mLIDnLIbqLISr0IjtiHMu0GxvLEiw8DiwpAiwGyhuXwfsXwDnXwriRy4gwA1emD1etF1ePGdf9IogrIui^szbqszkrXznsqApthBYt9Cuu6DuuvEuuvFntvGfsvGjqvGsowFonxEkm1DkmxBkmuAonszsoszbq" /><g i="18" p="#^axrg%axke%MIke%MI1g2HShmFTkHDUnNC4r7CjtXB$v%Gz$vJzTtvAUqiBVnNC7lgEliXFrg" /><g i="19" p="#^pAhm2zNlnySkJxXjJxEiJxHg7zmfxA1eSC1ecF1eDGof3ILg3IIi3IXjpHSkMGNlqFhm4HQmXH1oOIdpOITqOIataHKuyFiwVCiwfAiwDyKu$w9t$wPq$w4pUxVnNyJmpAhm^ZzziZzQjNAEkCBslVCslbEsl$EFkPFRjPFHiPFuhZEFg8EQfUCQfDBQfOAEgZzrhZzzi^gzQqgzMrIzFs9Axt1B0uVBuuWCuuvEuuwFutyGtsyGVqyGjpuFhorEenSCeniBenhAgogzipgzQq" /><g i="20" p="#^lxSr%tzFrKz8tuAPtfBuurCuusDuudE1u_EztsFOsXF0sgGIqCGnpCG0oCGSnBGznXFDoOEhpFDWpkCWp6AWpzyjo1xIm1x3k1xlhDyHfeA1eFC1epE1eRFZeiHVf2IEhOInjOIGmOI6q2I8sjHauQFevmEiwoCiwiAiwYy8vDxZtlxSr^mGYjmG3ilFYglERfWCRftBRfnA2hhzeihz8khzRljAVmlBZnSCZnnEZnmFVmmGRlmGYj" /><g i="21" p="#^1xan1x$jHx3ily7gDz4fVA1eSC1ejE1eoFCeuGbfbHhgUHnhiIXiIIvkIIanIIjq2IfspHbu6GfvQEiwSCiwhAiwOyru1xcs1xan^hzanhzArjA1tlBuuSCuunEuupF1trGzrrGanrGLipFihnERfRCRfkBRfqA7hhzMihzan" /><g i="22" p="#^Yx$v%Yx5e%UF5ehI5exJAeNK3fwLhggMvhgM_igMUk1LcmOJvndHRn9IioFIKoHJHpCK7r%KN$v%LK$v%nIgslHFqGGPp$FYotFCoXEgonE7o_D2o4D2o%kA2o%kA$v^kA$l%qF$l2H$lYHGlTIkllJBkQJRjQJ_iQJIhVIUg_H4g_F4g%kA4g" /><g i="23" p="#^QwwpQwVlQyakvAKiVCKiAFKigHukZIemZIkpZIQrdIgttHIu1GvvBEhwVChwaAhwvyyuQwOsQwwp^4zwp4z$r9AftfBuuVCuuxEuuCFetIG_rIGrpIG1nCFOlxEykVCykfByk9ANl4z0n4zwp" /><g i="24" p="%^1A$v3w1jly1jpAwqaBit#dB5tRBDqVD1j9G1j6IyqLI1tvJxqJL1jRN1jOJ$vvH$vsFeoYE0mkC$v" /><g i="25" p="" /><g i="26" p="#^Ex$v%Ex1j%Dz1j%DzTk2BKiLDKiWEKiUF9jTGAjmHgkSHXk2IUlaIvmaI0o%aI$v%_F$v%_F6o_FMmJF6mtFrlPE2l9EEkhDEkTBEkSAxlRzpmRzVo%Rz$v" /><g i="27" p="#^2G$v%2GmuPEhwqChwTAhwAzrvhyAuzx2tRwwrRwwpRwAnux$l7yqkqzAjKAKikCKivDKipEejkFJjVFwk%VF5e%5I5e%5I$v^6zwp6z0s9AftcBuuECuu4Euu4Fjt5G7s5GIp5G2n3FOl1EykxCyk4Byk5ALl6zYm6zwp" /><g i="28" p="#^wGPr%NI5sfI5uOGbvlFhw4DhweAhwzyxuVwNsVwDpVwlmByykhAKiZCKizFKicHwkSIhmSIupSIHpRI4q%az4qizcsnAlttBuu5DuujEuu9FRt0GctwGPr^izgo%yGgooGDmIFPlFEyk_CyktBykrAzlpzzmizgo" /><g i="29" p="#^aw$v%VAfp%xw1j%hz1j%fB3mQBXmaCwnICJm9D5m%lF1j%ZH1j%uD7p%jI$v%CF$v%YCZr%fCTq%Ry$v" /><g i="30" p="#^rC1u%LCZvQB9w5B9wVz9wezNvAypvjyOu2yau2ycs%2yKk%rwKk%rw1j%2y1j%2yPf%eAve%eA1j%rC1j%rCKk%eAKk%eAjseAgtlAxtsAOtJAYt_A6utB6uRB6urC1u" /><g i="31" p="#^5Gfr%gIxrVHMtrG1v_EhwSChwcAhwAyyuZwPsZwzpZwsnFxUlmyjkNzxjcBKiTCKi_EKikGPjGHTk2IRm%WFanCFSlQEcl3EykZCykiBykgAKlezWmezvpez6seAiteBuuRCuu8Euu$EHtTFUs5Gfr" /></glyphs></font><font id="40" name="ArialBold"><glyphs><g i="0" p="%^Vx$vVxfewBfewB_svK_svK$v" /><g i="1" p="#^lA_m%expmMxyk2zEjkAKiSCKi8FKigGhjoHQjRHGkjIvljIKn%gIKrgIrtrIfuCI3v2J$v%FF$vxFFvkF_ufFGucFAukErvkDSvkChwbBhwbzhw1ycvUw6uUwssUwmrpxvqXxDpTyapQzJoCBno0EWnXExn%XEbnXEcmsENlZDmlCCmlHBmlaBJlGA4mlA_m^XEMphE_pRCiqqBBq_AUqjAmrjA5sjAPsRAltoBTtdCTt8DTt_DgtCEOsPE7sXEHrXEsq" /><g i="2" p="#^Ex$v%Ex5e%4B5e%4BykFCKiQEKicHKiLIskiKamiKnpiKIsJIvu8HhwTEhwMDhwHCKvCBavQA5u%QA$v^2Bep2BfrHBcsACAt2EAtbFAt_FCsNGErNGxpNGknZFlm9FmlWDmlHCmlSBkm2Bhn2Bep" /><g i="3" p="%^nC$v_v5eVz5eqElrPI5eEM5eeG$v" /><g i="4" p="%^Ix$vIx5ejB5ejB$v" /><g i="5" p="%^Px$vPx5e4L5e4L7hqB7hqB5lpK5lpK6oqB6oqB_spL_spL$v" /><g i="6" p="%^lA$v4w5eNz5etCoqLF5e2K5ebNBqWP5ezT5edP$voL$vQHCigE$v" /><g i="7" p="%^ND$vNDosswosswopdE1e5H1e5HnpkJnpkJos5Hos5H$v^NDnpNDgjGznp" /><g i="8" p="%^YN$v0K$vsIWriBWrQz$v$v$vZC5eNG5e^iHVoQEgipCVo" /><g i="9" p="#^4B$v%Ex$v%Ex1j%QA1j%QATkEBzjiC9jYCKiNDKiYEKi1Gnj%_Enm6EPlmDPlECPl8CdmEBCmmBFn4BHo4B_r" /><g i="10" p="#^9w1j%Pz1j%VCes%XF1j%vJ1j%WEvv%5EMxEDUydDuzPC5AhCtAMBRA_A2BdAfBezfBfyfBix2B%$wmyOxwysywyEzwydAPxOA6x5B1w" /><g i="11" p="" /><g i="12" p="#^Uwaq%pAQpKABrIBrsGCgtjEgt3GgtXGxsQHNrQHOqQH9qsHJp5Hgp9GXoxFJogD9omArnbzomyxVkyxNiyxqhjyeg5z1fyAqe0COd4EOdrHOd8JhfRKLgXKdj%kHnj5H_hkGohzFNg1ENgtCNgABqh$ARh$Ayi$AajxBDjdCckREQkuHslLI7m0KNmKKXnsL4psLNqsLjsBKFtKJ$uaIFvCGjwhEjwUAjw3zLufxatUwaq" /><g i="13" p="%^NxghNx5edB5edBgh^Nx$vNx1jdB1jdB$v" /><g i="14" p="#^pw$v%pwjt%fBKntCnm1DOlrCRltBRl%UwTl%Uw1j%BH1j%BHsl%ECar%VA3tkC_sGC_s%_H_s%_H$v" /><g i="15" p="#^iFSr%JIrs2IjuDGivcFhw4DhwHzhw3y4uNwjsNwCpNwomtyzk9AKiKCKiDFKiiHFkZIzmUIvq%iAvqlA1s7BTsWBJt6DJtWDJttEht0FRsiFSr^uFposFVmJE8m_DmlXCmlPBml4BamlA$mmApo" /><g i="16" p="#^jG$v%jG2uCF5vsEHviDhw0ChwJAhwGzJvEy8vay6uJx3tJxer%Jx1j%8B1j%8B_o8BJrkBlswBYs0CjtwCGtiDGtaEGtSEbtzFIsPF$r4Ghr4Gvo%4G1j%vJ1j%vJ$v" /><g i="17" p="#^zwis%0AMreAMsVAitABPtOCPt7EPtOEjtfF_sfFpsfF0s$ELrLEwrSDjrHzoqByDp2xAo2xJm2x1lnyUjJzKiwCKi9FKisGCjMHtkfIam%0FMmPE$ldEClEDclACcldBclDAAleARleAhmeAEmAAUm2BenNDSnxGuoCHopHIiqHIXrHIJtbH$uIFhwOChw8AhwBydv2x8uzwis" /><g i="18" p="#^KD1j%KDMl%oBMl%oB_qoBAssBRswB5tLBgt$BrtlCrtPCrtJD6t%0EMvPChwiBhwnAhwDzZvUyFvxyavbyGu3yQtYxetYxqr%YxMl%nwMl%nw1j%Yx1j%Yxsg%oBse%oB1j" /><g i="19" p="#^Qx5e%_E5e5H5e8IhebJse0K0fRKAfoLwgXLrhXLBiXLSjfLVkAKYlqJum3LYmXL6oPMfpPMOqPM1seMbtGLkuHK1vJJJvgITvnHZvWD$v%Qx$v^rB4h%rBdl%PDdlWFdlqG9lmH2lUHwkqI_jqI6jqIhiYHMhvHfhBG8h3G4hwD4h^rBbo%rB_s%NE_sJG_sgHTs3IJszI9s3JAr3JEq3JQpGIgphIIoyHsoPGbomEbo" /><g i="20" p="%^Nx$vNx5edB5edB$v" /><g i="21" p="#^GJ$v%uG$v%uG5uIFcvCELvxDhwrChwcAhwCyuu0xHs0xtp0xamzysk7AKiuCKiFEKifGyk%fG5e%GJ5e^wAepwAjr5BesWBAtqDAtBEAtqFAsgGzrgGzpgGknsFlmEEmloDmlaCmllBkmwAinwAep" /><g i="22" p="#^QwfBRx4zfyWxGyMw1zfvozKtzznsKz0rKzApKzGm6z4kuyuhPwOd%8zOd_Aqg$Bmj1Dim1Dkp1DTrdCOuiB3yczfB" /><g i="23" p="#^AJ$v%9G$v%9Gnp9GhnWFGmIF2mcFIlJEml1Eml8DmlqCSlJBlmsB9nbBYnbB7q%bB$v%Mx$v%Mx1j%YA1j%YAXkECKidFKimGKiiH8jeIyjJIbkcJQkoJElAJrmAJXn" /><g i="24" p="%^8w$vPAjpkw1jwA1jPCBmeF1jgJ1jSEapGJ$vsF$vPCZr9A$v" /></glyphs></font><font id="50" name="SimSunBold Charset134"><glyphs><g i="0" p="#^TJNb%pKobCMDc0NrdrNfeAMdfKLbglLKeYKhdTJNb^mIEl%AMElaNOkBN3k0OjjDO$h%OQSj%LPmkfLYq_E_t%OEftUIHqaMCmrI_mtHSn%rGBluHtlBIPjIJ8imKAg%AHAg%BGLg%GFwf%lQwf%BRme%ATAg%eLAg%TMzh%VLZhjKdkmIEl^gQpm%qSao%tRAoMPLqWNmsbR7u2SavVScwfSoxBRAyAQJwAPSuiN1toJEw6Eby%XDrx2MXtgQpm^$CNs$C9u5Dxx%3Boy9Bvs9BHm5AeqFxWs%expsQzVn3Bii%fzii%gyui%kxeh%9Beh9Bke3Bib%MDyc%$Cnd%$Ceh%UDeh%2Fbg%XGii%$Cii%$ChkVE0lDFMlmGvmPFLnhF$ooEtnvDXl$Cal" /><g i="1" p="#^KGQceJdekKefrLeghLmh7LtikK5jxJJjVIUhhI3geGld^LDYg%EGoi%NFjj%NFVsHFGuQGKu%lMKu9NGunNetCNNrJN5p%HO5pHOVrVO1t7P8udQzumPtwbNtw%5GtwFDmwRDlt%RDvlRD1jLDYg^KApk%FBpkFBInsBdpgBJqpAlryzZrryArkxarDyApXz_nKApk^AOtk%7P6kaSNmMSOnnTPoaTTpZSWq5SprdRTrVQ4qBQgoAOtk" /><g i="2" p="#^BCwfBCzdvCvb%6FKc%lEzd%lEwf%LEwf%JFFe%pHAg%lEAg%lEMi%cFMigGgh4HUfUHveiIBd%nKnf%qJMf7IDhXGMi%JHMi%TIJh%MKQj%vGQjqF$kxEEl%uGEl%sHNk%8JKmaH4n0FWo%ZFDp%cFjq%cFPq%1KSp%bKFq%cF0s%cF1wcFRxPCuyIChxoACw%oAOvXCawcD6wtD2wtDFv%tDmsAztt7z4u%VxTrczTrtD2rtD0qmD1o%kEwo%eGHm%VDHmzBSoPxJq%kx8qPzGodCHm%HAHm%IzUm%MyEl%RCElJDMkIEQj%9zQj%ay0k%exMi%BCMi%BCAg%AAAg%CzLg%Gywf^vMui%6MqjYMBoYNVqlPynJPui^4PFc%aOqdqNYfMMrh%JQrh%_Rhg%YTui%xRuiTQ1pTOisaRxv2Uew%2U2xxS2x5S$xuPiwPNvtRKQw$Foy%GFLx9KRv1NaswLromL7kQKnm7Jwo%xIao7LejqMob" /><g i="3" p="#^GHslMH0jMHTgMHJeGHmc%qJdd%fQdd%dRmc%PS_d%XREeXRYi2Sqk%cQ_k%cQQj%wJQj%wJOk^wJhe%wJMi%cQMi%cQhe^rGdm%xQdm%HRal%tThn%ENhn%ENVq%2QVq%dRSp%$SZr%ENZr%ENUv%0RUv%gSKu%8UYw%pIYwbHYw1Gex%$EUv%ULUv%ULZr%qKZrcJZr1Ifs%$GVq%ULVq%ULhn%RJhnDIhntHzn^EBFeIAReDx8f%DxjeDz_d1CedrEucnFNb%QG_dLF_doDqe%oDMi%tEMi%DFJh%pHQj%oDQj%oDfliF4m9GZm1HSniG0pAF9qWEGogEanoD1moDPvuDDx%yBoyEBvuEBhnoAzrmxFu%Yw7uUy2rXzio_AxlmBQj%gAQj2zQjUx7k%SwMi%EBMi" /><g i="4" p="#^YPTutR6w9RrwSQMw7PEvpNvuTLEsmKMq6KKnTJHklLhiPMTfYOse5R1daRrdgRRdUP_exO6ggN4i$L1k$L7n$LdqcNYrqOGtYPTu" /><g i="5" p="#^kxml%jPml%kRQj%GTqm%1BqmxzqmmyHm" /><g i="6" p="#^pFxsNDBuKBKvIzSwCzrwxz1wYA$unCYtQDMrhFzp5FGmVEMjEDRhnCWfYAKexzydCz8dIzKcEBZdBDcfmFBh7H_j3Hen0HtqpFxs" /><g i="7" p="#^TAoyZAUuZA7m5Aspixss%Sw2sQzenNA6i%Sy6i%Txii%Yw2h%ZA2hZA$cTAob%GDyc%JCod%JC2h%pD2h%GEUf%EG6i%JC6i%JC6kQE7lyF0mgGVmBF9oXEopdEMnvD7mJC4lJCUuPCKx^8NFe8Nhd1Nib%KPyc%TOod%TOFe%rQFe%HRvd%GTJf%TOJfTOxgZOrh%8N0i%8NJf%nKJf%nKrh%xIciEIOgEIJf%wGJf%yFVf%CEFe%EIFeEIzdxIob%8Lyc%nKid%nKFe^PGfqVGpnVGIlVG_jPGrh%tIci%hPci%8Qkh%LRKi%_Qqj_Qco4Rop%eP3q%ePVo%nMVohMYp6Mcr%xQcr%URYp%YTfs%TMfsRNttuPEu7RPvST$v%STQwxS1xVR5ySNCwZLfs%XLfsqKBxfDuy%4DNxmGZwXHrvxJVtaKfs%9HfsYFfsNEys%LDcr%iKcrsKsqyKVo%FIVo%FIBp^FIfj%FIZk%ePZk%ePfj^FI1m%FIRn%ePRn%eP1m" /><g i="8" p="#^8L0i8L_kYKRn%MORn%MO0i^iJYgiJzdcJob%cMxc%8Lud%8LYg%HOYg%xPUf%tRnh%CQfi%CQRn%DQRn%_RCm%2UVo%$LVo1Nvr_OttYQrvYT8w%YTXw9S1xCRbyxO6wZMAtqL2r3LVo%QKVogKPsVHTuzFWwdBoy%NAFxCE1wAGZtyIVr0JVo%NGVozFVooEbp%mDRn%7JRniJiliJ0i%vI0iiH0i7Gii%5FYg^TASiTAGdNAHb%GDWc%JCSd%JCSi%IDSi%YEJh%XGWj%JCWj%JCir%SGlq%1H7r4CPspAztKyiunyRu%2xpsDy9sTAJr%TAWj%mAWj9zWj_xdk%YwSi" /><g i="9" p="" /><g i="10" p="#^vBgcOEne$EufcFBgiEshoDiiYCIgwC5fZADc^BGNbBJ$dHJ7fOJegQI4hSHWhxHagcHpe2G8c^DPRl%2Pul%AQZi%IAZiUAZjNATkHANlOz2mVyjmjy$lJxHluyykfzpjFzMg%BAMg%HAVh%7LVhSMxeINBb%jQkd%gPRdEN2g6MVh%CQVh%HRMg%GT6jVRljDPRl^XDdvCGCveHAvSHxvSHOu%SHir%RAirDzirsyBr%qxeq%SHeqSHEpMH1o%2JCo%aMjm%uEjmgDjm5CCm%3Bgl%eMgl%pNik%gPHmiOCm2NgnOLVnCJ8p%nKDp%IJ8q%IJeq%APeq%dRIo%ATir%IJir%IJLvIJlx$Giy5H9xXD6w" /><g i="11" p="#^3JaufMLujNIunOFunOmt%MOef%LCefyBefnAwf%lzae%IOae%EP7d%zRCe%HQpf%jQBtjQOwXMJx1NjwWI3v^Ay7slBHrdNCm%xNlnjBltCALu^IDSgBHripIkjeJdkuIzlKHUmPGjlVFKjmDqh" /><g i="12" p="%^GDupGDguqNguqNup^EB5y#KBpuKBMn#KB6hEBycvDBdlNBdbOycjQ8emPWemPZs#mPTvsP8xqN$xqNkvGDkvGD8x^GDFeGD3jqN3jqNFe^GD7kGDqoqNqoqN7k" /><g i="13" p="#^zO_mnSKqWS0stThtASvuIRIv$QrtjQ9r$Nln^xGUd%bPUd%sQKc%qSYe%rIYe%sH8f^SHdvIKIv2LEvpLzvpL4v%pLHk%$GHk%0GUk%5FEj%DQEj%_Roi%2UHk%lNHk%lNOveNzxKKiyKK4xSH6w^3IOm%zKio%yJXoaHdthEUv%LDnvsGIr3IOm^VCylVCJv$CKx%ZAoy3B1u3B5n5AjqAxjt%2xIsKzho3BHi%YyHi%_xTi%2xDh%3BDh3BeeZAib%MDFc%VCud%VCDh%ODDh%YEzg%QGHi%VCHi%VCHkDEBlrFvmgGonxFxoPEGp6E2opDpmVCyl" /><g i="14" p="%^TFLeTFsljLsljLLe^fNwmfNKt#fNDvlNsxdL5y#jL_ujLZsjLwmTFwm#NFtq0Eft#gC1wWxiyqxJx#EAAveC2t#RDvqXDwmsAwm#fzwm4yOm2xslXDslXDLeOBLe#BALeqz2foyIdVOIdsQgcISLefNLefNslYPslBRWjYTwm" /><g i="15" p="#^hK5p%hKXu%6QXu%6Q5p^vLob%0O$c%5NEd8KZi1JWj4LPjTQFjYPcihOkg%NOOfSSuigTEjGTNkQSKl_RHmGRVlmR6l8RBkeNTkcLjlbJKleIqm%VG1k1IBjcJrhnKhfvLob^XRlpXRZv2S8x%6QVx%6Q$v%hK$v%hKsx%lI5yrIpwrIQsrIfplIan%5K1o%1Q1o%MQ4n%ISzo^aCuixBDkXzSpvBmqJCVq2ERnUEui^lESc%sDCd4DQekCrh%WErh%GFzg%vH3i%JGMiGFsolExr4GpsBG5t7HNtPG4vwGnwxF5vzEOtGDWsoBjwBxiy%exJxEAXudCcsZz$qbylqlzjmoAui%sAuifzui4yNi%2xrh%yArhsBwdHBBb" /><g i="16" p="%^QB7mQBGgcDGgcD7m_H7m_HtncDtncDWsQBWsQBtn2xtn2x7m" /><g i="17" p="#^_B3cxEad9FWdNFFesFvf7FlgAEtg1EAgtDefVCUdEBEc^wAkf%wAng%AHngAH$cuHvb%$Jxc%kJhd%kJng%DQng%HRkf%GTvhcSDhdQ7k%DPNj%GQrh%wArhCA$i4ALjyzukMyyk_xBkLxVjxxdjlyDiaz0iGzkf^oNTb%mPAdtOTdyNLeDMDf9LLg%EKfgFLXecM0eMM5doNTb^0Fjk%0Fvm%_Lvm%_Ljk^nLZtqNmuUNpunOsunO1u%nOxq%kJxqkJPvqJRx%uHoyAHRvAHxq%JCxq%JCcw%NAMwTABuTAKsTATqNAOo%CCtp%AHtp%AHzn%0Fzn%0Fgo%aDJogD0ngDClgDbkaDui%QEfj%1Mfj%$Moi%pOOj%KNtkKNSmQNTn%_Lqo%_Lzn%kJzn%kJtp%kOtp%iPCo%UQdq%7QUq%7Qvu7Q6wONYwmNyvdLLu" /><g i="18" p="#^TOKeTOMnZOtp%1Nrq%1Nte%ZDte%ZDLp%1CJq7Cvn7Csj7Cof1Cyc%YDpd%UMpd%2Omc%KP4e^VGCf%OJ3h%RIUhLIHkpIen4INp2HUr0G$tTDwvKB0xExuy%kxKxqApwfC$u5EAt6FDr8GFpzGLm$GRjVGCf^zKBuzKwvFLwv%sQwvXQwv8RUulRguyRPq%wSPqwSktNScu2T4vMTjvdTBwDSVw2SexdRex%IKexKIexKIUu%KI8pKIJnEIQl%kLhn%zK6o" /><g i="19" p="#^zD9qVCereC8soDnsSEKsBFUrrG9q^vzKcuBYd2CPeDCGfMBIgWAJhtAgg1APeZy6d^zHsc%IJYdQIfedI$eDHKfYFlh%nF_gcHXdzHsc^aDob%NFxc%0Fnd%0Frh%2Hrh%cIng%5Kui%0Fui%0FWi4HmjMHZjtIzk9IKlRHUmXGPl1GJk0FQj%0FHm%SDhn%cFVnEEhoZD5p%zG5p%jHeo%1JMp%7ImqbHxssG7tRHqtrIVt1Jou1Juv1JzwQHKvEGVutFmubC1xjxVx%8xexFBKv1EKtjCdtiATsJA_rQB9q%RA9qDz9qsyrq%qx5p%6C5pqCioTCOm%gD_m%gDyj5Btmux8o%8xynKAYkvCui%1BuiPzuiFyNi%Dxrh%gDrhgDeeaDob^xLui$LKnANirSOdoePui^ALob%cOXcnNmd0NbeFM$eDLrh%JQrh%_Rhg%YTui%9RuiBQppHOLsNQfvSTXv%STJw0S$wURVx0P6wyN_tyK0xVFuy%zFSx3KLvzMEsKKeoGK3j9KrlaILn%AHpnUJpjALob" /><g i="20" p="#^kAGpHD5pDFIo%NFvpjEYpcCGq5Anr2z3s%PxYpTyCpRzpoQAbnICvkABNkuAclpzDlxy1m%xx$jyyMjYzDgmBudIBHb%SD2dYC5e2CPf8BwhtzWj%ZCyjSDUhxEUf%yGgh$FXhzEbk8DqmkAGp^exCuAymudBHtSD0t3Gls%mGdtSEMtcCYuyz8wAySw^XIze%XIlj%AOlj%AOze^XIpk%XIhp%AOhp%AOpk^XIlq%XIIv%AOIv%AOlq^cHricHxe5HEc%MIvd%BOvd%rPsc%gRXd%pQPe%pQIv%KQIv%hSmu%8UMw%3HMwSFMwHE2x%FDIv%cHIv" /><g i="21" p="#^GHVm%GHgkGHyiAHYg%NIDh%1NRe%zCRemBRebA8f%9zOd%cNOd%AOQc%dQ9f$OpfMN_fxMzgwJai%5Kxi%qJ8j%qJjmkMfjlNJh%aPTj%2O0keKHmwJ0nXN8pyObqaPerDOhs4OjtSMyrFLNpqJLn%qJZsqJAu1HqvWGcuqErt%qEEsYGWsjHSsGHNsGHvs%GHYnvDYquC3s%TAfqbCTp7EXo4G_nGHVm^vCqi%$CVhqFjj4GgkKGdlQFfmXEhnBE3mfERkvCqi^JPwv%JPqnJPklDPMi%qS$j%zRXk%zRKtzRrvFRqx%JPiy%JPzw%7Bzw%3Aqx%AyXv%lz9v%lzFmlz1lfzoi%2CDj%bBtk%bBwv" /><g i="22" p="%^KBlzKBraPCraPClz" /><g i="23" p="%^iFyt#iF5uBFku#VFyuuGyuBHyuBHCvNACvNAyu4Cyu#LCyu$Cku#gD6ugDytgDDqSwDqSwQpYDzeiFzeiFApUHApUHDqiFDq^zDrhdyApgDApgDrh" /><g i="24" p="#^6Add%kOdd%IP3c%LRFeqQFeHOEfYMDgOJJi%GKkj%CJ0k%CJsl%SPsl%vRWj%STwm%CJwm%CJtvCJsxDGoyDGUwtD1w%tD7viGpv1HpvMHpvGHku%GHwm%sAwmfzwm4yOm%2xsl%GHslGHCjAHkh%8Jci%bOhe%wDhejChe8Bze" /><g i="25" p="#^MG7d%8Jxe%jI4fYHYfvHzg%aKzgaKtd3KBb%MMJc%VLFd%VLzg%8Ozg%vPkf%nRDh%VLDh%VL3l%AP3l%XQQj%VS7m%xN7m%xNNrrNWszOQs%3QQsKQWsUQcs3RurgR$o%8S$o8SYqgSJroSushTIsKSsuJQmu%LNmuILfuOLis%OL7m%_J7mIJzs$DLu%FD8uTHvr9I7m%iG7mzF7moEqm%mD3l%aK3l%aKDh%dHDhpGejUENk%kEqkBF9i6GagDGbeMG7d^xC_siDXtNEMugGBvrKLvCOUv2Ujv%2U7w2SIw2SPxnNJxzKCxMHwx$FTweEfw4D8vXB1uCBSthBHtcAOu7zUvDySw%SwnvHyDtNAJs%NAsl%Nzslfzsl4yLl%2xpk%OApk%yBrj%oDQk%xCDl^xz1d%6AQcMBYdnCKe$CvfUChgOC2h0CxhfB0iZAHgIAmfxz1d" /><g i="26" p="#^YQqklPDpxN0s6QfvST8w%STXw4S1xLR5yKOIwuMdtvJywFE$x%kEnx0JavCL_rNJyoeJ0k%FI0kFI9mmITo4IBr5HRt7G5wcDiy%ICMxuFSu8GIrPGxoPG9lPGNhJG_d%rILeJMDdVN6d5PAcdQZb%RRhetQheBOGeJM2fFIGf%FIZi%bPZi%fQ$h%XRKj^bK0k1LPnDMJq6O0o2P0k^PCslPCJvVCPx%TAAyZA1uZAwm6AdqDx7t%2xMsEz0oNAoi%Tyoi%_xAi%2xkh%ZAkhZA7eTABb%ADXc%PCMd%PCkh%CDkh%MEhg%EGoi%PCoi%PCvkWEIlBFvmgGhnFFDo2FYppEtoMDZmPCsl" /><g i="27" p="#^cHcicHnd5Hob%VJDc%8Jzd%8Jci%SPci%vRGg%STfj%8Jfj%8JMj3KdnzMMq3PiuMTzv%MTmweStwvRDx3OEvKLfsqJSoMIml3I4reFYtpCQwpxoy%exDxHA7wXCZtcFOr6GZo0H7mcHfj%Wzfj%sysj%xxci" /><g i="28" p="#^MHDgMHGdGHHb%MK0d%IJ2e%IJOuIJ9xPGbyVGZwLDJv%LDRu6GdvXGdvMHdvMH7u^mDJh%TFxj2F3krE4lRD5mkCboQAgq8yys%Dx1sWyxq8AEonBKmaCUk_C1jmDJh^7MciXPeljRImHSaoXSmpbTxqlSBrwREsVQ$qjQlp1PjnLNglCLJi" /><g i="29" p="#^BHvcmFXehExhcD6kcDXmcDTphEpsmFXuBHox%TG5y_DCvDCRsgB3qgBXmgBVjDC8h_DneTGNb" /><g i="30" p="#^2xvc%MxNbFAne0C9hoDWjoDXmoD3q0CRsFACvMx5y%2xoxhzXumApssBSpsBXmsB7kmAxhhzXe2xvc" /><g i="31" p="#^cJ7i6JAd0JHb%VLWc%2LMd%2L$h%PNKh%zOGg%pQ2i%DPRiaPJlsPGpKPCtzR7v%SSPq%GT_qnTfseTXt5TCvCTUw8UbylSyxzQVwhP_u$N3tINlqqNDnONNi%1L2jYKimtKDoBMDp6NqqENdrcNgsNMjtWLds4L7r2K3q7Ixv9Duy%OCVxXGzuxIep7HioSFEn%0GUmxHonOIXn6JkmcJ9j%eHlj%mGJj%5Fri^Ywioay2oEBHm%EBii%mAii9zii_xAi%Yweh%EBehEB7eyBvb%lELc%uDvd%uDeh%nEeh%xFbg%pHii%uDii%uD7m%OGHk%7Hpl%uDtn%uD0vGDrxTAoyZAax$xdw%$xpvzAIv5BGvEBDvEBOu%EBeosA_o$yPp%kyrq" /><g i="32" p="#^PG4e%6P4e%zQQc%qS8f%dK8f0J8fRHqf^GH7vuKjveLjv_Ljv_Lpu%_LUk%BIUkoHUkdGal%bFQj%lQQj%VRui%MTUk%QNUk%QN_uWNGxXKbyXKPwGH2w^6DHb%cFndrEGdQCwfdBmhtyfj%5yHiNz2h9B6fxC9d6DHb^GDXm%GDqx%KBoyQB1wQBHm2AXoIxrq%kxTppzKnfBgl6DOibEng%aG6i%eFJi0EvkcDnl%fEfm" /><g i="33" p="%^lROvzSArnTAr#$S4v8T$v#hTXwzTOx#STGynSky#VQ_xYOww#$M2vJLCs#sKaqPJBk9GNkbF4l1ESjHJyj#vJqhoJNf#iJ8ecJ3c$LpdeLee#kLQhvLrjSPajcRVhnTZjDLuk#bMQpTNjs#zPOulROv^8NRdiN7d#iRqeMRof#eSlgzRhh#VQci5QTg#iPxf8NRd^oDZjoDdu#oDPvuDJxsBuy#yBRvyBjuyB0k#HzAnnxApSw4p#7yjndzsl#kAAjqB8h#wCIetDobZF0d#8FydhEjf#rD3hJCgi3Eaj" /><g i="34" p="#^5B_k%5Bls%zDls%zD_k^lzMwrz3trzqmXy1ogxGp%Sw9ppyFmmzUjjA7hTAze%yAzelzzeayRe%8xvd%aEvd%yFgc%jHze%LCzeRBFh$ASj%bBWj%uDWj%7E3j%TFtk%cF2lcFQsiFtu%zD1v%zDpt%5Bpt%5B5w^3IqmrITiLI1f%eLcg%mKYg%IJIm%dOIm%ePhe%jKhe5JheXHze%VGdd%hPdd%7Qgc%RRMd%ZQye%XPIm%hRIm%1SQl%MTmn%_SXnjSSuVRMvwRFw_Q7xtQBxSO$xYOvwOLxv%YLKuFPpvVPivaQbvnQMuBQlulRLn%AJLn%OIwo%oH$m^tFJq%nNJq%DOAp%vQNr%UINrGHNrvG3s" /><g i="35" p="%^8xTx#zzNugA8s#ZAvp0BKl#3BZhZAIdPCFe#aIbeHLqd#cPFcwQZb2She#zQbe7MPe#HHqfVCIfVC9jSP9jdRVhbTdkVCdk#$CMpKBQs#uAUvGxoy^vQ4pvQQt#vQivCQAwGOexGOwvyGwvyGYwwEJx#IEfvIEfs#IEfpCEUmyGLnCOLnHPOmgRpo^yGPoyGsuGOsuGOPo" /><g i="36" p="%^2GkoCOkoTPanRRopAMopAMjvxQjvUR4uYTnwyHnw#kGnwaFFw7EjvKKjvKKop8IopZGAp^QK5k#THYm3FkoIELn#6IZkZJPhVLIj^FMaj$MAi#5QMjcRxk#jShlmS9m#qS0nNRGn#9RkojQPm#uPhlFMaj^$PcjTQ9hIH9h#IHMhAHni#tH_iQGgj#cGyjyFej#UEViIFSh#xGPgRGXeIHXeIH5g$Q5gSR7fGT9h#oS9hCQyj^vJDcRJ3c#4MZcSMvd#EN0euNPe#kNCfKM$f#8MngELnf#9LmevJDc^ZFBlPCynPCIv#ICrxvAoy#vAgxxxjwxxwv#TzUvqAPv#ZAKvZABuZAko#KyOphyrqSwko#ayYnZANmZAPhfzPhZx0i2xMgZAMg#ZAzdTAvbMDKcPCGdPCMgdDMghEOf3GPhPCPhPCdmEFTk" /><g i="37" p="#^dLVhdLxe7Lob%WNEc%3Nud%3NVh%GPVh%WQMg%VSZi%3NZi%3N1o%JQ1o%_RUm%YT5p%3N5p3Naw9NJx%7LuydLytdL5p%fH5p2G5pTEop%RD1o%dL1o%dLZi%wHZiqGxlQEzn%eEdniFSkVFGixGugYGId%qJYe%CIJfgIGgOHVh^ZAuy3Bgv3BEt%3BJj0zonoxVo%SwpoFxcnFyBlFzZjUAih7CDebDob%BFZc%MEJd$COgrCOh%GDIi%VCvj%VCmtVCav$Cwx" /><g i="38" p="%^eJ6ieJXnDPXnDP6i^iH2h#iHzdcHob$JDceJzdeJ2hyP2hoQUfkSnhtRfitRIn#tRNozR3qDPJqDP$oeJ$o#eJ4wkJqxcHoy#iHXviH$obB$obB2qfzWq#lzXolzIl#lzsifzbg$A2h^bB6ibBXniHXniH6i" /><g i="39" p="#^RPAp%RPLvRPLxlNuyfNhxTJqw%TJwvmNUvGNNv$NGv$Nmv%$NAp%sHApeGAp3FSp%1Ewo%$Nwo$NPlVNpk%CQLl%RPum%RPwo%DQwo%URnn%STAp^EHSpxJ4r5KSrGKDszKitsKYtDJyuPI7vuIAtaI0s5Hdq^2LFdkKteIJ1f%AP1f%yQae%eSVf%hRwgHPBinOPj3N0lDKumcIXnkEDo%kEVnVHPmNKHkGNzirP5g%bJ5gIIGgtIRgwJoh8K0iMKEiFKnjyK6kPJyk5J_kSIVjEIPi_HrhYGUiIEBk%kE2kAGrhLHsfXItdJJob%6M8d^qxmg%Zx$ffAvhPAkinB9jgBZjaBMksAjlLzRljzikUyKiqxmg^7CoydCyvdC2oDBbpkAOq2zpsFypt%MwGrDx8rczMpNAnodCRmdCke7CNb%KE6d%ZD7eZDBsZDZtZDlv3Ewx" /><g i="40" p="%^qNylGDylGDemKBUm#QB6lQBGh#QBeeKBgcuD7dnN7djO9c7QGdgPme#gPjkmPXlqNHm^GD0iGDvkqNvkqN0i^GDbeGDYgqNYgqNbe^8zRn#GBlpSCCq#3ETreDpt#qCXuLBct#5BtrMyoo^TJjvTJdmAMAnJLooJLTt#qOPqgQ4nqS5p#lRmpQP6r#kOSsJLVuJLjvAPjv6RTtnTnwXAnw#JznwzyFwxxjv$Ejv#$EioUE7mIHunQGdoQGjv" /><g i="41" p="#^6ABd%LNBd%iP9c%tRFe%wDFejCFe8BYe^8xQj%fQQj%ORoi%YTUk%wJUk%wJfvCJtxzGiymGCwaDLv%aDXudGdvUGbvAH8vAHdu%AHUk%yAUklzUkayal^jDjm%NF2o%KEAoHBetyx5w%2xzv5BvrjDjm^QLUmGPEp5R0rwSoszSetCS4u_R2vnR$vFQyuXP4tIOoruNHpjLqn" /><g i="42" p="#^bLpvvNOvdOMvYOJvYO_u%YOCf%KHCfxGCfmFVf%kEze%PQze%4Spd%2UCf%IQCf%IQFvUQrxkOoy6Obx1Lcw^bFyshFVphFtnhF1lbFoi%RG9j%GK9j%qLii%fNHj%uMnk%uM$nuMtpAM0r%EKNr%EKlq%1Hlq%1HUr^1Hdk%1Hhp%EKhp%EKdk^NAoyTAstTAxr%TA7kaAYlKx8o%kxCnXzYjaBHgpCpdTCBb%iFad%oEVdaDkgkC3i%oDPi%DCwj%DCstDCDvJCwx" /><g i="43" p="%^kCgt#kCEwrCXxvAuy#BAOuBAEtBApk#jz4nwxVoYwyo#OyBldA9i#FBIevCBbWE4dVDPd#pCihYBki5D5jkCOj^vHEjvH1mnO1mnOEj^vH5nvHtpnOtpnO5n^vHxqvHWsnOWsnOxq^vH_tvHnwnOnwnO_t^BJef#HJhdBJvbiMLcwLudrLefoPefKQ_dPShgqLhgkLAikOAihPDh_Q8j7QPj7QnwDQnw_R7v2UqxDFqx#qEqxfDJxdCnwMFnwMF_l#MFRkGFPhjHAivJAiBJhgZGhg#LFhgBEAgzDef" /><g i="44" p="#^6GblkEMm1EYpUCIpUCYnUCbmhEykHFViSFXh2GZglFZfEEYeFD$eGC1fYBFffBggaBAg5BTgwB6hYBlhYBXhYBxiEBUilBfjKAfj8AfjKzKilzdiuzdhEzdgBAgfzBieJC2eUDOdZE$d2Gce9HhfgIlg3I_hTHCj6Gbl^yE$quFurxFBsBFHtCEduDDLuKCkuRBUtKBLsEBBrDC3rCDxqyE$q" /><g i="45" p="#^FI1fwLMgzLPhDLRiVKljbKQjLJqikJ0hfIsf^qS9g%uROg9QIiROQj%hOtjEP0hbQLe^gMTk%gM5hgMSdaMHb%HO1d%WNSd%WNTk%lQTk%pRWj%5TXl%WNXl%WNbnCQMoqRIpeSEqDRKr0RQsqQPrRPOqbPSpxOWoWN2o%WNisWNYt0Odv%aM5wgMHsgMko$Kpr3IOt%GHftAKIp_LXl%bLXlZJXlOIdm%MHTk^eGEv%eGDgeG8e8Gyc%LIGd%UHIe%UH_v%JQ_v%_RRu%ST2x%RH2x%$GVx%hFww^az6k%UC0kSDliyEzg%yG4i%JFIilDvm7AMp%ZFVo%ZFJpzA$qezZr%5yRp_yBpSzEoKAGnBC_kkzyluydm%qx6kty6kMz_g4BSdxBZb%SDld%2D5eSAbiaz6k^DxKuUyKuVFQs%3GBtXzYvTyYw" /><g i="46" p="#^DPAl%TQsj%BIsjoHsjdGJj%bFoi%QKoi%QKbg%yJbglIbgaHug%8G7f%QK7f%QKFdQKPcKKvb%lNDc%AMtd%AM7f%5P7f%mQ_d%eSbg%AMbg%AMoi%PQoi%GRrh%MTJjbSJjbQXl^eH6kHJCkaKalGKKlmKOm2KSnaJPmjIMlVGIk^OFCmNIpn5JboqJYoZIOpxIDqRHEp9HEotFan^8LlqpL1ndLrj%KNAk8Nkl5NGm3N0oTMlq%rQlq%OR$o%MTor%QMorFMbsoMWsSQouHRavwSYvdSgxWRAyDQ6xkPFv2MHtaLlvjJtwsHCxqDoy%gDCxdHjwXITuFKqt1Lor%KHorxGormFHr%kElq^eBZb%ADfdzC6eCBYfGAOhazWj%BCEjnDfi2E5g%aGthfFji$DnkMCqmeAtpWBbpDFCo%NFqpBDYpRBtq5A_q3zNr%PxFpHyppCzioxAbnjCBkJAZk_zflfzwlmy1m%exQjbyQjuzXgOA2eeBZb^kxCutzgufBUt2DwtPFWs%ZFItqDyuoBivmz2wByFw" /><g i="47" p="#^iDRl%iDzn%fIzn%fIRl^sBfqyBamyBDh8AGjjxsl%YwUk7zYiQAsgxCXduDib%NFZc%QEnd%uDef%bPef%sQ4e%kShg%$Jhg%$J5i%8O5i%iP2h%4R9j%$J9j%$JNk%YNNk%5PKj%UQRl%$JRl%$Jzn%$Ozn%gQpm%8SDo%iDDo%iDIp^xHBbBJicgK3dYKPdaKVeoJ$fQIFehIidcH9c^iDhg%iD5i%fI5i%fIhg^iD9j%iDNk%fINk%fI9j^MHxqMHmpGHeo%hK9p%wJ0q%wJxq%PQxq%4Snp%YTBr%zKBriMgtyOouPQwv2UQv%2UwwzSPwfSPxtP1xqNDvnLcuIJBr%wJBrwJawCJCx%GHuyMHavMHHraGQtBDov1BXwcxby%2xrxCAQvZC4ulFks8GBr%sABrfzBr4yTr%2xxq" /><g i="48" p="#^vFYc%DEBdmI4fjJ6ghK8hLJfidJljkI9irHZgjG1gbF5fbEne0ChiUAyj%NB6k%bG6k%9Hfj%LISk%_HxlUHNpqHLqZGJr0FysoE3rOCzq%OCMpSE8qhF1qIFVpTFap2Gro8Gal%YBal%YB7uMBpvRCpv%QHpvkIpvxI_uKIyuXIPq%NJPqUJys1KFtaKLuYKhviKKwjJUwlI2xQH2x%hC2xcA2xcAOu%cAdkczYlkxnn%YwQmAzzj$AAgqCAdZCvb^ENfi%ENnoENFpKN7r%OLHrUL8pULIlULgiOL5g%iOjh^RM7w%RMdvMPwvdQrvGQmvGQBu%GQtfGQeeAQZb%bTcd%wS1e%wSgvwS9xXP5yjPPwRM7w" /><g i="49" p="#^VENm8Ekr$CvtdEAuhGevlIUvnL_vqO4wYTwv%YTiwtSUw9SPxcPVxKLSxgIPxZF1xGDfwcCLuVAwwBxiy%exIxIzZvgBLtLzErZyKo%JzqoMARqQBrsCCwqaDwm%zAwm%Iznn%byPl%jzdl%vCJf%rzJf%syVf%xxFe%ECFe%CDOd%cFrf%aE1g%OAsl%iDsl%3EBk%HF5m^IQTiIQRkOQXl%YOHm%YORl%PLRl%PL1o%2O1o%cP_m%_Q5p%PL5p%PL6r%SP6r%7RYp%$S9s%PL9sPLwtVLrv%ZJ5w3KEt3K9s%SF9s%TEms%XD6r%3K6r%3K5p%hH5p%jGhp%nF1o%3K1o%3KRl%hHRl%jG1m%nFNk%3KNk%3KTi%SFTi%ZE3j%1EPh%3KPh%3K$f%oH$f%vGbg%zFXe%3KXe3KbdZJvb%GMLc%PLAd%PLXe%VOXe%SP4e%tRBf%IQgg%IQPh%DQPh%NRMg%GTTi^PL$f%PLPh%YOPh%YO$f^PLTi%PLNk%YONk%YOTi" /><g i="50" p="#^nFme%SNme%jP7d%gRqf%dIqfAHqfpGJf^OEUqTFFqHGFpwHEotI1nqJplNJpk%AGpkSFpkHEHk%FDlj%GPlj%dRVh%hTpk%zKpk%iMFlpLFlXJGnuIHpQG$q%SOEqdOzpLMLn%hNnntPFoCQPpLRZqBR_rsR$sOQst8QUtNP_srP4sePBrtK3sPIrsaHPs6Gpt^9zQc%GzscLBsdtCbecDVe5DKf_Cyg9C8hlBJh0BjgIAVe9zQc^DCvsnDmtTEcunG1vfJav8MjvLOdvmR7v2UKu%2Uyv2S7w2SextNexCK8xMH2xYFjw8EAv5DAu2CAtGBvtjBptgAwudzCvAynw%YwNuByltTAqs%TA4l%sA4lfz4l4yml%2x0k%OA0k%xBZi%uDsk%DCel" /><g i="51" p="#^oA1vUAougBvtzAvt6AatFzQsvzhslzKrszerzzKqdAfqTAMpSB_pRCbq9D3ruDWr4DbtHCruDBBvAALwDzRwGyYwhzjwUzGvoA1v" /><g i="52" p="#^eOWq2NcrIJzr%IJ$vOJSx$Goy$GaxqEpw%qECv7HOvyHOvZHOvSH6v%SHNruF3s9ErsRCPsNBjt%HA5r$BKq_DIpZFFolIznnHznDFLnTDXnsCwo%sBtmXCemAE3ldGUj$G3j%kA3jwAikbAZkSzDlbzNlxyXlTxHlexql2ymkTyijozYg%cAYg%iA$h%AH$h%AHJf%hCJfyBJfnA$f%lzFe%AHFe%AHsdAHxcuHib%nKlc%qJ6d%qJFe%fOFe%UPjd%RRJf%qJJf%qJ$h%rQ$h%iR8h%hTdjPRljDPLl%2Pol%oQ3j%IH3j%eJ2kcIckBGil_EomSDvm%gJqmxKwlJL0k%ENTlCM1m2L4nuJ6oMH6p3G6qfEJq%IN$psMYo7LZn%tLnnnOsoqPcptQYpGQGqUQnrkQisNPdtePpsIOAreOWq^6LKsBP5uMQMuXRqv_Riw2SaxARGx7Rby1QZwXOLvXKnt^sEEs%mGFu1FFu7DLvdBRwMx$x%qxnxdC_usEEs" /><g i="53" p="#^XPYd%XPytXPrv1Qxx%$Niy5O4v5OZs5Oee$NNb%OQ7d^qJJeqJuiwJYj%AHvk%AHyj%hCyj%nBgn%5Ign%XIjm%SKWn%TJDoqJtrQIDtfINvkHEwqGvxCEPxIEow7Crv%7CEupE1vbF4v_F7vjGJuEGju6HGsAH0r3Iko%fBko%uAbp%MyxnAz8nXzNliApkEArh%mCui%AHui%AHze%zCzemBzebARe%9zvd%BHvd%lIyc%bKWd" /><g i="54" p="#^4CRs$CqtXCtuUCwvYB1w1Bzw5A1w9zwv6zqu3zjt5ANs8Bfs4CRs^6C4n5Dzn5DJo5DTpYBmqPAQqXzfq3zFp6zCo9zzn8A5n7BCm6C4n" /><g i="55" p="#^aDMp%TF7r%6FRr%6FIu6FxvPFCv%MLCvpMxvDMFuRMNtXMur%PNurWNBt2OouaOav4PovjOexDMex%rFex4DexgD3vgDaraDMp^2G_o%pGqoWICpRJsqMKhr$JyseJOtzIpsVH$q2G_o^ONPq%8OeqbQ2rkRLruSrsHSftVS3ueS1vzR$vOQtu2QWsONPq^tAxq%hBxq4BPtCALu8AGvjzRvuy$vSxvvex$usyWtGzQstAxq^UDZbBF_cpGSddHKe0HCfPGtg1GYgfFrh_E0gJEBemDlc^EBMpKBdnKB1lKBRiEBzg%oDkh%6JkhLKkeCLvb%0Ogd%ZMGdpLSf5Kkh%xNkh%hOng%7QLh%mPyimPhnsPWo%wNAp%wNwo%ADwo%ADdp^ADoi%ADtn%wNtn%wNoi" /><g i="56" p="#^vLzgvLVcpLob%cOSc%fNGd%fNzg%rQzg%HRqf%ATDh%fNDh%fNsl%uPsl%KQik%CSwm%dKwm0JwmRHOm%PGsl%vLsl%vLDh%mJDh9IDh_GWh%YFzg^AHiyGHXvGHatGHpqAH8o%qJ$o%MP$o%KQ8o%kSLp%tRqq%tRdutRkwzRlx%JP$x%JP5w%qJ5w%qJxx^qJ3q%qJ1v%JP1v%JP3q^eAAp%QGwo%QGkpsFGp0DnqAA4rezZr%$xUpTyvpwzSoaAdoBCalKBmlIABlHzQlxyqm%xxckAyckQzzh4BVeWBTb%lEad%qDQdrBBhzzck%_C7k3EpiREMg%XGhi%_FVilDpmeAAp^FyYw%xxIu4zsuXA1uOCBtYGrs%7HdtWz3wFyYw" /></glyphs></font><font id="60" name="SimSunItalic Charset134"><glyphs><g i="0" p="%^GQPe#nRLcIRtbDTtcCS8d2SPe2WPeRXxdTYnfRRnf9Rrh_TrhEVggCW1iYQ1i7QtkIUtkwWcjxX3l3K3l#hJ3l6IllxHtkLOtkAP1ilN1i#zM1inLkiOKrhNPrhuQnfMMnf#_LnfPKHfeKPe^SKBnbKxpCRxphSBn^$J8qeJnsFQnsqR8q^YJemYK0nhS0naT7mkUinsTUnMQNv#eQFxLNly#bO3xLLuwTL5w#vNbwsOew#qPhwFPjvsQZs1JZspHLxPFry#VGvv3I5s#dJGoYJem^YFtcjGfc#GHrdYHae#fIVePHBf#oHggCGJg#QF9h8GOf#sGqeYFtc^SA_jnE_jtF$iJGhkCFYkECFtgHqqsHJq#DDXtgBzwqA$u#0BruhBFtnEzkoDzk#CCzkrBRk" /><g i="1" p="%^hH9hbGnktLnkzM9h^WN9hQMnkpSnkvT9h^$FYkSEho8KhogLYk^EMYkvLho4RhocSYk^YJTbfKAb#mLmc5Mcd#RM1ezMIe#hMnfzLWf#RKtgPKYe#OKrdYJTb^4Kus#JIuwoILxBGry#RH$uIIuspAus4zFszyTrVITrXJSoGESogE1qCCDq#DDUnyE9l#uFqijGHfAHzg$Ozg#2QufiR_d#yStccTobFUSc#NT8dwS7e#gR5fBPzgvTzgAUHfKVSgDUyh#CSvn4SmpvQXpTQSojLSohKTrBRTrHTjq6Vus" /><g i="2" p="%^PA$u4Cjr#GCxp4D4o0FfpVDXp0CvvTHvvSKJmfDJm#_BJmOA0ndA7m3L7mJMfhSGfh#BFfhqEyhRDFgWMFg#2OldyOAbzQSclPxdhOFglUFgVVuf4Xfh5OfhrM7mfU7mXVRkaXJmeMJmfJvv$OvvcQ_r#ZQLprR4onTfpgSXpCQQu#0QzwNPzx6O7yPO5wPB5wTATwOzIv" /><g i="3" p="#^SFll5GGkzG$i%CIak%oHRk%EDUv%xIUv%tOqe%wIqeeHqe3GIe%uFPd%_VPd%YXmc%jZqe%QPqe%dN7m%$R7m%QTMk%7VJm%0NJm%UJUv%RPUv%XRku%mTuw%wAuwfzuw4yNw%uxUv%hCUv" /><g i="4" p="%^SPcf#hOFgLM1iLNPi4RPifUcf^jRtbRSLcSR1d#8RKdmQBemUBezVEdFWif#aVnfFRPinVPioWQhuXViAWBjoSUv#YRsxQPey#aQZw_Nuw7O5w#iQhwHQ8w#5R$vhRpvGSjrgPjriN3xVLLx5OjrAKjr#wJytOHjv#4G3xzDryrDey#WFowuHlu#3JhspKuo#LLGkDM7i#6LojIJnkuJak#yLqiEN7g#KPPdjRtb^sNojiMPmCPPmNQoj^YRojNQPmcUPmnVoj^5MpnTKJqhOJqqPpn^BQpnsPJqTSJq$Tpn^mEKl$BFs1FFsoHKl^rzuw#BAmtJC6n#SA9p0zxqUyjq#5D1mPGnfdGnf#YEnfNDHfcDPeeKPeVLEdSMnfnInf#rGdimE9luH9ltIhkxJslzI1m#MGjrVF8ukEJuQEgtOBgtVAUv" /><g i="5" p="#^oFfh%hDvn%mIvn%tKfh^4D4o%LAWu%QFWu%9I4o^xLQhFHgtzGNw%XEzx%DFvv%yAvv%_zax%myYx0AmtyBQo5DhkxENf%HFFg%GGFgNIldtJAb%dLLc4KfdfHFg%uKFg%NLHf%LM9h^qSHb%8UYcbTrdlQXg%CVXg%2XTf%0Ylh%VW1iQSrtZRZu6RuwhQ3xsPFxWN7yYNzwuLNv%FLjvXNNv$ONv3QNvTQ8uHRusCVyh%XPyhdNnkCKkm%nK7mvN$iiPzg6R7eqSHb^pNfl9P0niPborPmpjOlqcNjrxNmpSNpn7Nyl" /><g i="6" p="%^PCrt#FBTwlB2yJzxy#0B$upBRtIEak#ZB0nJzLouzAo#jCKlZEdi#DHIerJHb3LYcTJxd#5H9h9Gqi6H6j7GHj^vLojwKkm1Skm1Toj^jKVmjJRpQQRpQRVm^6Jqq7ImtEPmtEQqq^WHXtWGTwrOTwrPXt^vPnf#mQ8dOQAbGSFcIRfdTQnfgVnfZW7ebY_fGQ_fBPPi1TPieUQhgV6jbUHjJPTwBQTwiSCvwTsx3Fsx#ODsxDCLx2CTwFFTwlJ1m#KJRkCK1iHLPifOPiiP_fnM_f#6L_fWJgglJnf" /><g i="7" p="#^FM9h%0Oki%cNJimOtkLPpl9RkmHSPmeUinTWBn%MWUnlV4oyUfpISGotR_neQinVObmAN3lJM$isKMk_GMmxDLo1zeq%3zRp$BGoTEZmLHflBJRjsLqiFM9h^dF4o%DN4o%3P0n%3QGo%MHGo_GGoOFZo^0BryLBzwsCtuaDnsNDjq%XEcr%wOcr%QPeq%NQIr%IPhshOuw_NFx%jMey%PMNw%2DNw%HCRx^LEOr%fDbw%$Mbw%wOOr^GKYc0K8d6I$e%CM$e%2OWd%2PBf%_IBfAJ9gYJVglKEhYJeizJPiVI9jfIvjnIPiwI7iCIfhJIngvIBf%DHBfwGzgjFEh7EJiKBhk%EB_j$DXhQFRfGHKdYIHb^wTLc7T1dqSGdJRje$Q$e%hW$e%JXWd%JYBf%2TBf_TgguUYg_UEhGUhimUViGTlj_SNj0TYi3T7i0TohZSFgtSBf%wQBfmPFgTNQh%zNEhZO4g9QtelRSc3SAb" /><g i="8" p="#^pNtbePacyPPcTPrd2PgeeO5f5OWdYNLcdNNb^3Urh%DVuf%KMuf%CNng%HMMg%RKqi%XTqi%MV2h%3X$i%HR$iHPRk3OXlHQwmPR6nXSHnySGoaSEpqR6pGQAoGPXnGOin0NJmWIZoxBsp%GB3p_HhoTLkm_JRllGllJHak$I$i%pE$i%tDcj%YCqi%vJqiBLgg8Muf%uGuf_FXg5FxhdE7iADHhYCfhcEzgtFTfDGWd%0HWd%HGVe%JVVe%XWWd%3YuftXufyW1gEVzgjUEh^nK$ioJUj6I3lbKflUMDlqOzk1Q$i^_GrycI6vpJBr1Ebwxw7y%zwLxbDvvXHjr%cBjr%3Avr%yzJq%IJJq3KEptKbo%tM9p%oLLp%3LJq%ORJq%MTfp%7Vjr%ELjrKNvvLTUv%DThw3SzwiRFx9MNv9Ljr%SKjrlJNvPIFx" /><g i="9" p="#^$EWqUFjrUFisVFgtlFbuNE6vTDCv_C5w$B5w1B5wwAjv$zxugABtxAFsdBXrWBcr$CTq5Exq$EWq^AB3vnCCvvD1vDEruYEjtiFbsuEIrGDcrBCOrwBns8BstNAxuAB3v" /></glyphs></font><font id="70" name="Times New Roman"><glyphs><g i="0" p="#^Zz3f%ZzzfUy7gqyKgZxlhZx3iZxui5yFicyQimyQiwyQiNyKi3zEihzEiNzEi8A0jwAnjwAWjwAvk3AWkDzllYyll7ylltxEkPwXjPwUiPwGhDxDgryzfZz3f^OF5f%OFzfzEggaEQgNDohND9iNDuiWDFi2EQicEQikEQiBEKiSEEi8FEiEFEi$F$inGmjnGUjnGukVFWkrFmlLEmlYDmliDGkFCZjFCXiFCFhtDBgiExfOF5f" /><g i="1" p="#^oxml%oxRkDy9k$yBjoz0jozgiozXhhzMh8zBh_yBhSyBhByHhkyNh3yNhyxNhaxqhPw2hPwxgPwXfhxvfLx3fqy3fez3fTzMfxAsgxAwhxAOiIzSjUyWkoxml^dDml%dDRkhEikLEHjdF3jdFlidFWh5FLh_EBhQEBhGEBhpEHh7ENhWDNhqDNh2DphGC1hGCvgGCWf7DvfAD3feE3f3F3fJFNfnGugnGxhnGLizFOjLERkdDml" /></glyphs></font></bwFonts>